Id,MSSubClass,MSZoning,LotFrontage,LotArea,Street,LotShape,LandContour,Utilities,LotConfig,LandSlope,Neighborhood,Condition1,Condition2,BldgType,HouseStyle,OverallQual,OverallCond,RoofStyle,RoofMatl,Exterior1st,Exterior2nd,MasVnrArea,ExterQual,ExterCond,Foundation,BsmtQual,BsmtCond,BsmtExposure,BsmtFinType1,BsmtFinSF1,BsmtFinType2,BsmtFinSF2,BsmtUnfSF,TotalBsmtSF,Heating,HeatingQC,CentralAir,Electrical,2ndFlrSF,LowQualFinSF,GrLivArea,BsmtFullBath,BsmtHalfBath,FullBath,HalfBath,BedroomAbvGr,KitchenAbvGr,KitchenQual,TotRmsAbvGrd,Functional,Fireplaces,GarageType,GarageFinish,GarageArea,GarageQual,GarageCond,PavedDrive,WoodDeckSF,OpenPorchSF,EnclosedPorch,3SsnPorch,ScreenPorch,PoolArea,MiscVal,MoSold,SaleType,SaleCondition,SalePrice,Remodeled,Age,Isnew
1,60,RL,65.0,8450,Pave,3,Lvl,AllPub,Inside,2,0,Norm,Norm,1Fam,2Story,7,5,Gable,CompShg,VinylSd,VinylSd,196.0,2,2,PConc,2.0,2.0,0.0,5.0,706,1.0,0,150,856,GasA,4,1,SBrkr,854,0,1710,1,0,2,1,3,1,2,8,1,0,Attchd,1.0,548,2.0,2.0,2,0,61,0,0,0,0,0,2,WD,Normal,208500,0,5,0
2,20,RL,80.0,9600,Pave,3,Lvl,AllPub,FR2,2,0,Feedr,Norm,1Fam,1Story,6,8,Gable,CompShg,MetalSd,MetalSd,0.0,1,2,CBlock,2.0,2.0,3.0,4.0,978,1.0,0,284,1262,GasA,4,1,SBrkr,0,0,1262,0,1,2,0,3,1,1,6,1,1,Attchd,1.0,460,2.0,2.0,2,298,0,0,0,0,0,0,5,WD,Normal,181500,0,31,0
3,60,RL,68.0,11250,Pave,2,Lvl,AllPub,Inside,2,0,Norm,Norm,1Fam,2Story,7,5,Gable,CompShg,VinylSd,VinylSd,162.0,2,2,PConc,2.0,2.0,1.0,5.0,486,1.0,0,434,920,GasA,4,1,SBrkr,866,0,1786,1,0,2,1,3,1,2,6,1,1,Attchd,1.0,608,2.0,2.0,2,0,42,0,0,0,0,0,9,WD,Normal,223500,1,6,0
4,70,RL,60.0,9550,Pave,2,Lvl,AllPub,Corner,2,0,Norm,Norm,1Fam,2Story,7,5,Gable,CompShg,Wd Sdng,Wd Shng,0.0,1,2,BrkTil,1.0,3.0,0.0,4.0,216,1.0,0,540,756,GasA,3,1,SBrkr,756,0,1717,1,0,1,0,3,1,2,7,1,1,Detchd,0.0,642,2.0,2.0,2,0,35,272,0,0,0,0,2,WD,Abnorml,140000,1,36,0
5,60,RL,84.0,14260,Pave,2,Lvl,AllPub,FR2,2,1,Norm,Norm,1Fam,2Story,8,5,Gable,CompShg,VinylSd,VinylSd,350.0,2,2,PConc,2.0,2.0,2.0,5.0,655,1.0,0,490,1145,GasA,4,1,SBrkr,1053,0,2198,1,0,2,1,4,1,2,9,1,1,Attchd,1.0,836,2.0,2.0,2,192,84,0,0,0,0,0,12,WD,Normal,250000,0,8,0
6,50,RL,85.0,14115,Pave,2,Lvl,AllPub,Inside,2,1,Norm,Norm,1Fam,1.5Fin,5,5,Gable,CompShg,VinylSd,VinylSd,0.0,1,2,Wood,2.0,2.0,0.0,5.0,732,1.0,0,64,796,GasA,4,1,SBrkr,566,0,1362,1,0,1,1,1,1,1,5,1,0,Attchd,0.0,480,2.0,2.0,2,40,30,0,320,0,0,700,10,WD,Normal,143000,1,14,0
7,20,RL,75.0,10084,Pave,3,Lvl,AllPub,Inside,2,1,Norm,Norm,1Fam,1Story,8,5,Gable,CompShg,VinylSd,VinylSd,186.0,2,2,PConc,3.0,2.0,2.0,5.0,1369,1.0,0,317,1686,GasA,4,1,SBrkr,0,0,1694,1,0,2,0,3,1,2,7,1,1,Attchd,1.0,636,2.0,2.0,2,255,57,0,0,0,0,0,8,WD,Normal,307000,1,2,0
8,60,RL,,10382,Pave,2,Lvl,AllPub,Corner,2,1,PosN,Norm,1Fam,2Story,7,6,Gable,CompShg,HdBoard,HdBoard,240.0,1,2,CBlock,2.0,2.0,1.0,4.0,859,3.0,32,216,1107,GasA,4,1,SBrkr,983,0,2090,1,0,2,1,3,1,1,7,1,2,Attchd,1.0,484,2.0,2.0,2,235,204,228,0,0,0,350,11,WD,Normal,200000,0,36,0
9,50,RM,51.0,6120,Pave,3,Lvl,AllPub,Inside,2,1,Artery,Norm,1Fam,1.5Fin,7,5,Gable,CompShg,BrkFace,Wd Shng,0.0,1,2,BrkTil,1.0,2.0,0.0,0.0,0,1.0,0,952,952,GasA,3,1,FuseF,752,0,1774,0,0,2,0,2,2,1,8,6,2,Detchd,0.0,468,1.0,2.0,2,90,0,205,0,0,0,0,4,WD,Abnorml,129900,1,58,0
10,190,RL,50.0,7420,Pave,3,Lvl,AllPub,Corner,2,1,Artery,Artery,2fmCon,1.5Unf,5,6,Gable,CompShg,MetalSd,MetalSd,0.0,1,2,BrkTil,1.0,2.0,0.0,5.0,851,1.0,0,140,991,GasA,4,1,SBrkr,0,0,1077,1,0,1,0,2,2,1,5,1,2,Attchd,1.0,205,3.0,2.0,2,0,4,0,0,0,0,0,1,WD,Normal,118000,1,58,0
11,20,RL,70.0,11200,Pave,3,Lvl,AllPub,Inside,2,2,Norm,Norm,1Fam,1Story,5,5,Hip,CompShg,HdBoard,HdBoard,0.0,1,2,CBlock,1.0,2.0,0.0,2.0,906,1.0,0,134,1040,GasA,4,1,SBrkr,0,0,1040,1,0,1,0,3,1,1,5,1,0,Detchd,0.0,384,2.0,2.0,2,0,0,0,0,0,0,0,2,WD,Normal,129500,0,43,0
12,60,RL,85.0,11924,Pave,2,Lvl,AllPub,Inside,2,2,Norm,Norm,1Fam,2Story,9,5,Hip,CompShg,WdShing,Wd Shng,286.0,3,2,PConc,3.0,2.0,0.0,5.0,998,1.0,0,177,1175,GasA,4,1,SBrkr,1142,0,2324,1,0,3,0,4,1,3,11,1,2,BuiltIn,2.0,736,2.0,2.0,2,147,21,0,0,0,0,0,7,New,Partial,345000,1,0,0
13,20,RL,,12968,Pave,1,Lvl,AllPub,Inside,2,2,Norm,Norm,1Fam,1Story,5,6,Hip,CompShg,HdBoard,Plywood,0.0,1,2,CBlock,1.0,2.0,0.0,4.0,737,1.0,0,175,912,GasA,2,1,SBrkr,0,0,912,1,0,1,0,2,1,1,4,1,0,Detchd,0.0,352,2.0,2.0,2,140,0,0,0,176,0,0,9,WD,Normal,144000,0,46,0
14,20,RL,91.0,10652,Pave,2,Lvl,AllPub,Inside,2,0,Norm,Norm,1Fam,1Story,7,5,Gable,CompShg,VinylSd,VinylSd,306.0,2,2,PConc,2.0,2.0,2.0,0.0,0,1.0,0,1494,1494,GasA,4,1,SBrkr,0,0,1494,0,0,2,0,3,1,2,7,1,1,Attchd,1.0,840,2.0,2.0,2,160,33,0,0,0,0,0,8,New,Partial,279500,1,0,0
15,20,RL,,10920,Pave,2,Lvl,AllPub,Corner,2,2,Norm,Norm,1Fam,1Story,6,5,Hip,CompShg,MetalSd,MetalSd,212.0,1,2,CBlock,1.0,2.0,0.0,3.0,733,1.0,0,520,1253,GasA,2,1,SBrkr,0,0,1253,1,0,1,1,2,1,1,5,1,1,Attchd,1.0,352,2.0,2.0,2,0,213,176,0,0,0,0,5,WD,Normal,157000,0,48,0
16,45,RM,51.0,6120,Pave,3,Lvl,AllPub,Corner,2,1,Norm,Norm,1Fam,1.5Unf,7,8,Gable,CompShg,Wd Sdng,Wd Sdng,0.0,1,2,BrkTil,1.0,2.0,0.0,0.0,0,1.0,0,832,832,GasA,4,1,FuseA,0,0,854,0,0,1,0,2,1,1,5,1,0,Detchd,0.0,576,2.0,2.0,2,48,112,0,0,0,0,0,7,WD,Normal,132000,1,6,0
17,20,RL,,11241,Pave,2,Lvl,AllPub,CulDSac,2,2,Norm,Norm,1Fam,1Story,6,7,Gable,CompShg,Wd Sdng,Wd Sdng,180.0,1,2,CBlock,1.0,2.0,0.0,4.0,578,1.0,0,426,1004,GasA,4,1,SBrkr,0,0,1004,1,0,1,0,2,1,1,5,1,1,Attchd,2.0,480,2.0,2.0,2,0,0,0,0,0,0,700,3,WD,Normal,149000,0,40,0
18,90,RL,72.0,10791,Pave,3,Lvl,AllPub,Inside,2,2,Norm,Norm,Duplex,1Story,4,5,Gable,CompShg,MetalSd,MetalSd,0.0,1,2,Slab,,,,,0,,0,0,0,GasA,2,1,SBrkr,0,0,1296,0,0,2,0,2,2,1,6,1,0,CarPort,0.0,516,2.0,2.0,2,0,0,0,0,0,0,500,10,WD,Normal,90000,0,39,0
19,20,RL,66.0,13695,Pave,3,Lvl,AllPub,Inside,2,2,RRAe,Norm,1Fam,1Story,5,5,Gable,CompShg,VinylSd,VinylSd,0.0,1,2,PConc,1.0,2.0,0.0,5.0,646,1.0,0,468,1114,GasA,4,1,SBrkr,0,0,1114,1,0,1,1,3,1,2,6,1,0,Detchd,0.0,576,2.0,2.0,2,0,102,0,0,0,0,0,6,WD,Normal,159000,0,4,0
20,20,RL,70.0,7560,Pave,3,Lvl,AllPub,Inside,2,2,Norm,Norm,1Fam,1Story,5,6,Hip,CompShg,BrkFace,Plywood,0.0,1,2,CBlock,1.0,2.0,0.0,1.0,504,1.0,0,525,1029,GasA,2,1,SBrkr,0,0,1339,0,0,1,0,3,1,1,6,6,0,Attchd,0.0,294,2.0,2.0,2,0,0,0,0,0,0,0,5,COD,Abnorml,139000,1,44,0
21,60,RL,101.0,14215,Pave,2,Lvl,AllPub,Corner,2,2,Norm,Norm,1Fam,2Story,8,5,Gable,CompShg,VinylSd,VinylSd,380.0,2,2,PConc,3.0,2.0,2.0,0.0,0,1.0,0,1158,1158,GasA,4,1,SBrkr,1218,0,2376,0,0,3,1,4,1,2,9,1,1,BuiltIn,1.0,853,2.0,2.0,2,240,154,0,0,0,0,0,11,New,Partial,325300,1,0,0
22,45,RM,57.0,7449,Pave,3,Bnk,AllPub,Inside,2,2,Norm,Norm,1Fam,1.5Unf,7,7,Gable,CompShg,Wd Sdng,Wd Sdng,0.0,1,2,PConc,1.0,2.0,0.0,0.0,0,1.0,0,637,637,GasA,4,1,FuseF,0,0,1108,0,0,1,0,3,1,2,6,1,1,Attchd,0.0,280,2.0,2.0,0,0,0,205,0,0,0,0,6,WD,Normal,139400,1,57,0
23,20,RL,75.0,9742,Pave,3,Lvl,AllPub,Inside,2,0,Norm,Norm,1Fam,1Story,8,5,Hip,CompShg,VinylSd,VinylSd,281.0,2,2,PConc,2.0,2.0,0.0,0.0,0,1.0,0,1777,1777,GasA,4,1,SBrkr,0,0,1795,0,0,2,0,3,1,2,7,1,1,Attchd,1.0,534,2.0,2.0,2,171,159,0,0,0,0,0,9,WD,Normal,230000,0,6,0
24,120,RM,44.0,4224,Pave,3,Lvl,AllPub,Inside,2,2,Norm,Norm,TwnhsE,1Story,5,7,Gable,CompShg,CemntBd,CmentBd,0.0,1,2,PConc,2.0,2.0,0.0,5.0,840,1.0,0,200,1040,GasA,2,1,SBrkr,0,0,1060,1,0,1,0,3,1,1,6,1,1,Attchd,0.0,572,2.0,2.0,2,100,110,0,0,0,0,0,6,WD,Normal,129900,0,31,0
25,20,RL,,8246,Pave,2,Lvl,AllPub,Inside,2,2,Norm,Norm,1Fam,1Story,5,8,Gable,CompShg,Plywood,Plywood,0.0,1,3,CBlock,1.0,2.0,1.0,2.0,188,4.0,668,204,1060,GasA,4,1,SBrkr,0,0,1060,1,0,1,0,3,1,2,6,1,1,Attchd,0.0,270,2.0,2.0,2,406,90,0,0,0,0,0,5,WD,Normal,154000,1,9,0
26,20,RL,110.0,14230,Pave,3,Lvl,AllPub,Corner,2,2,Norm,Norm,1Fam,1Story,8,5,Gable,CompShg,VinylSd,VinylSd,640.0,2,2,PConc,2.0,2.0,0.0,0.0,0,1.0,0,1566,1566,GasA,4,1,SBrkr,0,0,1600,0,0,2,0,3,1,2,7,1,1,Attchd,1.0,890,2.0,2.0,2,0,56,0,0,0,0,0,7,WD,Normal,256300,0,2,0
27,20,RL,60.0,7200,Pave,3,Lvl,AllPub,Corner,2,2,Norm,Norm,1Fam,1Story,5,7,Gable,CompShg,Wd Sdng,Wd Sdng,0.0,1,2,CBlock,1.0,2.0,1.0,3.0,234,2.0,486,180,900,GasA,2,1,SBrkr,0,0,900,0,1,1,0,3,1,2,5,1,0,Detchd,0.0,576,2.0,2.0,2,222,32,0,0,0,0,0,5,WD,Normal,134800,1,10,0
28,20,RL,98.0,11478,Pave,3,Lvl,AllPub,Inside,2,2,Norm,Norm,1Fam,1Story,8,5,Gable,CompShg,VinylSd,VinylSd,200.0,2,2,PConc,3.0,2.0,0.0,5.0,1218,1.0,0,486,1704,GasA,4,1,SBrkr,0,0,1704,1,0,2,0,3,1,2,7,1,1,Attchd,1.0,772,2.0,2.0,2,0,50,0,0,0,0,0,5,WD,Normal,306000,1,2,0
29,20,RL,47.0,16321,Pave,2,Lvl,AllPub,CulDSac,2,2,Norm,Norm,1Fam,1Story,5,6,Gable,CompShg,MetalSd,MetalSd,0.0,1,2,CBlock,1.0,2.0,3.0,3.0,1277,1.0,0,207,1484,GasA,2,1,SBrkr,0,0,1600,1,0,1,0,2,1,1,6,1,2,Attchd,1.0,319,2.0,2.0,2,288,258,0,0,0,0,0,12,WD,Normal,207500,1,9,0
30,30,RM,60.0,6324,Pave,2,Lvl,AllPub,Inside,2,1,Feedr,RRNn,1Fam,1Story,4,6,Gable,CompShg,MetalSd,MetalSd,0.0,1,2,BrkTil,1.0,2.0,0.0,0.0,0,1.0,0,520,520,GasA,1,0,SBrkr,0,0,520,0,0,1,0,1,1,0,4,1,0,Detchd,0.0,240,1.0,2.0,2,49,0,87,0,0,0,0,5,WD,Normal,68500,1,58,0
31,70,C (all),50.0,8500,Pave,3,Lvl,AllPub,Inside,2,2,Feedr,Norm,1Fam,2Story,4,4,Gambrel,CompShg,BrkFace,BrkFace,0.0,1,1,BrkTil,1.0,2.0,0.0,0.0,0,1.0,0,649,649,GasA,2,0,SBrkr,668,0,1317,0,0,1,0,3,1,1,6,1,0,Detchd,0.0,250,2.0,1.0,0,0,54,172,0,0,0,0,7,WD,Normal,40000,1,58,0
32,20,RL,,8544,Pave,2,Lvl,AllPub,CulDSac,2,2,Norm,Norm,1Fam,1Story,5,6,Gable,CompShg,HdBoard,HdBoard,0.0,1,2,CBlock,1.0,2.0,0.0,0.0,0,1.0,0,1228,1228,GasA,3,1,SBrkr,0,0,1228,0,0,1,1,3,1,2,6,1,0,Attchd,0.0,271,2.0,2.0,2,0,65,0,0,0,0,0,6,WD,Normal,149350,1,2,0
33,20,RL,85.0,11049,Pave,3,Lvl,AllPub,Corner,2,0,Norm,Norm,1Fam,1Story,8,5,Gable,CompShg,VinylSd,VinylSd,0.0,2,2,PConc,3.0,2.0,2.0,0.0,0,1.0,0,1234,1234,GasA,4,1,SBrkr,0,0,1234,0,0,2,0,3,1,2,7,1,0,Attchd,1.0,484,2.0,2.0,2,0,30,0,0,0,0,0,1,WD,Normal,179900,0,1,0
34,20,RL,70.0,10552,Pave,2,Lvl,AllPub,Inside,2,2,Norm,Norm,1Fam,1Story,5,5,Hip,CompShg,BrkFace,BrkFace,0.0,1,2,CBlock,1.0,2.0,0.0,2.0,1018,1.0,0,380,1398,GasA,3,1,SBrkr,0,0,1700,0,1,1,1,4,1,2,6,1,1,Attchd,1.0,447,2.0,2.0,2,0,38,0,0,0,0,0,4,WD,Normal,165500,0,51,0
35,120,RL,60.0,7313,Pave,3,Lvl,AllPub,Inside,2,2,Norm,Norm,TwnhsE,1Story,9,5,Hip,CompShg,MetalSd,MetalSd,246.0,3,2,PConc,3.0,2.0,0.0,5.0,1153,1.0,0,408,1561,GasA,4,1,SBrkr,0,0,1561,1,0,2,0,2,1,3,6,1,1,Attchd,2.0,556,2.0,2.0,2,203,47,0,0,0,0,0,8,WD,Normal,277500,0,2,0
36,60,RL,108.0,13418,Pave,3,Lvl,AllPub,Inside,2,2,Norm,Norm,1Fam,2Story,8,5,Gable,CompShg,VinylSd,VinylSd,132.0,2,2,PConc,3.0,2.0,2.0,0.0,0,1.0,0,1117,1117,GasA,4,1,SBrkr,1320,0,2452,0,0,3,1,4,1,2,9,1,1,BuiltIn,2.0,691,2.0,2.0,2,113,32,0,0,0,0,0,9,WD,Normal,309000,1,1,0
37,20,RL,112.0,10859,Pave,3,Lvl,AllPub,Corner,2,0,Norm,Norm,1Fam,1Story,5,5,Gable,CompShg,VinylSd,VinylSd,0.0,1,2,PConc,2.0,2.0,0.0,0.0,0,1.0,0,1097,1097,GasA,4,1,SBrkr,0,0,1097,0,0,1,1,3,1,1,6,1,0,Attchd,0.0,672,2.0,2.0,2,392,64,0,0,0,0,0,6,WD,Normal,145000,1,14,0
38,20,RL,74.0,8532,Pave,3,Lvl,AllPub,Inside,2,2,Norm,Norm,1Fam,1Story,5,6,Hip,CompShg,Wd Sdng,Wd Sdng,650.0,1,2,CBlock,1.0,2.0,0.0,2.0,1213,1.0,0,84,1297,GasA,3,1,SBrkr,0,0,1297,0,1,1,0,3,1,1,5,1,1,Attchd,2.0,498,2.0,2.0,2,0,0,0,0,0,0,0,10,WD,Normal,153000,1,19,0
39,20,RL,68.0,7922,Pave,3,Lvl,AllPub,Inside,2,2,Norm,Norm,1Fam,1Story,5,7,Gable,CompShg,VinylSd,VinylSd,0.0,1,3,CBlock,1.0,2.0,0.0,5.0,731,1.0,0,326,1057,GasA,2,1,SBrkr,0,0,1057,1,0,1,0,3,1,2,5,1,0,Detchd,0.0,246,2.0,2.0,2,0,52,0,0,0,0,0,1,WD,Abnorml,109000,1,3,0
40,90,RL,65.0,6040,Pave,3,Lvl,AllPub,Inside,2,3,Norm,Norm,Duplex,1Story,4,5,Gable,CompShg,AsbShng,Plywood,0.0,1,2,PConc,,,,,0,,0,0,0,GasA,2,0,FuseP,0,0,1152,0,0,2,0,2,2,0,6,1,0,,,0,,,0,0,0,0,0,0,0,0,6,WD,AdjLand,82000,0,53,0
41,20,RL,84.0,8658,Pave,3,Lvl,AllPub,Inside,2,2,Norm,Norm,1Fam,1Story,6,5,Gable,CompShg,Wd Sdng,Wd Sdng,101.0,1,2,CBlock,1.0,2.0,0.0,2.0,643,1.0,0,445,1088,GasA,4,1,SBrkr,0,0,1324,0,0,2,0,3,1,1,6,1,1,Attchd,1.0,440,2.0,2.0,2,0,138,0,0,0,0,0,12,WD,Abnorml,160000,0,41,0
42,20,RL,115.0,16905,Pave,3,Lvl,AllPub,Inside,2,3,Norm,Norm,1Fam,1Story,5,6,Gable,CompShg,VinylSd,VinylSd,0.0,1,3,CBlock,1.0,2.0,3.0,3.0,967,1.0,0,383,1350,GasA,3,1,SBrkr,0,0,1328,0,1,1,1,2,1,1,5,1,2,Attchd,1.0,308,2.0,2.0,1,0,104,0,0,0,0,0,7,WD,Normal,170000,0,48,0
43,85,RL,,9180,Pave,2,Lvl,AllPub,CulDSac,2,2,Norm,Norm,1Fam,SFoyer,5,7,Gable,CompShg,HdBoard,HdBoard,0.0,1,2,CBlock,2.0,2.0,2.0,4.0,747,0.0,93,0,840,GasA,3,1,SBrkr,0,0,884,1,0,1,0,2,1,2,5,1,0,Attchd,1.0,504,2.0,3.0,2,240,0,0,0,0,0,0,12,WD,Normal,144000,0,24,0
44,20,RL,,9200,Pave,2,Lvl,AllPub,CulDSac,2,0,Norm,Norm,1Fam,1Story,5,6,Hip,CompShg,VinylSd,VinylSd,0.0,1,2,CBlock,2.0,2.0,2.0,1.0,280,3.0,491,167,938,GasA,2,1,SBrkr,0,0,938,1,0,1,0,3,1,1,5,1,0,Detchd,0.0,308,2.0,2.0,2,145,0,0,0,0,0,0,7,WD,Normal,130250,1,28,0
45,20,RL,70.0,7945,Pave,3,Lvl,AllPub,Inside,2,2,Norm,Norm,1Fam,1Story,5,6,Gable,CompShg,BrkFace,Wd Sdng,0.0,1,2,CBlock,1.0,2.0,0.0,4.0,179,3.0,506,465,1150,GasA,4,1,FuseA,0,0,1150,1,0,1,0,3,1,1,6,1,0,Attchd,1.0,300,2.0,2.0,2,0,0,0,0,0,0,0,5,WD,Normal,141000,0,47,0
46,120,RL,61.0,7658,Pave,3,Lvl,AllPub,Inside,2,2,Norm,Norm,TwnhsE,1Story,9,5,Hip,CompShg,MetalSd,MetalSd,412.0,3,2,PConc,3.0,2.0,0.0,5.0,456,1.0,0,1296,1752,GasA,4,1,SBrkr,0,0,1752,1,0,2,0,2,1,3,6,1,1,Attchd,1.0,576,2.0,2.0,2,196,82,0,0,0,0,0,2,WD,Normal,319900,0,5,0
47,50,RL,48.0,12822,Pave,2,Lvl,AllPub,CulDSac,2,1,Norm,Norm,1Fam,1.5Fin,7,5,Gable,CompShg,VinylSd,VinylSd,0.0,2,2,PConc,3.0,2.0,0.0,5.0,1351,1.0,0,83,1434,GasA,4,1,SBrkr,631,0,2149,1,0,1,1,1,1,2,6,1,1,Attchd,1.0,670,2.0,2.0,2,168,43,0,0,198,0,0,8,WD,Abnorml,239686,0,6,0
48,20,FV,84.0,11096,Pave,3,Lvl,AllPub,Inside,2,1,Norm,Norm,1Fam,1Story,8,5,Gable,CompShg,VinylSd,VinylSd,0.0,2,2,PConc,2.0,2.0,2.0,5.0,24,1.0,0,1632,1656,GasA,4,1,SBrkr,0,0,1656,0,0,2,0,3,1,2,7,1,0,Attchd,1.0,826,2.0,2.0,2,0,146,0,0,0,0,0,7,WD,Normal,249700,0,1,0
49,190,RM,33.0,4456,Pave,3,Lvl,AllPub,Inside,2,1,Norm,Norm,2fmCon,2Story,4,5,Gable,CompShg,MetalSd,MetalSd,0.0,1,2,BrkTil,1.0,2.0,0.0,0.0,0,1.0,0,736,736,GasA,3,1,SBrkr,716,0,1452,0,0,2,0,2,3,1,8,1,0,,,0,,,0,0,0,102,0,0,0,0,6,New,Partial,113000,1,1,0
50,20,RL,66.0,7742,Pave,3,Lvl,AllPub,Inside,2,2,Norm,Norm,1Fam,1Story,5,7,Gable,CompShg,HdBoard,HdBoard,0.0,1,2,CBlock,1.0,2.0,0.0,3.0,763,1.0,0,192,955,GasA,4,1,SBrkr,0,0,955,1,0,1,0,3,1,1,6,1,0,Attchd,0.0,386,2.0,2.0,2,0,0,0,0,0,0,0,1,WD,Normal,127000,0,41,0
51,60,RL,,13869,Pave,1,Lvl,AllPub,Corner,2,3,Norm,Norm,1Fam,2Story,6,6,Gable,CompShg,VinylSd,VinylSd,0.0,1,2,PConc,2.0,2.0,2.0,5.0,182,1.0,0,612,794,GasA,3,1,SBrkr,676,0,1470,0,1,2,0,3,1,1,6,1,0,Attchd,2.0,388,2.0,2.0,2,0,75,0,0,0,0,0,7,WD,Normal,177000,0,10,0
52,50,RM,52.0,6240,Pave,3,Lvl,AllPub,Inside,2,1,Norm,Norm,1Fam,1.5Fin,6,6,Gable,CompShg,Wd Sdng,Wd Sdng,0.0,1,2,PConc,1.0,2.0,0.0,0.0,0,1.0,0,816,816,GasA,2,1,SBrkr,0,360,1176,0,0,1,0,3,1,1,6,1,1,Detchd,0.0,528,2.0,2.0,2,112,0,0,0,0,0,400,9,WD,Normal,114500,1,56,0
53,90,RM,110.0,8472,Grvl,1,Bnk,AllPub,Corner,1,2,RRNn,Norm,Duplex,1Story,5,5,Gable,CompShg,Wd Sdng,Wd Sdng,0.0,0,2,CBlock,2.0,2.0,3.0,1.0,104,5.0,712,0,816,GasA,2,0,SBrkr,0,0,816,1,0,1,0,2,1,1,5,1,0,CarPort,0.0,516,2.0,2.0,2,106,0,0,0,0,0,0,5,WD,Normal,110000,0,47,0
54,20,RL,68.0,50271,Pave,2,Low,AllPub,Inside,2,0,Norm,Norm,1Fam,1Story,9,5,Gable,WdShngl,WdShing,Wd Shng,0.0,2,2,CBlock,3.0,2.0,3.0,5.0,1810,1.0,0,32,1842,GasA,3,1,SBrkr,0,0,1842,2,0,0,1,0,1,2,5,1,1,Attchd,2.0,894,2.0,2.0,2,857,72,0,0,0,0,0,11,WD,Normal,385000,1,19,0
55,80,RL,60.0,7134,Pave,3,Bnk,AllPub,Inside,1,2,Norm,Norm,1Fam,SLvl,5,5,Gable,CompShg,MetalSd,MetalSd,0.0,1,2,CBlock,1.0,2.0,0.0,4.0,384,1.0,0,0,384,GasA,2,1,SBrkr,0,0,1360,0,0,1,0,3,1,1,6,6,1,Detchd,0.0,572,2.0,2.0,2,0,50,0,0,0,0,0,2,WD,Normal,130000,0,52,0
56,20,RL,100.0,10175,Pave,2,Lvl,AllPub,Inside,2,2,Norm,Norm,1Fam,1Story,6,5,Gable,CompShg,HdBoard,Plywood,272.0,1,2,CBlock,1.0,2.0,0.0,3.0,490,1.0,0,935,1425,GasA,3,1,SBrkr,0,0,1425,0,0,2,0,3,1,1,7,1,1,Attchd,1.0,576,2.0,2.0,2,0,0,0,407,0,0,0,7,WD,Normal,180500,0,44,0
57,160,FV,24.0,2645,Pave,3,Lvl,AllPub,Inside,2,1,Norm,Norm,Twnhs,2Story,8,5,Gable,CompShg,MetalSd,MetalSd,456.0,2,2,PConc,2.0,2.0,0.0,5.0,649,1.0,0,321,970,GasA,4,1,SBrkr,756,0,1739,1,0,2,1,3,1,2,7,1,0,Attchd,2.0,480,2.0,2.0,2,115,0,0,0,0,0,0,8,WD,Abnorml,172500,1,9,0
58,60,RL,89.0,11645,Pave,2,Lvl,AllPub,Corner,2,0,Norm,Norm,1Fam,2Story,7,5,Gable,CompShg,VinylSd,VinylSd,0.0,2,2,PConc,2.0,2.0,0.0,0.0,0,1.0,0,860,860,GasA,4,1,SBrkr,860,0,1720,0,0,2,1,3,1,2,7,1,0,Attchd,1.0,565,2.0,2.0,2,0,70,0,0,0,0,0,8,WD,Normal,196500,0,2,0
59,60,RL,66.0,13682,Pave,1,HLS,AllPub,CulDSac,2,3,Norm,Norm,1Fam,2Story,10,5,Hip,CompShg,VinylSd,VinylSd,1031.0,3,2,PConc,3.0,2.0,3.0,0.0,0,1.0,0,1410,1410,GasA,4,1,SBrkr,1519,0,2945,0,0,3,1,3,1,2,10,1,1,BuiltIn,2.0,641,2.0,2.0,2,192,0,37,0,0,0,0,10,New,Partial,438780,0,0,1
60,20,RL,60.0,7200,Pave,3,Bnk,AllPub,Inside,2,0,Norm,Norm,1Fam,1Story,5,7,Gable,CompShg,HdBoard,HdBoard,0.0,1,2,CBlock,1.0,2.0,2.0,4.0,632,1.0,0,148,780,GasA,4,1,SBrkr,0,0,780,0,0,1,0,2,1,1,4,1,0,Detchd,0.0,352,2.0,2.0,2,196,0,0,0,0,0,0,1,WD,Normal,124900,0,36,0
61,20,RL,63.0,13072,Pave,3,Lvl,AllPub,Inside,2,2,RRAe,Norm,1Fam,1Story,6,5,Gable,CompShg,VinylSd,VinylSd,0.0,1,2,PConc,2.0,2.0,0.0,4.0,941,1.0,0,217,1158,GasA,4,1,SBrkr,0,0,1158,1,0,1,1,3,1,2,5,1,0,Detchd,0.0,576,2.0,2.0,2,0,50,0,0,0,0,0,5,New,Partial,158000,0,2,0
62,75,RM,60.0,7200,Pave,3,Lvl,AllPub,Inside,2,2,Norm,Norm,1Fam,2.5Unf,5,7,Gable,CompShg,MetalSd,MetalSd,0.0,1,2,BrkTil,1.0,1.0,0.0,0.0,0,1.0,0,530,530,GasA,2,0,SBrkr,530,0,1111,0,0,1,0,3,1,0,6,1,0,Detchd,0.0,288,2.0,2.0,0,0,0,144,0,0,0,0,3,WD,Normal,101000,1,11,0
63,120,RL,44.0,6442,Pave,2,Lvl,AllPub,Inside,2,2,Norm,Norm,TwnhsE,1Story,8,5,Gable,CompShg,VinylSd,VinylSd,178.0,2,2,PConc,2.0,3.0,1.0,5.0,24,1.0,0,1346,1370,GasA,4,1,SBrkr,0,0,1370,0,0,2,0,2,1,2,6,1,1,Attchd,1.0,484,2.0,2.0,2,120,49,0,0,0,0,0,10,WD,Normal,202500,0,1,0
64,70,RM,50.0,10300,Pave,2,Bnk,AllPub,Inside,2,1,RRAn,Feedr,1Fam,2Story,7,6,Gable,CompShg,Stucco,Stucco,0.0,1,2,BrkTil,1.0,2.0,0.0,0.0,0,1.0,0,576,576,GasA,3,1,SBrkr,808,0,1710,0,0,2,0,3,1,1,9,1,0,Detchd,0.0,480,2.0,2.0,2,12,11,64,0,0,0,0,4,WD,Normal,140000,1,60,0
65,60,RL,,9375,Pave,3,Lvl,AllPub,Inside,2,0,Norm,Norm,1Fam,2Story,7,5,Gable,CompShg,VinylSd,VinylSd,573.0,1,2,PConc,2.0,2.0,0.0,5.0,739,1.0,0,318,1057,GasA,4,1,SBrkr,977,0,2034,1,0,2,1,3,1,2,8,1,0,Attchd,1.0,645,2.0,2.0,2,576,36,0,0,0,0,0,2,WD,Normal,219500,1,11,0
66,60,RL,76.0,9591,Pave,3,Lvl,AllPub,Inside,2,2,Norm,Norm,1Fam,2Story,8,5,Gable,CompShg,VinylSd,VinylSd,344.0,2,2,PConc,3.0,2.0,2.0,0.0,0,1.0,0,1143,1143,GasA,4,1,SBrkr,1330,0,2473,0,0,2,1,4,1,2,9,1,1,BuiltIn,1.0,852,2.0,2.0,2,192,151,0,0,0,0,0,10,WD,Normal,317000,1,2,0
67,20,RL,,19900,Pave,3,Lvl,AllPub,Inside,2,2,PosA,Norm,1Fam,1Story,7,5,Gable,CompShg,Plywood,Plywood,287.0,1,2,CBlock,2.0,2.0,3.0,5.0,912,1.0,0,1035,1947,GasA,2,1,SBrkr,0,0,2207,1,0,2,0,3,1,1,7,6,1,Attchd,1.0,576,2.0,2.0,2,301,0,0,0,0,0,0,7,WD,Normal,180000,1,21,0
68,20,RL,72.0,10665,Pave,2,Lvl,AllPub,Inside,2,0,Norm,Norm,1Fam,1Story,7,5,Gable,CompShg,VinylSd,VinylSd,167.0,2,2,PConc,2.0,2.0,2.0,5.0,1013,1.0,0,440,1453,GasA,4,1,SBrkr,0,0,1479,1,0,2,0,3,1,2,7,1,0,Attchd,1.0,558,2.0,2.0,2,144,29,0,0,0,0,0,6,WD,Normal,226000,0,4,0
69,30,RM,47.0,4608,Pave,3,Lvl,AllPub,Corner,2,1,Artery,Norm,1Fam,1Story,4,6,Gable,CompShg,MetalSd,MetalSd,0.0,1,3,CBlock,1.0,2.0,0.0,0.0,0,1.0,0,747,747,GasA,2,1,SBrkr,0,0,747,0,0,1,0,2,1,1,4,1,0,Attchd,0.0,220,2.0,2.0,2,0,0,0,0,0,0,0,6,WD,Normal,80000,1,60,0
70,50,RL,81.0,15593,Pave,3,Lvl,AllPub,Corner,2,3,Norm,Norm,1Fam,1.5Fin,7,4,Gable,CompShg,BrkFace,AsbShng,0.0,2,2,CBlock,1.0,2.0,0.0,3.0,603,1.0,0,701,1304,GasW,2,1,SBrkr,983,0,2287,0,0,2,0,3,1,1,7,1,1,Attchd,2.0,667,2.0,2.0,2,0,21,114,0,0,0,0,7,WD,Normal,225000,0,53,0
71,20,RL,95.0,13651,Pave,2,Lvl,AllPub,Inside,2,2,Norm,Norm,1Fam,1Story,7,6,Gable,CompShg,Plywood,Plywood,1115.0,1,3,CBlock,2.0,2.0,3.0,4.0,1880,1.0,0,343,2223,GasA,4,1,SBrkr,0,0,2223,1,0,2,0,3,1,1,8,1,2,Attchd,2.0,516,2.0,2.0,2,300,0,0,0,0,0,0,2,WD,Normal,244000,0,34,0
72,20,RL,69.0,7599,Pave,3,Lvl,AllPub,Corner,2,1,Norm,Norm,1Fam,1Story,4,6,Gable,CompShg,HdBoard,Plywood,0.0,1,2,CBlock,1.0,2.0,0.0,4.0,565,1.0,0,280,845,GasA,2,1,SBrkr,0,0,845,1,0,1,0,2,1,1,4,1,0,Detchd,0.0,360,2.0,2.0,2,0,0,0,0,0,0,0,6,WD,Normal,129500,1,1,0
73,60,RL,74.0,10141,Pave,2,Lvl,AllPub,Corner,2,3,Norm,Norm,1Fam,2Story,7,5,Gable,CompShg,VinylSd,VinylSd,40.0,1,2,PConc,2.0,2.0,0.0,0.0,0,1.0,0,832,832,GasA,3,1,SBrkr,833,0,1718,0,0,2,1,3,1,1,7,1,1,Attchd,2.0,427,2.0,2.0,2,0,94,0,0,291,0,0,12,WD,Normal,185000,0,11,0
74,20,RL,85.0,10200,Pave,3,Lvl,AllPub,Inside,2,2,Norm,Norm,1Fam,1Story,5,7,Gable,CompShg,Wd Sdng,Wd Sdng,104.0,1,2,CBlock,1.0,2.0,0.0,4.0,320,3.0,362,404,1086,GasA,3,1,SBrkr,0,0,1086,1,0,1,0,3,1,1,6,1,0,Attchd,0.0,490,2.0,2.0,2,0,0,0,0,0,0,0,5,WD,Normal,144900,1,7,0
75,50,RM,60.0,5790,Pave,3,Lvl,AllPub,Corner,2,1,Norm,Norm,1Fam,2Story,3,6,Gambrel,CompShg,VinylSd,VinylSd,0.0,2,3,CBlock,0.0,2.0,0.0,0.0,0,1.0,0,840,840,GasA,3,0,SBrkr,765,0,1605,0,0,2,0,3,2,1,8,1,0,Detchd,0.0,379,2.0,2.0,2,0,0,202,0,0,0,0,5,WD,Normal,107400,1,60,0
76,180,RM,21.0,1596,Pave,3,Lvl,AllPub,Inside,2,2,Norm,Norm,Twnhs,SLvl,4,5,Gable,CompShg,CemntBd,CmentBd,0.0,1,2,CBlock,2.0,2.0,3.0,5.0,462,1.0,0,0,462,GasA,2,1,SBrkr,462,0,988,1,0,1,0,2,1,1,5,1,0,BuiltIn,0.0,297,2.0,2.0,2,120,101,0,0,0,0,0,11,WD,Normal,91000,0,36,0
77,20,RL,,8475,Pave,2,Lvl,AllPub,Inside,2,2,Norm,Norm,1Fam,1Story,4,7,Gable,CompShg,VinylSd,VinylSd,0.0,1,2,CBlock,1.0,2.0,0.0,4.0,228,1.0,0,724,952,GasA,4,1,FuseA,0,0,952,0,0,1,0,2,1,1,4,1,0,Detchd,0.0,283,2.0,2.0,2,0,0,0,0,0,0,0,4,WD,Normal,135750,0,52,0
78,50,RM,50.0,8635,Pave,3,Lvl,AllPub,Inside,2,1,Norm,Norm,1Fam,1.5Fin,5,5,Gable,CompShg,Wd Sdng,Wd Sdng,0.0,1,2,CBlock,1.0,2.0,0.0,3.0,336,5.0,41,295,672,GasA,2,1,SBrkr,213,0,1285,1,0,1,0,2,1,1,6,6,0,Detchd,0.0,240,2.0,2.0,2,0,0,0,0,0,0,0,1,WD,Normal,127000,1,7,0
79,90,RL,72.0,10778,Pave,3,Lvl,AllPub,Inside,2,2,Norm,Norm,Duplex,1Story,4,5,Hip,CompShg,HdBoard,HdBoard,0.0,1,2,CBlock,1.0,2.0,0.0,0.0,0,1.0,0,1768,1768,GasA,2,0,SBrkr,0,0,1768,0,0,2,0,4,2,1,8,1,0,,,0,,,2,0,0,0,0,0,0,0,4,WD,Normal,136500,0,42,0
80,50,RM,60.0,10440,Pave,3,Lvl,AllPub,Corner,2,1,Norm,Norm,1Fam,2Story,5,6,Gable,CompShg,Wd Sdng,Wd Sdng,0.0,1,2,PConc,1.0,2.0,0.0,0.0,0,1.0,0,440,440,GasA,3,1,SBrkr,548,0,1230,0,0,1,1,2,1,1,5,1,0,Detchd,0.0,440,2.0,2.0,2,74,0,128,0,0,0,0,5,WD,Normal,110000,1,28,0
81,60,RL,100.0,13000,Pave,3,Lvl,AllPub,Corner,2,2,Norm,Norm,1Fam,2Story,6,6,Gable,CompShg,VinylSd,VinylSd,576.0,1,3,CBlock,2.0,2.0,0.0,2.0,448,1.0,0,448,896,GasA,2,1,SBrkr,960,0,2142,0,0,2,1,4,1,2,8,1,1,Attchd,2.0,509,2.0,2.0,2,0,72,0,0,252,0,0,6,WD,Normal,193500,0,41,0
82,120,RM,32.0,4500,Pave,3,Lvl,AllPub,FR2,2,1,Norm,Norm,TwnhsE,1Story,6,5,Hip,CompShg,VinylSd,VinylSd,443.0,1,3,PConc,3.0,3.0,0.0,5.0,1201,1.0,0,36,1237,GasA,4,1,SBrkr,0,0,1337,1,0,2,0,2,1,1,5,1,0,Attchd,2.0,405,2.0,2.0,2,0,199,0,0,0,0,0,3,WD,Normal,153500,0,8,0
83,20,RL,78.0,10206,Pave,3,Lvl,AllPub,Inside,2,1,Norm,Norm,1Fam,1Story,8,5,Gable,CompShg,VinylSd,VinylSd,468.0,1,2,PConc,2.0,2.0,0.0,5.0,33,1.0,0,1530,1563,GasA,4,1,SBrkr,0,0,1563,0,0,2,0,3,1,2,6,1,1,Attchd,1.0,758,2.0,2.0,2,144,99,0,0,0,0,0,10,WD,Normal,245000,0,1,0
84,20,RL,80.0,8892,Pave,2,Lvl,AllPub,Inside,2,2,Norm,Norm,1Fam,1Story,5,5,Gable,CompShg,MetalSd,MetalSd,66.0,1,2,CBlock,1.0,2.0,0.0,0.0,0,1.0,0,1065,1065,GasA,3,1,SBrkr,0,0,1065,0,0,1,1,3,1,1,6,1,0,Detchd,0.0,461,2.0,2.0,2,74,0,0,0,0,0,0,7,COD,Normal,126500,0,47,0
85,80,RL,,8530,Pave,2,Lvl,AllPub,Inside,2,3,Norm,Norm,1Fam,SLvl,7,5,Gable,CompShg,HdBoard,HdBoard,22.0,1,2,PConc,2.0,2.0,0.0,0.0,0,1.0,0,384,384,GasA,3,1,SBrkr,670,0,1474,0,0,2,1,3,1,1,7,1,1,BuiltIn,2.0,400,2.0,2.0,2,120,72,0,0,0,0,700,5,WD,Normal,168500,1,13,0
86,60,RL,121.0,16059,Pave,3,Lvl,AllPub,Corner,2,1,Norm,Norm,1Fam,2Story,8,5,Hip,CompShg,HdBoard,HdBoard,284.0,2,2,CBlock,2.0,2.0,0.0,0.0,0,1.0,0,1288,1288,GasA,4,1,SBrkr,1116,0,2417,0,0,2,1,4,1,2,9,1,1,Attchd,0.0,462,2.0,2.0,2,127,82,0,0,0,0,0,4,WD,Normal,260000,1,14,0
87,60,RL,122.0,11911,Pave,1,Lvl,AllPub,Inside,2,3,Norm,Norm,1Fam,2Story,6,5,Gable,CompShg,VinylSd,VinylSd,0.0,2,2,PConc,2.0,2.0,2.0,0.0,0,1.0,0,684,684,GasA,4,1,SBrkr,876,0,1560,0,0,2,1,3,1,2,6,1,1,BuiltIn,2.0,400,2.0,2.0,2,100,38,0,0,0,0,0,3,WD,Normal,174000,0,4,0
88,160,FV,40.0,3951,Pave,3,Lvl,AllPub,Corner,2,1,Norm,Norm,TwnhsE,2Story,6,5,Gable,CompShg,VinylSd,VinylSd,76.0,2,2,PConc,2.0,2.0,2.0,0.0,0,1.0,0,612,612,GasA,4,1,SBrkr,612,0,1224,0,0,2,1,2,1,2,4,1,0,Detchd,1.0,528,2.0,2.0,2,0,234,0,0,0,0,0,6,New,Partial,164500,0,0,1
89,50,C (all),105.0,8470,Pave,2,Lvl,AllPub,Corner,2,2,Feedr,Feedr,1Fam,1.5Fin,3,2,Hip,CompShg,Plywood,Plywood,0.0,0,1,CBlock,1.0,1.0,0.0,0.0,0,1.0,0,1013,1013,GasA,2,0,SBrkr,0,513,1526,0,0,1,0,2,1,0,6,1,0,,,0,,,0,0,0,156,0,0,0,0,10,ConLD,Abnorml,85000,1,27,0
90,20,RL,60.0,8070,Pave,3,Lvl,AllPub,Inside,2,0,Norm,Norm,1Fam,1Story,4,5,Gable,CompShg,VinylSd,VinylSd,0.0,1,2,PConc,2.0,2.0,0.0,5.0,588,1.0,0,402,990,GasA,4,1,SBrkr,0,0,990,1,0,1,0,3,1,1,5,1,0,,,0,,,2,0,0,0,0,0,0,0,8,WD,Normal,123600,1,12,0
91,20,RL,60.0,7200,Pave,3,Lvl,AllPub,Inside,2,2,Norm,Norm,1Fam,1Story,4,5,Gable,CompShg,BrkFace,Wd Sdng,0.0,1,2,Slab,,,,,0,,0,0,0,GasA,2,1,FuseA,0,0,1040,0,0,1,0,2,1,1,4,1,0,Detchd,0.0,420,2.0,2.0,2,0,29,0,0,0,0,0,7,WD,Normal,109900,0,56,0
92,20,RL,85.0,8500,Pave,3,Lvl,AllPub,Inside,2,2,Norm,Norm,1Fam,1Story,5,3,Hip,CompShg,HdBoard,HdBoard,203.0,1,2,CBlock,1.0,2.0,0.0,2.0,600,1.0,0,635,1235,GasA,2,1,SBrkr,0,0,1235,0,0,1,0,2,1,1,6,1,0,Attchd,0.0,480,2.0,2.0,2,0,0,0,0,0,0,0,12,WD,Abnorml,98600,0,45,0
93,30,RL,80.0,13360,Pave,2,HLS,AllPub,Inside,2,0,Norm,Norm,1Fam,1Story,5,7,Gable,CompShg,Wd Sdng,Wd Sdng,0.0,1,3,BrkTil,2.0,2.0,0.0,4.0,713,1.0,0,163,876,GasA,4,1,SBrkr,0,0,964,1,0,1,0,2,1,1,5,1,0,Detchd,0.0,432,2.0,2.0,2,0,0,44,0,0,0,0,8,WD,Normal,163500,1,3,0
94,190,C (all),60.0,7200,Pave,3,Lvl,AllPub,Corner,2,1,Norm,Norm,2fmCon,2.5Unf,6,6,Hip,CompShg,MetalSd,MetalSd,0.0,1,2,BrkTil,1.0,1.0,1.0,2.0,1046,1.0,0,168,1214,GasW,4,0,SBrkr,1031,0,2291,0,1,2,0,4,2,1,9,1,1,Detchd,0.0,506,2.0,2.0,2,0,0,0,0,99,0,0,11,WD,Normal,133900,1,9,0
95,60,RL,69.0,9337,Pave,2,Lvl,AllPub,Inside,2,0,Norm,Norm,1Fam,2Story,6,5,Gable,CompShg,VinylSd,VinylSd,0.0,1,3,PConc,2.0,2.0,0.0,5.0,648,1.0,0,176,824,GasA,4,1,SBrkr,881,0,1786,1,0,2,1,3,1,2,7,1,0,Attchd,1.0,684,2.0,2.0,2,0,162,0,0,0,0,0,5,WD,Normal,204750,0,10,0
96,60,RL,,9765,Pave,1,Lvl,AllPub,Corner,2,3,Norm,Norm,1Fam,2Story,6,8,Gable,CompShg,VinylSd,VinylSd,68.0,3,3,PConc,2.0,3.0,0.0,4.0,310,1.0,0,370,680,GasA,3,1,SBrkr,790,0,1470,0,0,2,1,3,1,1,6,1,1,BuiltIn,2.0,420,2.0,2.0,2,232,63,0,0,0,0,480,4,WD,Normal,185000,0,16,0
97,20,RL,78.0,10264,Pave,2,Lvl,AllPub,Inside,2,0,Norm,Norm,1Fam,1Story,7,5,Gable,CompShg,VinylSd,VinylSd,183.0,2,2,PConc,2.0,2.0,2.0,4.0,1162,1.0,0,426,1588,GasA,4,1,SBrkr,0,0,1588,0,0,2,0,3,1,2,6,1,0,Attchd,1.0,472,2.0,2.0,2,158,29,0,0,0,0,0,8,WD,Normal,214000,0,7,0
98,20,RL,73.0,10921,Pave,3,HLS,AllPub,Inside,2,3,Norm,Norm,1Fam,1Story,4,5,Hip,CompShg,HdBoard,HdBoard,48.0,1,2,CBlock,1.0,2.0,0.0,2.0,520,1.0,0,440,960,GasA,2,1,FuseF,0,0,960,1,0,1,0,3,1,1,6,1,0,Attchd,2.0,432,2.0,2.0,1,120,0,0,0,0,0,0,5,WD,Normal,94750,0,42,0
99,30,RL,85.0,10625,Pave,3,Lvl,AllPub,Corner,2,3,Norm,Norm,1Fam,1Story,5,5,Gable,CompShg,Wd Sdng,Wd Sdng,0.0,1,2,BrkTil,1.0,2.0,0.0,4.0,108,1.0,0,350,458,GasA,1,0,SBrkr,0,0,835,0,0,1,0,2,1,1,5,1,0,Basment,0.0,366,1.0,2.0,2,0,0,77,0,0,0,400,5,COD,Abnorml,83000,1,60,0
100,20,RL,77.0,9320,Pave,2,Lvl,AllPub,Inside,2,2,Norm,Norm,1Fam,1Story,4,5,Gable,CompShg,Plywood,Plywood,0.0,1,2,CBlock,1.0,2.0,0.0,4.0,569,1.0,0,381,950,GasA,1,1,SBrkr,0,0,1225,1,0,1,1,3,1,1,6,1,0,,,0,,,2,352,0,0,0,0,0,400,1,WD,Normal,128950,0,51,0
101,20,RL,,10603,Pave,2,Lvl,AllPub,Inside,2,1,Norm,Norm,1Fam,1Story,6,7,Gable,CompShg,Plywood,Plywood,28.0,1,2,PConc,1.0,2.0,1.0,4.0,1200,1.0,0,410,1610,GasA,3,1,SBrkr,0,0,1610,1,0,2,0,3,1,2,6,1,2,Attchd,1.0,480,2.0,2.0,2,168,68,0,0,0,0,0,2,WD,Normal,205000,1,9,0
102,60,RL,77.0,9206,Pave,3,Lvl,AllPub,Inside,2,2,Norm,Norm,1Fam,2Story,6,5,Gable,CompShg,HdBoard,HdBoard,336.0,2,2,CBlock,2.0,2.0,0.0,0.0,0,1.0,0,741,741,GasA,2,1,SBrkr,755,0,1732,0,0,2,1,3,1,2,7,1,1,Attchd,2.0,476,2.0,2.0,2,192,46,0,0,0,0,0,6,WD,Normal,178000,0,25,0
103,90,RL,64.0,7018,Pave,3,Bnk,AllPub,Inside,2,2,Norm,Norm,Duplex,1Story,5,5,Gable,CompShg,HdBoard,HdBoard,0.0,1,1,Slab,,,,,0,,0,0,0,GasA,2,1,SBrkr,0,0,1535,0,0,2,0,4,2,1,8,1,0,Attchd,0.0,410,2.0,2.0,2,0,0,0,0,0,0,0,6,WD,Alloca,118964,0,30,0
104,20,RL,94.0,10402,Pave,2,Lvl,AllPub,Corner,2,0,Norm,Norm,1Fam,1Story,7,5,Gable,CompShg,VinylSd,VinylSd,0.0,1,2,PConc,2.0,2.0,0.0,0.0,0,1.0,0,1226,1226,GasA,4,1,SBrkr,0,0,1226,0,0,2,0,3,1,2,6,1,0,Attchd,1.0,740,2.0,2.0,2,0,36,0,0,0,0,0,5,WD,Normal,198900,0,1,0
105,50,RM,,7758,Pave,3,Lvl,AllPub,Corner,2,2,Norm,Norm,1Fam,1.5Fin,7,4,Gable,CompShg,Stucco,Stucco,600.0,1,1,PConc,1.0,2.0,0.0,1.0,224,1.0,0,816,1040,GasA,4,1,FuseF,592,0,1818,0,0,1,1,4,1,1,7,1,2,Detchd,0.0,240,2.0,2.0,2,0,0,0,0,184,0,0,6,WD,Normal,169500,1,57,0
106,60,FV,75.0,9375,Pave,3,Lvl,AllPub,Inside,2,1,Norm,Norm,1Fam,2Story,8,5,Hip,CompShg,VinylSd,VinylSd,768.0,2,2,PConc,3.0,2.0,0.0,0.0,0,1.0,0,1053,1053,GasA,4,1,SBrkr,939,0,1992,0,0,2,1,3,1,2,9,1,1,Attchd,1.0,648,2.0,2.0,2,140,45,0,0,0,0,0,8,WD,Normal,250000,1,4,0
107,30,RM,60.0,10800,Pave,3,Lvl,AllPub,Inside,2,1,Norm,Norm,1Fam,1Story,4,7,Mansard,CompShg,VinylSd,VinylSd,0.0,1,2,BrkTil,0.0,2.0,0.0,0.0,0,1.0,0,641,641,GasA,3,1,SBrkr,0,0,1047,0,0,1,0,2,1,1,6,1,0,Detchd,0.0,273,1.0,1.0,0,0,0,0,0,0,0,450,8,WD,Normal,100000,1,12,0
108,20,RM,50.0,6000,Pave,3,Lvl,AllPub,Inside,2,1,Norm,Norm,1Fam,1Story,5,5,Gable,CompShg,VinylSd,VinylSd,0.0,1,2,CBlock,1.0,2.0,0.0,4.0,104,3.0,169,516,789,GasA,4,1,SBrkr,0,0,789,0,0,1,0,2,1,1,5,1,0,Detchd,0.0,250,2.0,2.0,2,0,0,0,0,0,0,0,4,WD,Partial,115000,1,58,0
109,50,RM,85.0,8500,Pave,3,Lvl,AllPub,Corner,2,2,Artery,Norm,1Fam,1.5Fin,5,7,Gable,CompShg,CemntBd,CmentBd,0.0,1,2,CBlock,1.0,2.0,0.0,0.0,0,1.0,0,793,793,GasW,2,0,FuseF,520,0,1517,0,0,2,0,3,1,0,7,1,0,,,0,,,0,0,0,144,0,0,0,0,8,WD,Normal,115000,1,2,0
110,20,RL,105.0,11751,Pave,2,Lvl,AllPub,Inside,2,1,Norm,Norm,1Fam,1Story,6,6,Hip,CompShg,Plywood,Plywood,480.0,1,2,CBlock,2.0,2.0,0.0,3.0,705,1.0,0,1139,1844,GasA,4,1,SBrkr,0,0,1844,0,0,2,0,3,1,1,7,1,1,Attchd,1.0,546,2.0,2.0,2,0,122,0,0,0,0,0,1,COD,Normal,190000,0,33,0
111,50,RL,75.0,9525,Pave,3,Lvl,AllPub,Inside,2,3,Norm,Norm,1Fam,1.5Fin,6,4,Gable,CompShg,Wd Sdng,Wd Sdng,0.0,1,2,CBlock,1.0,1.0,0.0,2.0,444,1.0,0,550,994,GasA,3,1,SBrkr,639,0,1855,0,0,2,0,4,1,1,7,1,0,Attchd,0.0,325,2.0,2.0,2,182,0,0,0,0,0,0,10,WD,Normal,136900,1,34,0
112,80,RL,,7750,Pave,2,Lvl,AllPub,Inside,2,3,Norm,Norm,1Fam,SLvl,7,5,Gable,CompShg,VinylSd,VinylSd,0.0,1,2,PConc,2.0,2.0,0.0,5.0,250,1.0,0,134,384,GasA,4,1,SBrkr,656,0,1430,0,0,2,1,3,1,1,7,1,1,BuiltIn,2.0,400,2.0,2.0,2,180,0,0,0,0,0,0,4,WD,Normal,180000,0,10,0
113,60,RL,77.0,9965,Pave,3,Lvl,AllPub,Inside,2,0,Norm,Norm,1Fam,2Story,7,5,Gable,CompShg,VinylSd,VinylSd,220.0,2,2,PConc,3.0,2.0,2.0,5.0,984,1.0,0,280,1264,GasA,4,1,SBrkr,1414,0,2696,1,0,2,1,4,1,3,10,1,1,BuiltIn,2.0,792,2.0,2.0,2,120,184,0,0,168,0,0,10,New,Partial,383970,0,0,1
114,20,RL,,21000,Pave,3,Bnk,AllPub,Corner,2,0,Norm,Norm,1Fam,1Story,6,5,Hip,CompShg,Wd Sdng,Wd Sdng,184.0,1,3,CBlock,2.0,2.0,1.0,4.0,35,2.0,869,905,1809,GasA,2,1,SBrkr,0,0,2259,1,0,2,0,3,1,2,7,1,2,Basment,0.0,450,2.0,2.0,2,166,120,192,0,0,0,0,10,COD,Abnorml,217000,0,54,0
115,70,RL,61.0,7259,Pave,2,Lvl,AllPub,Inside,1,0,Norm,Norm,1Fam,2Story,6,8,Gambrel,CompShg,Wd Sdng,Wd Sdng,0.0,1,2,CBlock,1.0,2.0,0.0,4.0,774,0.0,150,104,1028,GasA,4,1,SBrkr,884,0,2320,1,0,2,1,3,1,2,9,1,1,Detchd,0.0,180,2.0,2.0,2,224,0,0,0,0,0,0,7,WD,Normal,259500,1,5,0
116,160,FV,34.0,3230,Pave,3,Lvl,AllPub,Corner,2,1,Norm,Norm,TwnhsE,2Story,6,5,Gable,CompShg,MetalSd,MetalSd,1129.0,1,2,PConc,2.0,2.0,0.0,5.0,419,1.0,0,310,729,GasA,3,1,SBrkr,729,0,1458,0,0,2,1,2,1,1,5,1,1,Detchd,0.0,440,2.0,2.0,2,0,32,0,0,0,0,0,6,WD,Normal,176000,0,8,0
117,20,RL,,11616,Pave,3,Lvl,AllPub,Inside,2,2,Norm,Norm,1Fam,1Story,5,5,Gable,CompShg,Wd Sdng,Wd Sdng,116.0,1,2,CBlock,1.0,2.0,0.0,1.0,170,3.0,670,252,1092,GasA,2,1,SBrkr,0,0,1092,0,1,1,0,3,1,1,6,1,1,Attchd,0.0,288,2.0,2.0,2,0,20,144,0,0,0,0,9,WD,Normal,139000,0,47,0
118,20,RL,74.0,8536,Pave,3,Lvl,AllPub,Corner,2,3,Norm,Norm,1Fam,1Story,5,5,Gable,CompShg,VinylSd,VinylSd,0.0,1,2,PConc,2.0,2.0,0.0,0.0,0,1.0,0,1125,1125,GasA,3,1,SBrkr,0,0,1125,0,0,1,1,2,1,1,5,1,0,Attchd,0.0,430,2.0,2.0,2,80,64,0,0,0,0,0,4,New,Partial,155000,1,0,0
119,60,RL,90.0,12376,Pave,3,Lvl,AllPub,Corner,2,2,Norm,Norm,1Fam,2Story,7,5,Hip,CompShg,Plywood,Plywood,0.0,1,2,PConc,2.0,2.0,1.0,5.0,1470,1.0,0,203,1673,GasA,3,1,SBrkr,1523,0,3222,1,0,3,0,5,1,2,11,1,2,Attchd,0.0,594,2.0,2.0,2,367,0,0,0,0,0,0,5,WD,Normal,320000,0,20,0
120,60,RL,65.0,8461,Pave,3,Lvl,AllPub,Inside,2,0,Norm,Norm,1Fam,2Story,6,5,Gable,CompShg,VinylSd,VinylSd,0.0,2,2,PConc,2.0,2.0,0.0,0.0,0,1.0,0,728,728,GasA,4,1,SBrkr,728,0,1456,0,0,2,1,3,1,2,8,1,1,Attchd,2.0,390,2.0,2.0,2,0,24,0,0,0,0,0,7,New,Partial,163990,1,0,0
121,80,RL,,21453,Pave,2,Low,AllPub,CulDSac,0,3,Norm,Norm,1Fam,SLvl,6,5,Flat,Metal,Plywood,Plywood,0.0,1,2,CBlock,1.0,2.0,3.0,4.0,938,1.0,0,0,938,GasA,4,1,SBrkr,0,0,988,1,0,1,0,1,1,1,4,1,2,Attchd,0.0,540,2.0,2.0,2,0,130,0,130,0,0,0,10,WD,Normal,180000,0,37,0
122,50,RM,50.0,6060,Pave,3,Lvl,AllPub,Inside,2,2,Norm,Norm,1Fam,1.5Fin,4,5,Gable,CompShg,AsbShng,AsbShng,0.0,1,2,PConc,1.0,2.0,0.0,0.0,0,1.0,0,732,732,GasA,3,1,SBrkr,351,0,1123,0,0,1,0,3,1,1,4,1,0,Detchd,0.0,264,2.0,2.0,1,0,0,140,0,0,0,0,6,WD,Normal,100000,1,57,0
123,20,RL,75.0,9464,Pave,3,Lvl,AllPub,Corner,2,2,Norm,Norm,1Fam,1Story,6,7,Hip,CompShg,MetalSd,MetalSd,135.0,1,3,CBlock,1.0,2.0,0.0,3.0,570,1.0,0,510,1080,GasA,3,1,SBrkr,0,0,1080,0,0,1,0,3,1,1,5,1,0,Attchd,0.0,288,2.0,2.0,2,0,0,0,0,130,0,0,6,WD,Normal,136000,0,50,0
124,120,RL,55.0,7892,Pave,3,Lvl,AllPub,Inside,2,2,Norm,Norm,TwnhsE,1Story,6,5,Gable,CompShg,Plywood,Plywood,0.0,2,2,PConc,2.0,2.0,0.0,5.0,300,1.0,0,899,1199,GasA,4,1,SBrkr,0,0,1199,0,0,2,0,2,1,2,5,1,0,Attchd,1.0,530,2.0,2.0,2,0,63,0,0,0,0,0,3,WD,Normal,153900,0,15,0
125,20,RL,48.0,17043,Pave,2,Lvl,AllPub,CulDSac,2,1,Norm,Norm,1Fam,1Story,6,5,Gable,CompShg,HdBoard,HdBoard,0.0,1,3,CBlock,2.0,1.0,0.0,0.0,0,1.0,0,1362,1362,GasA,2,1,SBrkr,0,0,1586,0,0,2,0,3,1,1,7,1,1,Attchd,0.0,435,2.0,2.0,2,192,0,0,0,0,0,0,1,WD,Normal,181000,1,11,0
126,190,RM,60.0,6780,Pave,3,Lvl,AllPub,Inside,2,2,Norm,Norm,2fmCon,1.5Fin,6,8,Gable,CompShg,Wd Sdng,Wd Sdng,0.0,1,1,CBlock,1.0,2.0,2.0,5.0,490,1.0,0,30,520,GasA,3,0,SBrkr,0,234,754,1,0,1,0,2,1,1,5,1,0,,,0,,,0,53,0,0,0,0,0,0,6,WD,Normal,84500,1,24,0
127,120,RL,,4928,Pave,2,Lvl,AllPub,Inside,2,3,Norm,Norm,TwnhsE,1Story,6,5,Gable,CompShg,Plywood,Plywood,0.0,1,2,CBlock,2.0,2.0,0.0,4.0,120,1.0,0,958,1078,GasA,2,1,SBrkr,0,0,958,0,0,2,0,2,1,1,5,1,1,Attchd,1.0,440,2.0,2.0,2,0,205,0,0,0,0,0,2,WD,Normal,128000,0,31,0
128,45,RM,55.0,4388,Pave,2,Bnk,AllPub,Inside,2,1,Feedr,Norm,1Fam,1.5Unf,5,7,Gable,CompShg,WdShing,Wd Sdng,0.0,1,3,BrkTil,1.0,2.0,0.0,1.0,116,1.0,0,556,672,GasA,4,1,SBrkr,0,0,840,0,0,1,0,3,1,1,5,1,1,,,0,,,0,0,0,0,0,0,0,0,6,WD,Normal,87000,1,57,0
129,60,RL,69.0,7590,Pave,3,Lvl,AllPub,Inside,2,2,PosN,Norm,1Fam,2Story,6,5,Gable,CompShg,VinylSd,VinylSd,266.0,1,2,CBlock,1.0,2.0,0.0,3.0,512,1.0,0,148,660,GasA,2,1,SBrkr,688,0,1348,0,0,1,1,3,1,1,6,1,1,Attchd,1.0,453,2.0,2.0,2,188,108,0,0,0,0,0,7,WD,Normal,155000,0,40,0
130,20,RL,69.0,8973,Pave,3,Lvl,AllPub,Inside,2,2,Norm,Norm,1Fam,1Story,5,7,Gable,CompShg,Plywood,Plywood,85.0,1,2,CBlock,1.0,2.0,0.0,2.0,567,3.0,28,413,1008,GasA,2,1,FuseA,0,0,1053,0,1,1,1,3,1,3,6,1,0,2Types,1.0,750,2.0,2.0,2,0,80,0,180,0,0,0,7,WD,Abnorml,150000,1,15,0
131,60,RL,88.0,14200,Pave,3,Lvl,AllPub,Corner,2,2,Norm,Norm,1Fam,2Story,7,6,Gable,CompShg,MetalSd,MetalSd,309.0,1,2,CBlock,1.0,2.0,0.0,2.0,445,1.0,0,479,924,GasA,4,1,SBrkr,941,0,2157,0,0,2,1,4,1,2,8,1,2,Attchd,2.0,487,2.0,2.0,2,105,66,0,0,0,0,0,5,WD,Normal,226000,0,40,0
132,60,RL,,12224,Pave,2,Lvl,AllPub,Corner,2,3,Norm,Norm,1Fam,2Story,6,5,Gable,CompShg,VinylSd,VinylSd,40.0,2,2,PConc,2.0,2.0,0.0,5.0,695,1.0,0,297,992,GasA,4,1,SBrkr,1032,0,2054,1,0,2,1,3,1,2,7,1,1,BuiltIn,1.0,390,2.0,2.0,2,24,48,0,0,0,0,0,7,WD,Normal,244000,0,9,0
133,20,RL,75.0,7388,Pave,3,Lvl,AllPub,Corner,2,2,Norm,Norm,1Fam,1Story,5,6,Gable,CompShg,MetalSd,MetalSd,0.0,1,2,CBlock,1.0,2.0,0.0,2.0,405,1.0,0,658,1063,GasA,3,1,SBrkr,0,0,1327,1,0,1,0,3,1,2,7,1,0,Detchd,0.0,624,2.0,2.0,2,0,0,0,0,0,0,0,7,WD,Normal,150750,1,5,0
134,20,RL,,6853,Pave,2,Lvl,AllPub,Inside,2,3,Norm,Norm,1Fam,1Story,8,5,Gable,CompShg,VinylSd,VinylSd,136.0,2,2,PConc,3.0,2.0,0.0,5.0,1005,1.0,0,262,1267,GasA,4,1,SBrkr,0,0,1296,1,0,2,0,2,1,2,6,1,0,Attchd,2.0,471,2.0,2.0,2,192,25,0,0,0,0,0,6,WD,Normal,220000,1,7,0
135,20,RL,78.0,10335,Pave,2,Lvl,AllPub,Inside,2,2,Norm,Norm,1Fam,1Story,5,6,Gable,CompShg,Plywood,Plywood,0.0,1,2,CBlock,1.0,2.0,0.0,2.0,570,1.0,0,891,1461,GasA,3,1,SBrkr,0,0,1721,0,0,2,1,3,1,1,7,6,1,Attchd,1.0,440,2.0,2.0,2,0,96,180,0,0,0,0,7,WD,Normal,180000,1,13,0
136,20,RL,80.0,10400,Pave,3,Lvl,AllPub,Inside,2,1,Norm,Norm,1Fam,1Story,7,6,Hip,CompShg,Plywood,Plywood,288.0,1,2,PConc,1.0,2.0,0.0,0.0,0,1.0,0,1304,1304,GasA,3,1,SBrkr,0,0,1682,0,0,2,0,3,1,1,7,1,1,Attchd,0.0,530,2.0,2.0,2,98,0,0,0,0,0,0,5,WD,Normal,174000,0,38,0
137,20,RL,,10355,Pave,2,Lvl,AllPub,Corner,2,2,Norm,Norm,1Fam,1Story,5,5,Gable,CompShg,MetalSd,MetalSd,196.0,1,2,CBlock,1.0,2.0,0.0,3.0,695,1.0,0,519,1214,GasA,2,1,SBrkr,0,0,1214,0,0,2,0,3,1,1,5,1,1,Attchd,1.0,318,2.0,2.0,2,0,111,0,0,0,0,0,7,WD,Normal,143000,0,40,0
138,90,RL,82.0,11070,Pave,3,Lvl,AllPub,Inside,2,1,Norm,Norm,Duplex,1Story,7,5,Gable,CompShg,VinylSd,VinylSd,70.0,1,2,CBlock,1.0,2.0,0.0,0.0,0,1.0,0,1907,1907,GasA,3,1,SBrkr,0,0,1959,0,0,3,0,5,2,1,9,1,0,2Types,0.0,766,2.0,2.0,2,0,0,0,0,0,0,0,7,WD,Family,171000,1,17,0
139,60,RL,73.0,9066,Pave,2,Lvl,AllPub,Inside,2,0,Norm,Norm,1Fam,2Story,8,5,Gable,CompShg,VinylSd,VinylSd,320.0,2,2,PConc,2.0,2.0,1.0,5.0,668,1.0,0,336,1004,GasA,4,1,SBrkr,848,0,1852,0,0,2,1,3,1,2,7,1,2,Attchd,2.0,660,2.0,2.0,2,224,106,0,0,0,0,0,12,WD,Normal,230000,1,8,0
140,60,RL,65.0,15426,Pave,2,Lvl,AllPub,Inside,2,0,Norm,Norm,1Fam,2Story,6,5,Gable,CompShg,VinylSd,VinylSd,0.0,1,2,PConc,2.0,2.0,0.0,5.0,821,1.0,0,107,928,GasA,4,1,SBrkr,836,0,1764,1,0,2,1,3,1,2,7,1,0,Attchd,1.0,470,2.0,2.0,2,276,99,0,0,0,0,0,8,WD,Normal,231500,0,12,0
141,20,RL,70.0,10500,Pave,3,Lvl,AllPub,FR2,2,2,Norm,Norm,1Fam,1Story,4,5,Gable,CompShg,HdBoard,HdBoard,0.0,1,2,CBlock,1.0,2.0,0.0,4.0,432,1.0,0,432,864,GasA,2,1,SBrkr,0,0,864,0,0,1,0,3,1,1,5,1,1,,,0,,,2,0,0,0,0,0,0,0,4,ConLI,Normal,115000,0,39,0
142,20,RL,78.0,11645,Pave,3,Lvl,AllPub,Inside,2,0,Norm,Norm,1Fam,1Story,7,5,Gable,CompShg,VinylSd,VinylSd,0.0,2,2,PConc,2.0,2.0,2.0,5.0,1300,1.0,0,434,1734,GasA,4,1,SBrkr,0,0,1734,1,0,2,0,3,1,2,7,1,0,Attchd,2.0,660,2.0,2.0,2,160,24,0,0,0,0,0,1,WD,Normal,260000,0,1,0
143,50,RL,71.0,8520,Pave,3,Lvl,AllPub,Corner,2,2,Artery,Norm,1Fam,1.5Fin,5,4,Gable,CompShg,BrkFace,Wd Sdng,0.0,1,1,CBlock,1.0,2.0,0.0,2.0,507,1.0,0,403,910,GasA,1,1,SBrkr,475,0,1385,0,0,2,0,4,1,1,6,1,0,Detchd,0.0,720,2.0,2.0,2,0,0,0,0,0,0,0,6,WD,Normal,166000,0,58,0
144,20,RL,78.0,10335,Pave,2,Lvl,AllPub,Inside,2,0,Norm,Norm,1Fam,1Story,7,5,Gable,CompShg,VinylSd,VinylSd,183.0,2,2,PConc,2.0,2.0,3.0,5.0,679,1.0,0,811,1490,GasA,4,1,SBrkr,0,0,1501,1,0,2,0,3,1,2,6,1,0,Attchd,1.0,577,2.0,2.0,2,144,29,0,0,0,0,0,6,WD,Normal,204000,0,10,0
145,90,RM,70.0,9100,Pave,3,Lvl,AllPub,Inside,2,2,RRAe,Norm,Duplex,1Story,5,5,Gable,CompShg,HdBoard,HdBoard,336.0,1,2,CBlock,1.0,2.0,0.0,2.0,1332,1.0,0,396,1728,GasA,2,1,SBrkr,0,0,1728,1,0,2,0,6,2,1,10,1,0,Detchd,0.0,504,2.0,2.0,2,0,0,0,0,0,0,0,11,ConLI,Abnorml,125000,0,43,0
146,160,RM,24.0,2522,Pave,3,Lvl,AllPub,Inside,2,3,Norm,Norm,Twnhs,2Story,6,5,Gable,CompShg,VinylSd,VinylSd,50.0,2,2,PConc,2.0,2.0,0.0,0.0,0,1.0,0,970,970,GasA,4,1,SBrkr,739,0,1709,0,0,2,0,3,1,2,7,3,0,Detchd,0.0,380,2.0,2.0,2,0,40,0,0,0,0,0,4,WD,Normal,130000,1,0,0
147,30,RM,51.0,6120,Pave,3,Lvl,AllPub,Corner,2,1,Norm,Norm,1Fam,1Story,5,7,Gable,CompShg,Wd Sdng,Wd Sdng,0.0,1,2,BrkTil,1.0,2.0,0.0,3.0,209,1.0,0,506,715,GasA,2,1,FuseA,0,0,875,1,0,1,0,2,1,1,5,1,0,Detchd,0.0,180,1.0,2.0,2,48,0,0,0,0,0,0,11,WD,Normal,105000,1,16,0
148,60,RL,,9505,Pave,2,Lvl,AllPub,CulDSac,2,3,Norm,Norm,1Fam,2Story,7,5,Gable,CompShg,VinylSd,VinylSd,180.0,2,2,PConc,2.0,2.0,0.0,0.0,0,1.0,0,884,884,GasA,4,1,SBrkr,1151,0,2035,0,0,2,1,3,1,2,8,1,1,BuiltIn,2.0,434,2.0,2.0,2,144,48,0,0,0,0,0,5,WD,Normal,222500,0,9,0
149,20,RL,63.0,7500,Pave,3,Lvl,AllPub,Inside,2,2,Norm,Norm,1Fam,1Story,7,5,Gable,CompShg,VinylSd,VinylSd,120.0,1,2,PConc,2.0,2.0,0.0,5.0,680,1.0,0,400,1080,GasA,4,1,SBrkr,0,0,1080,1,0,1,0,3,1,2,6,1,0,,,0,,,2,0,0,0,0,0,0,0,4,WD,Normal,141000,1,3,0
150,50,RM,,6240,Pave,3,Lvl,AllPub,Inside,2,1,Norm,Norm,1Fam,1.5Fin,5,4,Gable,CompShg,MetalSd,MetalSd,0.0,1,2,BrkTil,2.0,2.0,0.0,0.0,0,1.0,0,896,896,GasA,3,1,FuseA,448,0,1344,0,0,1,0,3,1,1,7,1,0,Detchd,0.0,240,1.0,2.0,2,200,114,0,0,0,0,0,4,WD,Normal,115000,1,56,0
151,20,RL,120.0,10356,Pave,3,Lvl,AllPub,Corner,2,0,Norm,Norm,1Fam,1Story,5,6,Gable,CompShg,HdBoard,HdBoard,0.0,1,2,CBlock,1.0,2.0,2.0,3.0,716,1.0,0,253,969,GasA,2,1,SBrkr,0,0,969,0,0,1,1,3,1,1,5,1,0,Attchd,0.0,440,2.0,2.0,2,0,0,0,0,0,0,0,1,WD,Normal,122000,0,32,0
152,20,RL,107.0,13891,Pave,3,Lvl,AllPub,Inside,2,2,Norm,Norm,1Fam,1Story,8,5,Hip,CompShg,VinylSd,VinylSd,436.0,2,2,PConc,3.0,2.0,3.0,5.0,1400,1.0,0,310,1710,GasA,4,1,SBrkr,0,0,1710,1,0,2,0,2,1,2,6,1,1,Attchd,1.0,866,2.0,2.0,2,0,102,0,0,0,0,0,1,New,Partial,372402,1,0,0
153,60,RL,,14803,Pave,2,Lvl,AllPub,CulDSac,2,1,Norm,Norm,1Fam,2Story,6,5,Gable,CompShg,HdBoard,HdBoard,252.0,1,2,CBlock,1.0,2.0,0.0,2.0,416,1.0,0,409,825,GasA,3,1,SBrkr,896,0,1993,0,0,2,1,4,1,1,8,1,1,Attchd,1.0,495,2.0,2.0,2,0,66,0,0,0,0,0,6,WD,Normal,190000,0,35,0
154,20,RL,,13500,Pave,3,Lvl,AllPub,Inside,2,3,Norm,Norm,1Fam,1Story,6,7,Flat,CompShg,BrkFace,Plywood,0.0,1,2,CBlock,2.0,2.0,3.0,3.0,429,4.0,1080,93,1602,GasA,3,1,SBrkr,0,0,1252,1,0,1,0,1,1,1,4,1,1,Attchd,1.0,564,2.0,2.0,2,409,0,0,0,0,0,0,3,WD,Normal,235000,1,33,0
155,30,RM,84.0,11340,Pave,3,Lvl,AllPub,Corner,2,1,Norm,Norm,1Fam,1Story,6,5,Gable,CompShg,Wd Sdng,Wd Sdng,0.0,1,2,BrkTil,1.0,2.0,0.0,0.0,0,1.0,0,1200,1200,GasA,2,1,FuseA,0,0,1200,0,0,1,0,4,1,1,7,1,0,Detchd,0.0,312,1.0,1.0,2,0,0,228,0,0,0,0,3,WD,Family,125000,1,56,0
156,50,RL,60.0,9600,Pave,3,Lvl,AllPub,Corner,2,3,Artery,Norm,1Fam,1.5Fin,6,5,Gable,CompShg,Wd Sdng,Wd Sdng,0.0,1,2,BrkTil,1.0,2.0,0.0,0.0,0,1.0,0,572,572,Grav,1,0,FuseF,524,0,1096,0,0,1,0,2,1,1,5,1,0,,,0,,,0,0,8,128,0,0,0,0,4,WD,Normal,79000,1,58,0
157,20,RL,60.0,7200,Pave,3,Lvl,AllPub,Inside,2,2,Norm,Norm,1Fam,1Story,5,7,Hip,CompShg,Wd Sdng,Wd Sdng,0.0,1,2,CBlock,,,,,0,,0,0,0,GasA,2,1,FuseF,0,0,1040,0,0,1,0,2,1,1,5,1,0,Detchd,0.0,625,2.0,2.0,2,0,0,0,0,0,0,0,6,WD,Normal,109500,0,56,0
158,60,RL,92.0,12003,Pave,3,Lvl,AllPub,Corner,2,3,Norm,Norm,1Fam,2Story,8,5,Gable,CompShg,VinylSd,VinylSd,84.0,2,2,PConc,3.0,2.0,0.0,0.0,0,1.0,0,774,774,GasA,4,1,SBrkr,1194,0,1968,0,0,2,1,4,1,3,8,1,1,BuiltIn,2.0,680,2.0,2.0,2,0,75,0,0,0,0,0,5,New,Partial,269500,1,0,0
159,60,FV,100.0,12552,Pave,3,Lvl,AllPub,Corner,2,1,Norm,Norm,1Fam,2Story,7,5,Gable,CompShg,VinylSd,VinylSd,0.0,2,2,PConc,2.0,2.0,0.0,5.0,222,1.0,0,769,991,GasA,4,1,SBrkr,956,0,1947,0,0,2,1,3,1,2,8,1,1,Attchd,1.0,678,2.0,2.0,2,0,136,0,0,0,0,0,5,WD,Normal,254900,1,5,0
160,60,RL,134.0,19378,Pave,2,HLS,AllPub,Corner,2,3,Norm,Norm,1Fam,2Story,7,5,Gable,CompShg,VinylSd,VinylSd,456.0,2,2,PConc,2.0,2.0,1.0,5.0,57,1.0,0,1335,1392,GasA,4,1,SBrkr,1070,0,2462,1,0,2,1,4,1,2,9,1,1,Attchd,1.0,576,2.0,2.0,2,239,132,0,168,0,0,0,3,New,Partial,320000,1,0,0
161,20,RL,,11120,Pave,2,Lvl,AllPub,CulDSac,2,0,Norm,Norm,1Fam,1Story,6,6,Gable,CompShg,Plywood,Plywood,0.0,1,2,PConc,2.0,2.0,0.0,3.0,660,1.0,0,572,1232,GasA,2,1,SBrkr,0,0,1232,0,0,2,0,3,1,1,6,1,0,Attchd,0.0,516,2.0,2.0,2,0,0,0,0,0,0,0,6,WD,Normal,162500,0,24,0
162,60,RL,110.0,13688,Pave,2,Lvl,AllPub,Inside,2,2,Norm,Norm,1Fam,2Story,9,5,Gable,CompShg,VinylSd,VinylSd,664.0,2,2,PConc,3.0,2.0,2.0,5.0,1016,1.0,0,556,1572,GasA,4,1,SBrkr,1096,0,2668,1,0,2,1,3,1,3,10,1,2,BuiltIn,2.0,726,2.0,2.0,2,400,0,0,0,0,0,0,3,WD,Normal,412500,1,4,0
163,20,RL,95.0,12182,Pave,3,Lvl,AllPub,Corner,2,2,Norm,Norm,1Fam,1Story,7,5,Gable,CompShg,VinylSd,VinylSd,226.0,2,2,PConc,2.0,2.0,1.0,3.0,1201,1.0,0,340,1541,GasA,4,1,SBrkr,0,0,1541,0,0,2,0,3,1,2,7,1,1,Attchd,1.0,532,2.0,2.0,2,0,70,0,0,0,0,0,5,New,Partial,220000,0,5,0
164,45,RL,55.0,5500,Pave,3,Lvl,AllPub,Inside,2,1,Norm,Norm,1Fam,1.5Unf,4,6,Gable,CompShg,MetalSd,MetalSd,0.0,1,2,CBlock,1.0,2.0,0.0,0.0,0,1.0,0,882,882,GasA,4,1,SBrkr,0,0,882,0,0,1,0,1,1,1,4,1,0,,,0,,,2,0,0,0,0,0,0,0,4,WD,Normal,103200,0,51,0
165,40,RM,40.0,5400,Pave,3,Lvl,AllPub,Corner,2,1,Norm,Norm,1Fam,1Story,6,7,Gable,CompShg,MetalSd,MetalSd,0.0,1,3,BrkTil,1.0,2.0,1.0,1.0,370,1.0,0,779,1149,GasA,3,1,FuseA,467,0,1616,0,0,2,0,3,1,2,5,1,0,Detchd,0.0,216,2.0,2.0,2,0,0,183,0,0,0,0,10,WD,Normal,152000,1,3,0
166,190,RL,62.0,10106,Pave,3,Lvl,AllPub,Inside,2,3,Norm,Norm,2fmCon,1.5Fin,5,7,Gable,CompShg,Wd Sdng,Wd Sdng,0.0,1,3,BrkTil,1.0,2.0,0.0,4.0,351,2.0,181,112,644,GasA,3,1,SBrkr,547,0,1355,1,0,2,0,4,2,1,6,1,0,,,0,,,2,140,0,0,0,0,0,0,9,WD,Normal,127500,1,9,0
167,20,RL,,10708,Pave,2,Lvl,AllPub,Inside,2,3,Norm,Norm,1Fam,1Story,5,5,Hip,CompShg,Wd Sdng,Wd Sdng,0.0,2,2,CBlock,1.0,2.0,0.0,1.0,379,3.0,768,470,1617,GasA,4,1,FuseA,0,0,1867,1,0,1,0,2,1,1,7,1,3,Attchd,2.0,303,2.0,2.0,2,476,0,0,0,142,0,0,11,COD,Normal,190000,1,16,0
168,60,RL,86.0,10562,Pave,3,Lvl,AllPub,Inside,2,2,Norm,Norm,1Fam,2Story,8,5,Gable,CompShg,VinylSd,VinylSd,300.0,2,2,PConc,3.0,2.0,0.0,5.0,1288,1.0,0,294,1582,GasA,4,1,SBrkr,551,0,2161,1,0,1,1,3,1,3,8,1,1,Attchd,2.0,789,2.0,2.0,2,178,120,0,0,0,0,0,11,New,Partial,325624,0,0,1
169,60,RL,62.0,8244,Pave,2,Lvl,AllPub,Inside,2,3,Norm,Norm,1Fam,2Story,7,5,Gable,CompShg,VinylSd,VinylSd,0.0,2,2,PConc,2.0,2.0,0.0,0.0,0,1.0,0,840,840,GasA,4,1,SBrkr,880,0,1720,0,0,2,1,3,1,2,7,1,1,Attchd,2.0,440,2.0,2.0,2,100,48,0,0,0,0,0,5,WD,Normal,183500,0,3,0
170,20,RL,,16669,Pave,2,Lvl,AllPub,Corner,2,3,Norm,Norm,1Fam,1Story,8,6,Hip,WdShake,Plywood,Plywood,653.0,2,2,CBlock,2.0,2.0,0.0,0.0,0,1.0,0,1686,1686,GasA,2,1,SBrkr,0,0,1707,0,0,2,1,2,1,1,6,1,1,Attchd,1.0,511,2.0,2.0,2,574,64,0,0,0,0,0,1,WD,Normal,228000,0,25,0
171,50,RM,,12358,Pave,2,Lvl,AllPub,Inside,2,1,Feedr,Norm,1Fam,1.5Fin,5,6,Gable,CompShg,MetalSd,MetalSd,0.0,1,2,CBlock,1.0,2.0,0.0,2.0,360,1.0,0,360,720,GasA,2,1,SBrkr,0,528,1382,0,0,1,1,2,1,1,7,1,0,Detchd,0.0,660,2.0,2.0,2,237,0,0,0,0,0,0,5,WD,Normal,128500,1,57,0
172,20,RL,141.0,31770,Pave,2,Lvl,AllPub,Corner,2,2,Norm,Norm,1Fam,1Story,6,5,Hip,CompShg,BrkFace,Plywood,112.0,1,2,CBlock,1.0,3.0,3.0,3.0,639,1.0,0,441,1080,GasA,1,1,SBrkr,0,0,1656,1,0,1,0,3,1,1,7,1,2,Attchd,2.0,528,2.0,2.0,1,210,62,0,0,0,0,0,5,WD,Normal,215000,0,50,0
173,160,RL,44.0,5306,Pave,2,Lvl,AllPub,Inside,2,3,Norm,Norm,TwnhsE,2Story,7,7,Gable,CompShg,HdBoard,HdBoard,0.0,2,3,PConc,2.0,3.0,0.0,5.0,495,2.0,215,354,1064,GasA,3,1,SBrkr,703,0,1767,1,0,2,0,2,1,2,5,1,1,Attchd,1.0,504,3.0,2.0,2,441,35,0,0,0,0,0,6,WD,Normal,239000,0,19,0
174,20,RL,80.0,10197,Pave,2,Lvl,AllPub,Inside,2,2,Norm,Norm,1Fam,1Story,6,5,Gable,CompShg,WdShing,Wd Shng,491.0,1,2,CBlock,1.0,2.0,0.0,4.0,288,2.0,374,700,1362,GasA,2,1,SBrkr,0,0,1362,1,0,1,1,3,1,1,6,1,1,Attchd,0.0,504,2.0,2.0,2,0,20,0,0,0,0,0,6,COD,Normal,163000,0,47,0
175,20,RL,47.0,12416,Pave,2,Lvl,AllPub,Inside,2,3,Norm,Norm,1Fam,1Story,6,5,Gable,CompShg,VinylSd,Plywood,132.0,1,2,CBlock,2.0,1.0,0.0,4.0,1398,0.0,208,0,1606,GasA,2,1,SBrkr,0,0,1651,1,0,2,0,3,1,1,7,5,1,Attchd,2.0,616,2.0,2.0,2,192,0,0,0,0,0,0,11,WD,Normal,184000,0,22,0
176,20,RL,84.0,12615,Pave,3,Lvl,AllPub,Corner,2,3,Norm,Norm,1Fam,1Story,6,7,Gable,CompShg,WdShing,Wd Shng,0.0,1,2,CBlock,1.0,3.0,2.0,4.0,477,1.0,0,725,1202,GasA,2,1,SBrkr,0,0,2158,1,0,2,0,4,1,2,7,1,1,Attchd,0.0,576,2.0,2.0,2,0,29,39,0,0,0,0,6,WD,Normal,243000,1,6,0
177,60,RL,97.0,10029,Pave,2,Lvl,AllPub,Corner,2,3,Norm,Norm,1Fam,2Story,6,5,Gable,CompShg,Plywood,Plywood,268.0,2,2,PConc,2.0,2.0,0.0,5.0,831,1.0,0,320,1151,GasA,2,1,SBrkr,896,0,2060,0,1,2,1,4,1,1,8,1,1,Attchd,0.0,521,2.0,2.0,2,0,228,0,0,192,0,0,9,WD,Normal,211000,1,18,0
178,50,RL,,13650,Pave,3,Lvl,AllPub,Inside,2,2,Norm,Norm,1Fam,1.5Fin,5,5,Gable,CompShg,MetalSd,MetalSd,0.0,2,3,CBlock,1.0,2.0,0.0,4.0,57,3.0,441,554,1052,GasA,4,1,SBrkr,668,0,1920,1,0,2,0,4,1,2,8,1,1,Attchd,0.0,451,2.0,2.0,2,0,0,0,0,0,0,0,7,WD,Normal,172500,0,48,0
179,20,RL,63.0,17423,Pave,2,Lvl,AllPub,CulDSac,2,3,Norm,Norm,1Fam,1Story,9,5,Hip,CompShg,VinylSd,VinylSd,748.0,3,2,PConc,3.0,2.0,0.0,5.0,1904,1.0,0,312,2216,GasA,4,1,SBrkr,0,0,2234,1,0,2,0,1,1,3,9,1,1,Attchd,2.0,1166,2.0,2.0,2,0,60,0,0,0,0,0,7,New,Partial,501837,1,0,0
180,30,RM,60.0,8520,Pave,3,Lvl,AllPub,Inside,2,1,Norm,Norm,1Fam,1Story,5,6,Gable,CompShg,Wd Sdng,Wd Sdng,0.0,2,2,CBlock,1.0,2.0,0.0,0.0,0,1.0,0,968,968,GasA,2,1,SBrkr,0,0,968,0,0,1,0,2,1,1,5,1,0,Detchd,0.0,480,1.0,2.0,0,0,0,184,0,0,0,0,7,WD,Normal,100000,1,1,0
181,160,FV,,2117,Pave,3,Lvl,AllPub,Inside,2,1,Norm,Norm,Twnhs,2Story,6,5,Gable,CompShg,MetalSd,MetalSd,456.0,2,2,PConc,2.0,2.0,0.0,5.0,436,1.0,0,320,756,GasA,4,1,SBrkr,756,0,1525,0,0,2,1,3,1,2,5,1,1,Detchd,0.0,440,2.0,2.0,2,0,0,0,0,0,0,0,6,WD,Normal,177000,0,7,0
182,70,RL,54.0,7588,Pave,3,Lvl,AllPub,Inside,2,0,Norm,Norm,1Fam,2Story,7,6,Gable,CompShg,Stucco,Stucco,0.0,1,2,BrkTil,0.0,2.0,0.0,1.0,352,1.0,0,441,793,GasA,3,1,SBrkr,901,0,1802,0,0,1,1,4,1,1,9,1,1,Detchd,0.0,216,1.0,2.0,2,0,0,40,0,0,0,0,7,WD,Normal,200100,1,56,0
183,20,RL,60.0,9060,Pave,3,Lvl,AllPub,Inside,2,3,Artery,Norm,1Fam,1Story,5,6,Hip,CompShg,Wd Sdng,Wd Sdng,98.0,1,2,PConc,,,,,0,,0,0,0,GasA,4,1,SBrkr,0,0,1340,0,0,1,0,3,1,1,7,1,1,Attchd,1.0,252,2.0,2.0,2,116,0,0,180,0,0,0,6,WD,Normal,120000,1,1,0
184,50,RM,63.0,11426,Pave,3,Lvl,AllPub,Inside,2,1,Norm,Norm,1Fam,1.5Fin,7,5,Gable,CompShg,VinylSd,VinylSd,0.0,1,2,PConc,2.0,2.0,0.0,0.0,0,1.0,0,1362,1362,GasA,4,1,SBrkr,720,0,2082,0,0,2,1,3,1,2,6,4,0,Detchd,0.0,484,2.0,2.0,0,280,238,0,0,0,0,0,6,WD,Normal,200000,0,5,0
185,50,RL,92.0,7438,Pave,2,Lvl,AllPub,Inside,2,1,RRAn,Feedr,1Fam,1.5Fin,5,8,Gable,CompShg,AsbShng,Plywood,0.0,1,2,PConc,0.0,2.0,0.0,0.0,0,1.0,0,504,504,GasA,3,1,SBrkr,316,0,1252,0,0,1,0,3,1,1,5,1,0,Attchd,0.0,576,2.0,2.0,2,104,0,0,0,0,0,0,6,WD,Normal,127000,1,15,0
186,75,RM,90.0,22950,Pave,1,Lvl,AllPub,Inside,2,1,Artery,Norm,1Fam,2.5Fin,10,9,Gable,WdShngl,Wd Sdng,Wd Sdng,0.0,2,3,BrkTil,1.0,2.0,1.0,0.0,0,1.0,0,1107,1107,GasA,4,1,SBrkr,1518,572,3608,0,0,2,1,4,1,3,12,1,2,Detchd,0.0,840,4.0,2.0,2,0,260,0,0,410,0,0,6,WD,Normal,475000,1,13,0
187,80,RL,,9947,Pave,2,Lvl,AllPub,CulDSac,2,1,Norm,Norm,1Fam,SLvl,7,5,Gable,CompShg,HdBoard,HdBoard,0.0,1,2,PConc,2.0,2.0,2.0,5.0,611,1.0,0,577,1188,GasA,4,1,SBrkr,0,0,1217,1,0,2,0,3,1,2,6,1,0,Attchd,0.0,497,2.0,2.0,2,168,27,0,0,0,0,0,6,WD,Normal,173000,1,18,0
188,50,RL,60.0,10410,Pave,3,Lvl,AllPub,Inside,2,1,Norm,Norm,1Fam,1.5Fin,5,7,Gable,CompShg,HdBoard,HdBoard,0.0,1,2,CBlock,0.0,2.0,0.0,0.0,0,1.0,0,660,660,GasA,4,1,SBrkr,704,144,1656,0,0,2,1,3,1,1,8,5,0,Detchd,0.0,180,1.0,1.0,0,0,0,0,140,0,0,0,8,WD,Normal,135000,1,22,0
189,90,RL,64.0,7018,Pave,3,Bnk,AllPub,Inside,2,2,Feedr,Norm,Duplex,SFoyer,5,5,Gable,CompShg,Plywood,Plywood,275.0,1,2,CBlock,2.0,2.0,2.0,5.0,1086,1.0,0,0,1086,GasA,2,1,SBrkr,0,0,1224,2,0,0,2,2,2,1,6,1,2,Detchd,0.0,528,2.0,2.0,2,120,0,0,0,0,0,0,6,WD,Alloca,153337,0,30,0
190,120,RL,41.0,4923,Pave,3,Lvl,AllPub,Inside,2,3,Norm,Norm,TwnhsE,1Story,8,5,Gable,CompShg,CemntBd,CmentBd,0.0,2,2,PConc,3.0,2.0,2.0,5.0,1153,1.0,0,440,1593,GasA,4,1,SBrkr,0,0,1593,1,0,1,1,0,1,3,5,1,1,Attchd,2.0,682,2.0,2.0,2,0,120,0,0,224,0,0,8,WD,Normal,286000,1,6,0
191,70,RL,70.0,10570,Pave,3,Bnk,AllPub,Inside,1,0,Norm,Norm,1Fam,2Story,8,8,Hip,CompShg,BrkFace,BrkFace,0.0,2,2,CBlock,2.0,3.0,0.0,2.0,297,1.0,0,556,853,GasA,2,1,SBrkr,1178,0,2727,0,0,2,1,3,1,2,10,3,2,Detchd,0.0,440,2.0,2.0,2,0,74,0,0,0,0,0,12,WD,Normal,315000,1,13,0
192,60,RL,,7472,Pave,2,Lvl,AllPub,CulDSac,2,2,Norm,Norm,1Fam,2Story,7,9,Gable,CompShg,HdBoard,HdBoard,138.0,1,2,CBlock,1.0,2.0,0.0,4.0,626,1.0,0,99,725,GasA,3,1,SBrkr,754,0,1479,1,0,1,1,4,1,2,7,1,0,Attchd,2.0,484,2.0,2.0,2,0,32,0,0,0,0,0,6,WD,Normal,184000,1,3,0
193,20,RL,68.0,9017,Pave,2,Lvl,AllPub,Inside,2,0,Norm,Norm,1Fam,1Story,7,5,Gable,CompShg,VinylSd,VinylSd,0.0,2,2,PConc,2.0,2.0,2.0,5.0,560,1.0,0,871,1431,GasA,4,1,SBrkr,0,0,1431,1,0,2,0,3,1,2,6,1,0,Attchd,2.0,666,2.0,2.0,2,0,35,0,0,0,0,0,9,WD,Normal,192000,0,10,0
194,160,RM,24.0,2522,Pave,3,Lvl,AllPub,Inside,2,3,Norm,Norm,Twnhs,2Story,7,5,Gable,CompShg,VinylSd,VinylSd,50.0,2,2,PConc,2.0,2.0,0.0,0.0,0,1.0,0,970,970,GasA,4,1,SBrkr,739,0,1709,0,0,2,0,3,1,2,7,3,0,Detchd,0.0,380,2.0,2.0,2,0,40,0,0,0,0,0,5,WD,Normal,130000,0,2,0
195,20,RL,60.0,7180,Pave,2,Lvl,AllPub,Inside,2,0,Norm,Norm,1Fam,1Story,5,7,Hip,CompShg,HdBoard,HdBoard,0.0,1,2,CBlock,1.0,2.0,2.0,4.0,390,1.0,0,474,864,GasA,2,1,SBrkr,0,0,864,0,0,1,0,3,1,1,5,1,0,Detchd,0.0,352,2.0,2.0,2,0,0,0,0,0,0,0,5,WD,Normal,127000,0,36,0
196,160,RL,24.0,2280,Pave,3,Lvl,AllPub,FR2,2,3,Norm,Norm,Twnhs,2Story,6,6,Gable,CompShg,Plywood,Brk Cmn,0.0,1,2,CBlock,2.0,2.0,0.0,4.0,566,1.0,0,289,855,GasA,2,1,SBrkr,601,0,1456,0,0,2,1,3,1,1,7,1,1,Attchd,0.0,440,2.0,2.0,2,87,0,0,0,0,0,0,7,WD,Normal,148500,0,33,0
197,20,RL,79.0,9416,Pave,3,Lvl,AllPub,Inside,2,1,Norm,Norm,1Fam,1Story,7,5,Hip,CompShg,CemntBd,CmentBd,205.0,3,2,PConc,3.0,2.0,0.0,5.0,1126,1.0,0,600,1726,GasA,4,1,SBrkr,0,0,1726,1,0,2,0,3,1,3,8,1,1,Attchd,2.0,786,2.0,2.0,2,171,138,0,0,266,0,0,9,New,Partial,311872,0,0,1
198,75,RL,174.0,25419,Pave,3,Lvl,AllPub,Corner,2,2,Artery,Norm,1Fam,2Story,8,4,Gable,CompShg,Stucco,Stucco,0.0,2,3,PConc,1.0,2.0,0.0,5.0,1036,0.0,184,140,1360,GasA,3,1,SBrkr,1360,392,3112,1,1,2,0,4,1,2,8,1,1,Detchd,0.0,795,2.0,2.0,2,0,16,552,0,0,512,0,3,WD,Abnorml,235000,1,16,0
199,75,RM,92.0,5520,Pave,3,Lvl,AllPub,Corner,2,1,Norm,Norm,1Fam,2.5Fin,6,6,Gable,CompShg,Wd Sdng,Wd Sdng,0.0,1,2,CBlock,1.0,2.0,0.0,0.0,0,1.0,0,755,755,GasA,4,1,SBrkr,929,371,2229,0,0,1,0,5,1,1,8,1,0,,,0,,,2,0,198,30,0,0,0,0,7,WD,Abnorml,104000,1,59,0
200,20,RL,76.0,9591,Pave,3,Lvl,AllPub,Inside,2,2,Norm,Norm,1Fam,1Story,8,5,Hip,CompShg,VinylSd,VinylSd,262.0,2,2,PConc,3.0,2.0,2.0,5.0,1088,1.0,0,625,1713,GasA,4,1,SBrkr,0,0,1713,1,0,2,0,3,1,3,7,1,1,Attchd,2.0,856,2.0,2.0,2,0,26,0,0,170,0,0,1,WD,Normal,274900,1,4,0
201,20,RM,80.0,8546,Pave,3,Lvl,AllPub,Corner,2,3,Norm,Norm,1Fam,1Story,4,5,Gable,CompShg,VinylSd,VinylSd,0.0,1,2,PConc,2.0,2.0,0.0,0.0,0,1.0,0,1121,1121,GasA,4,1,SBrkr,0,0,1121,0,0,2,0,2,1,1,5,1,0,Attchd,1.0,440,2.0,2.0,2,132,64,0,0,0,0,0,3,WD,Normal,140000,1,6,0
202,20,RL,75.0,10125,Pave,3,Lvl,AllPub,Inside,2,1,Norm,Norm,1Fam,1Story,6,6,Gable,CompShg,Plywood,Plywood,0.0,1,2,CBlock,1.0,2.0,0.0,4.0,641,0.0,279,276,1196,GasA,2,1,SBrkr,0,0,1279,0,1,2,0,3,1,1,6,1,2,Detchd,0.0,473,2.0,2.0,2,238,83,0,0,0,0,0,2,WD,Normal,171500,0,31,0
203,50,RL,50.0,7000,Pave,3,Lvl,AllPub,Corner,2,1,Artery,Norm,1Fam,1.5Fin,6,6,Gable,CompShg,MetalSd,MetalSd,0.0,1,3,BrkTil,0.0,2.0,0.0,1.0,617,1.0,0,0,617,GasA,3,1,SBrkr,445,0,1310,0,0,2,0,2,1,1,6,6,0,Attchd,0.0,398,2.0,2.0,2,0,0,126,0,0,0,0,5,COD,Normal,112000,1,56,0
204,120,RM,,4438,Pave,3,Lvl,AllPub,Inside,2,0,Norm,Norm,TwnhsE,1Story,6,5,Gable,CompShg,VinylSd,VinylSd,205.0,2,2,PConc,2.0,2.0,2.0,5.0,662,1.0,0,186,848,GasA,4,1,SBrkr,0,0,848,1,0,1,0,1,1,2,3,1,1,Attchd,1.0,420,2.0,2.0,2,149,0,0,0,0,0,0,1,WD,Normal,149000,0,4,0
205,50,RM,50.0,3500,Pave,3,Lvl,AllPub,Inside,2,1,Norm,Norm,1Fam,1.5Fin,5,7,Gable,CompShg,AsbShng,AsbShng,0.0,1,2,CBlock,1.0,2.0,0.0,1.0,312,1.0,0,408,720,GasA,2,1,SBrkr,564,0,1284,0,0,1,1,2,1,1,5,1,0,Detchd,0.0,240,2.0,2.0,2,0,35,0,0,0,0,0,4,WD,Normal,110000,1,59,0
206,20,RL,99.0,11851,Pave,3,Lvl,AllPub,Corner,2,3,Norm,Norm,1Fam,1Story,7,5,Gable,CompShg,HdBoard,HdBoard,0.0,1,2,PConc,2.0,2.0,0.0,0.0,0,1.0,0,1424,1424,GasA,4,1,SBrkr,0,0,1442,0,0,2,0,3,1,1,5,1,0,Attchd,1.0,500,2.0,2.0,2,0,34,0,508,0,0,0,5,WD,Normal,180500,0,19,0
207,20,RL,40.0,13673,Pave,2,Lvl,AllPub,CulDSac,2,2,RRAe,Norm,1Fam,1Story,5,5,Gable,CompShg,HdBoard,HdBoard,0.0,1,3,CBlock,1.0,2.0,0.0,0.0,0,1.0,0,1140,1140,GasA,2,1,SBrkr,0,0,1696,0,0,1,1,3,1,1,8,5,1,Attchd,1.0,349,2.0,2.0,2,0,30,0,0,0,0,0,3,WD,Normal,143900,0,45,0
208,20,RL,,12493,Pave,2,Lvl,AllPub,Inside,2,2,Norm,Norm,1Fam,1Story,4,5,Gable,CompShg,Wd Sdng,Wd Sdng,0.0,1,2,PConc,1.0,2.0,0.0,4.0,419,2.0,306,375,1100,GasA,2,1,SBrkr,0,0,1100,1,0,1,0,3,1,1,6,1,1,Attchd,1.0,312,2.0,2.0,2,355,0,0,0,0,0,0,4,WD,Normal,141000,0,48,0
209,60,RL,,14364,Pave,2,Low,AllPub,Inside,1,2,Norm,Norm,1Fam,2Story,7,5,Gable,CompShg,Plywood,Plywood,128.0,2,2,CBlock,2.0,2.0,3.0,5.0,1065,1.0,0,92,1157,GasA,4,1,SBrkr,882,0,2062,1,0,2,1,3,1,1,7,1,1,Attchd,2.0,454,2.0,2.0,2,60,55,0,0,154,0,0,4,WD,Normal,277000,1,18,0
210,20,RL,75.0,8250,Pave,3,Lvl,AllPub,Inside,2,2,Norm,Norm,1Fam,1Story,6,7,Hip,CompShg,HdBoard,HdBoard,260.0,1,2,CBlock,2.0,2.0,0.0,2.0,787,1.0,0,305,1092,GasA,4,1,SBrkr,0,0,1092,1,0,1,0,3,1,1,6,1,0,Attchd,1.0,504,2.0,3.0,2,0,0,0,0,0,0,0,7,WD,Normal,145000,0,44,0
211,30,RL,67.0,5604,Pave,3,Lvl,AllPub,Inside,2,3,Norm,Norm,1Fam,1Story,5,6,Gable,CompShg,Stucco,Stucco,0.0,1,2,CBlock,1.0,2.0,0.0,2.0,468,1.0,0,396,864,GasA,2,0,FuseA,0,0,864,1,0,1,0,2,1,1,5,1,0,,,0,,,2,0,0,96,0,0,0,0,4,WD,Normal,98000,1,58,0
212,20,RL,83.0,10420,Pave,3,Lvl,AllPub,Corner,2,3,Norm,Norm,1Fam,1Story,6,5,Gable,CompShg,VinylSd,VinylSd,0.0,1,2,PConc,2.0,2.0,1.0,5.0,36,1.0,0,1176,1212,GasA,4,1,SBrkr,0,0,1212,0,0,2,0,3,1,2,6,1,0,Attchd,1.0,460,2.0,2.0,2,100,22,0,0,0,0,0,3,WD,Normal,186000,0,1,0
213,60,FV,72.0,8640,Pave,3,Lvl,AllPub,Inside,2,1,Norm,Norm,1Fam,2Story,7,5,Gable,CompShg,VinylSd,VinylSd,0.0,1,2,PConc,2.0,2.0,0.0,5.0,822,1.0,0,78,900,GasA,4,1,SBrkr,920,0,1852,1,0,2,1,3,1,2,7,1,1,Attchd,1.0,644,2.0,2.0,2,168,108,0,0,0,0,0,7,New,Partial,252678,0,0,1
214,20,RL,43.0,13568,Pave,1,Lvl,AllPub,CulDSac,2,0,Norm,Norm,1Fam,1Story,5,5,Gable,CompShg,VinylSd,VinylSd,0.0,1,2,PConc,2.0,2.0,0.0,4.0,716,1.0,0,274,990,GasA,4,1,SBrkr,0,0,990,0,1,1,0,3,1,1,5,1,0,Attchd,0.0,576,2.0,2.0,2,224,0,0,0,0,0,0,7,WD,Normal,156000,0,11,0
215,60,RL,,10900,Pave,2,Lvl,AllPub,FR2,2,0,Norm,Norm,1Fam,2Story,6,7,Gable,CompShg,HdBoard,HdBoard,153.0,1,2,CBlock,2.0,2.0,0.0,5.0,378,1.0,0,311,689,GasA,4,1,SBrkr,703,0,1392,0,0,1,1,3,1,1,6,1,0,Attchd,2.0,299,2.0,2.0,2,0,36,0,0,0,0,450,3,WD,Normal,161750,0,33,0
216,20,RL,72.0,10011,Pave,2,Lvl,AllPub,Inside,2,2,Norm,Norm,1Fam,1Story,5,6,Gable,CompShg,HdBoard,HdBoard,64.0,1,2,CBlock,1.0,2.0,0.0,3.0,360,1.0,0,710,1070,GasA,2,1,SBrkr,0,0,1236,0,1,1,0,2,1,2,6,6,1,Attchd,0.0,447,2.0,2.0,2,0,0,0,0,0,0,0,5,WD,Normal,134450,1,10,0
217,20,RL,65.0,8450,Pave,3,Lvl,AllPub,Inside,2,0,Norm,Norm,1Fam,1Story,7,5,Gable,CompShg,VinylSd,VinylSd,266.0,2,2,PConc,2.0,2.0,1.0,5.0,946,1.0,0,490,1436,GasA,4,1,SBrkr,0,0,1436,1,0,2,0,3,1,2,8,1,0,Attchd,0.0,484,2.0,2.0,2,139,98,0,0,0,0,0,4,WD,Normal,210000,0,4,0
218,70,RM,57.0,9906,Pave,3,Lvl,AllPub,Inside,2,1,Norm,Norm,1Fam,2Story,4,4,Gable,CompShg,MetalSd,MetalSd,0.0,1,2,CBlock,1.0,2.0,0.0,0.0,0,1.0,0,686,686,GasA,1,0,SBrkr,518,0,1328,0,0,1,0,3,1,1,8,1,0,Detchd,0.0,210,2.0,2.0,2,0,172,60,0,0,0,0,9,WD,Family,107000,1,56,0
219,50,RL,,15660,Pave,2,Lvl,AllPub,Corner,2,0,Norm,Norm,1Fam,1.5Fin,7,9,Gable,CompShg,VinylSd,VinylSd,312.0,2,3,CBlock,1.0,2.0,0.0,3.0,341,1.0,0,457,798,GasA,4,1,SBrkr,817,0,1954,0,1,1,1,3,1,2,8,1,2,Attchd,0.0,431,2.0,2.0,2,0,119,150,0,0,0,0,5,WD,Normal,311500,1,2,0
220,120,RL,43.0,3010,Pave,3,Lvl,AllPub,Inside,2,3,Norm,Norm,TwnhsE,1Story,7,5,Gable,CompShg,VinylSd,VinylSd,16.0,2,2,PConc,2.0,2.0,2.0,5.0,16,1.0,0,1232,1248,GasA,4,1,SBrkr,0,0,1248,0,0,2,0,2,1,2,5,1,0,Attchd,2.0,438,2.0,2.0,2,108,0,0,0,0,0,0,3,New,Partial,167240,1,0,0
221,20,RL,73.0,8990,Pave,2,Lvl,AllPub,Inside,2,0,Norm,Norm,1Fam,1Story,7,5,Gable,CompShg,VinylSd,VinylSd,0.0,2,2,PConc,2.0,2.0,1.0,0.0,0,1.0,0,1498,1498,GasA,4,1,SBrkr,0,0,1498,0,0,2,0,2,1,2,5,1,0,Attchd,1.0,675,2.0,2.0,2,351,33,0,0,0,0,0,4,New,Partial,204900,0,0,1
222,60,RL,,8068,Pave,2,Lvl,AllPub,Inside,2,3,Norm,Norm,1Fam,2Story,6,5,Gable,CompShg,VinylSd,VinylSd,0.0,2,2,PConc,2.0,2.0,0.0,0.0,0,1.0,0,1010,1010,GasA,4,1,SBrkr,1257,0,2267,0,0,2,1,4,1,2,8,1,1,BuiltIn,1.0,390,2.0,2.0,2,120,46,0,0,0,0,0,12,ConLI,Normal,200000,0,7,0
223,60,RL,85.0,11475,Pave,3,Lvl,AllPub,Inside,2,1,RRAn,Norm,1Fam,2Story,6,6,Gable,CompShg,VinylSd,VinylSd,0.0,1,2,CBlock,2.0,2.0,0.0,4.0,550,1.0,0,163,713,GasA,2,1,SBrkr,741,0,1552,1,0,2,1,3,1,1,6,1,1,Attchd,1.0,434,2.0,2.0,2,209,208,0,0,0,0,0,2,WD,Normal,179900,0,31,0
224,20,RL,70.0,10500,Pave,3,Lvl,AllPub,FR2,2,2,Norm,Norm,1Fam,1Story,4,6,Gable,CompShg,HdBoard,HdBoard,0.0,1,2,CBlock,1.0,2.0,0.0,4.0,524,0.0,180,160,864,GasA,3,1,SBrkr,0,0,864,0,0,1,0,2,1,1,4,1,0,Detchd,0.0,576,2.0,2.0,2,216,0,0,0,0,0,0,3,WD,Abnorml,97000,0,38,0
225,20,RL,103.0,13472,Pave,3,Lvl,AllPub,Inside,2,2,Norm,Norm,1Fam,1Story,10,5,Hip,CompShg,VinylSd,VinylSd,922.0,3,2,PConc,3.0,2.0,3.0,5.0,56,1.0,0,2336,2392,GasA,4,1,SBrkr,0,0,2392,0,0,2,0,3,1,3,8,1,1,Attchd,2.0,968,2.0,2.0,2,248,105,0,0,0,0,0,6,WD,Normal,386250,0,6,0
226,160,RM,21.0,1680,Pave,3,Lvl,AllPub,Inside,2,3,Norm,Norm,Twnhs,2Story,5,5,Gable,CompShg,HdBoard,HdBoard,142.0,1,2,CBlock,1.0,2.0,0.0,0.0,0,1.0,0,630,630,GasA,2,1,SBrkr,672,0,1302,0,0,2,1,3,1,1,6,1,0,Detchd,0.0,280,2.0,2.0,2,0,0,0,0,0,0,0,5,COD,Abnorml,112000,0,38,0
227,60,RL,82.0,9950,Pave,2,Lvl,AllPub,Inside,2,1,Norm,Norm,1Fam,2Story,7,5,Gable,CompShg,VinylSd,VinylSd,290.0,2,2,PConc,2.0,2.0,0.0,5.0,565,1.0,0,638,1203,GasA,4,1,SBrkr,1306,0,2520,0,0,2,1,4,1,2,9,1,1,Attchd,1.0,721,2.0,2.0,2,224,114,0,0,0,0,0,6,WD,Abnorml,290000,0,12,0
228,160,RM,21.0,1869,Pave,3,Lvl,AllPub,Inside,2,3,Norm,Norm,Twnhs,2Story,6,6,Gable,CompShg,HdBoard,HdBoard,127.0,1,2,CBlock,1.0,2.0,0.0,2.0,321,1.0,0,162,483,GasA,2,1,SBrkr,504,0,987,0,0,1,1,2,1,1,5,1,0,Detchd,0.0,280,2.0,2.0,2,0,0,0,0,0,0,0,9,WD,Normal,106000,0,38,0
229,20,RL,70.0,8521,Pave,3,Lvl,AllPub,FR2,2,2,Feedr,Norm,1Fam,1Story,5,5,Gable,CompShg,HdBoard,HdBoard,0.0,1,2,CBlock,1.0,2.0,0.0,4.0,842,1.0,0,70,912,GasA,2,1,SBrkr,0,0,912,0,0,1,0,3,1,1,5,1,1,Detchd,0.0,336,2.0,2.0,2,0,0,0,0,0,0,0,5,WD,Normal,125000,0,43,0
230,120,RL,43.0,3182,Pave,3,Lvl,AllPub,Inside,2,3,Norm,Norm,TwnhsE,1Story,7,5,Gable,CompShg,VinylSd,VinylSd,16.0,2,2,PConc,2.0,2.0,2.0,5.0,16,1.0,0,1357,1373,GasA,4,1,SBrkr,0,0,1555,0,0,2,0,2,1,2,7,1,1,Attchd,2.0,430,2.0,2.0,2,143,20,0,0,0,0,0,5,WD,Normal,192500,1,3,0
231,20,RL,73.0,8760,Pave,3,Lvl,AllPub,Inside,2,2,Norm,Norm,1Fam,1Story,6,6,Hip,CompShg,MetalSd,MetalSd,220.0,1,2,CBlock,1.0,2.0,0.0,0.0,0,1.0,0,1194,1194,GasA,2,1,SBrkr,0,0,1194,1,0,1,0,3,1,1,6,1,0,Attchd,1.0,312,2.0,2.0,2,0,0,120,0,0,0,0,4,WD,Normal,148000,0,51,0
232,60,RL,174.0,15138,Pave,2,Lvl,AllPub,Inside,2,1,Norm,Norm,1Fam,2Story,8,5,Gable,CompShg,VinylSd,VinylSd,506.0,2,2,PConc,2.0,2.0,0.0,5.0,689,1.0,0,773,1462,GasA,4,1,SBrkr,1304,0,2794,1,0,2,1,4,1,3,9,1,1,Attchd,2.0,810,2.0,2.0,2,0,146,202,0,0,0,0,7,WD,Normal,403000,1,13,0
233,160,RM,21.0,1680,Pave,3,Lvl,AllPub,Inside,2,3,Norm,Norm,Twnhs,2Story,6,5,Gable,CompShg,HdBoard,HdBoard,297.0,1,2,CBlock,1.0,2.0,0.0,0.0,0,1.0,0,483,483,GasA,2,1,SBrkr,504,0,987,0,0,1,1,2,1,1,5,1,1,Attchd,0.0,288,2.0,2.0,2,0,0,0,0,0,0,0,6,WD,Normal,94500,0,34,0
234,20,RL,75.0,10650,Pave,3,Lvl,AllPub,Corner,2,0,Norm,Norm,1Fam,1Story,5,6,Gable,CompShg,HdBoard,HdBoard,0.0,1,2,CBlock,1.0,3.0,2.0,1.0,182,4.0,712,0,894,GasA,2,1,SBrkr,0,0,894,1,0,1,0,3,1,1,5,1,0,Attchd,0.0,308,2.0,2.0,2,365,0,0,0,0,0,0,2,WD,Normal,128200,0,34,0
235,60,RL,,7851,Pave,3,Lvl,AllPub,Inside,2,3,Norm,Norm,1Fam,2Story,6,5,Gable,CompShg,VinylSd,VinylSd,,2,2,PConc,2.0,2.0,0.0,5.0,625,1.0,0,235,860,GasA,4,1,SBrkr,1100,0,1960,1,0,2,1,4,1,2,8,1,2,BuiltIn,2.0,440,2.0,2.0,2,288,48,0,0,0,0,0,5,WD,Normal,216500,0,8,0
236,160,RM,21.0,1680,Pave,3,Lvl,AllPub,Inside,2,3,Norm,Norm,TwnhsE,2Story,6,3,Gable,CompShg,HdBoard,HdBoard,604.0,1,2,CBlock,1.0,2.0,0.0,4.0,358,1.0,0,125,483,GasA,2,1,SBrkr,504,0,987,0,0,1,1,2,1,1,5,1,0,Detchd,0.0,264,2.0,2.0,2,0,0,0,0,0,0,0,8,WD,Normal,89500,0,37,0
237,20,RL,65.0,8773,Pave,3,Lvl,AllPub,FR2,2,0,Norm,Norm,1Fam,1Story,7,5,Gable,CompShg,VinylSd,VinylSd,98.0,2,2,PConc,2.0,2.0,2.0,5.0,24,1.0,0,1390,1414,GasA,4,1,SBrkr,0,0,1414,0,0,2,0,3,1,2,6,1,0,Attchd,1.0,494,2.0,2.0,2,132,105,0,0,0,0,0,5,WD,Normal,185500,0,6,0
238,60,RL,,9453,Pave,2,Lvl,AllPub,CulDSac,2,2,RRNe,Norm,1Fam,2Story,7,7,Gable,CompShg,HdBoard,HdBoard,0.0,2,2,PConc,2.0,2.0,0.0,3.0,402,1.0,0,594,996,GasA,4,1,SBrkr,730,0,1744,0,0,2,1,3,1,2,7,1,0,Attchd,1.0,457,2.0,2.0,2,370,70,0,238,0,0,0,2,WD,Normal,194500,1,7,0
239,20,RL,93.0,12030,Pave,3,Lvl,AllPub,Inside,2,2,Norm,Norm,1Fam,1Story,8,5,Hip,CompShg,VinylSd,VinylSd,254.0,3,2,PConc,3.0,2.0,0.0,0.0,0,1.0,0,1694,1694,GasA,4,1,SBrkr,0,0,1694,0,0,2,0,3,1,2,7,1,0,Attchd,2.0,818,2.0,2.0,2,168,228,0,0,0,0,0,12,New,Partial,318000,0,0,1
240,50,RL,52.0,8741,Pave,3,Lvl,AllPub,Inside,2,3,Norm,Norm,1Fam,1.5Fin,6,4,Gable,CompShg,VinylSd,VinylSd,0.0,1,2,CBlock,1.0,1.0,0.0,1.0,94,1.0,0,641,735,GasA,2,1,FuseA,689,0,1487,0,0,1,1,3,1,1,7,1,1,Detchd,0.0,220,2.0,2.0,2,0,140,0,0,0,0,0,4,WD,Normal,113000,1,60,0
241,20,FV,75.0,9000,Pave,3,Lvl,AllPub,Inside,2,1,Norm,Norm,1Fam,1Story,8,5,Gable,CompShg,VinylSd,VinylSd,36.0,2,2,PConc,2.0,2.0,2.0,5.0,1078,1.0,0,488,1566,GasA,4,1,SBrkr,0,0,1566,1,0,2,0,3,1,2,7,1,0,Attchd,1.0,750,2.0,2.0,2,144,168,0,0,0,0,0,4,WD,Normal,262500,0,2,0
242,30,RM,40.0,3880,Pave,3,Lvl,AllPub,Inside,2,1,Norm,Norm,1Fam,1Story,5,9,Gable,CompShg,VinylSd,VinylSd,0.0,1,3,CBlock,1.0,2.0,0.0,4.0,329,1.0,0,357,686,GasA,3,1,SBrkr,0,0,866,0,0,1,0,2,1,2,4,1,0,,,0,,,2,58,42,0,0,0,0,0,8,WD,Normal,110500,1,10,0
243,50,RM,63.0,5000,Pave,3,Lvl,AllPub,Corner,2,1,Norm,Norm,1Fam,1.5Fin,5,4,Gable,CompShg,Wd Sdng,Wd Sdng,0.0,1,2,BrkTil,1.0,2.0,0.0,0.0,0,1.0,0,540,540,GasA,3,0,FuseA,551,0,1440,0,0,1,0,3,1,1,6,1,0,Attchd,0.0,352,1.0,2.0,2,0,0,77,0,0,0,0,4,WD,Normal,79000,1,56,0
244,160,RL,75.0,10762,Pave,3,Lvl,AllPub,Corner,2,2,Norm,Norm,TwnhsE,2Story,6,6,Gable,CompShg,Plywood,Plywood,0.0,1,2,CBlock,2.0,2.0,0.0,0.0,0,1.0,0,626,626,GasA,2,1,SBrkr,591,0,1217,0,0,1,1,3,1,1,6,1,1,Attchd,1.0,288,2.0,2.0,2,0,28,0,0,0,0,0,4,WD,Normal,120000,0,29,0
245,60,RL,,8880,Pave,2,Lvl,AllPub,Inside,2,2,Norm,Norm,1Fam,2Story,7,5,Gable,CompShg,VinylSd,VinylSd,0.0,2,2,PConc,2.0,2.0,0.0,5.0,695,1.0,0,253,948,GasA,4,1,SBrkr,888,0,2110,1,0,2,1,3,1,2,8,1,2,Attchd,1.0,463,2.0,2.0,2,0,130,0,0,0,0,0,5,WD,Normal,205000,1,8,0
246,20,RL,80.0,10400,Pave,3,Lvl,AllPub,Inside,2,1,Norm,Norm,1Fam,1Story,7,5,Gable,CompShg,Wd Sdng,Wd Sdng,102.0,1,2,CBlock,2.0,2.0,2.0,5.0,929,1.0,0,916,1845,GasA,3,1,SBrkr,0,0,1872,0,1,2,0,3,1,1,6,1,1,Attchd,2.0,604,2.0,2.0,2,197,39,0,0,0,0,0,6,WD,Normal,241500,0,18,0
247,190,RM,69.0,9142,Pave,3,Lvl,AllPub,Inside,2,1,Norm,Norm,2fmCon,2Story,6,8,Gable,CompShg,AsbShng,AsbShng,0.0,1,1,Stone,0.0,2.0,0.0,0.0,0,1.0,0,1020,1020,GasA,3,0,FuseP,1020,0,1928,0,0,2,0,4,2,0,9,1,0,Detchd,0.0,440,0.0,0.0,2,0,60,112,0,0,0,0,4,WD,Normal,137000,1,56,0
248,20,RL,75.0,11310,Pave,3,Lvl,AllPub,Inside,2,2,Norm,Norm,1Fam,1Story,6,5,Hip,CompShg,Wd Sdng,BrkFace,0.0,1,2,CBlock,1.0,2.0,0.0,0.0,0,1.0,0,1367,1367,GasA,4,1,SBrkr,0,0,1375,0,0,1,0,2,1,1,5,1,1,Attchd,0.0,451,2.0,2.0,2,0,30,0,0,0,0,0,6,WD,Normal,140000,0,52,0
249,60,RL,72.0,11317,Pave,3,Lvl,AllPub,Inside,2,0,Norm,Norm,1Fam,2Story,7,5,Gable,CompShg,VinylSd,VinylSd,101.0,2,2,PConc,2.0,2.0,0.0,0.0,0,1.0,0,840,840,GasA,4,1,SBrkr,828,0,1668,0,0,2,1,3,1,2,8,1,0,Attchd,1.0,500,2.0,2.0,2,144,68,0,0,0,0,0,9,WD,Normal,180000,0,4,0
250,50,RL,,159000,Pave,1,Low,AllPub,CulDSac,0,3,Norm,Norm,1Fam,1.5Fin,6,7,Gable,CompShg,Wd Sdng,HdBoard,472.0,2,2,CBlock,2.0,2.0,3.0,2.0,697,1.0,0,747,1444,GasA,3,1,SBrkr,700,0,2144,0,1,2,0,4,1,2,7,1,2,Attchd,2.0,389,2.0,2.0,2,0,98,0,0,0,0,500,6,WD,Normal,277000,1,1,0
251,30,RL,55.0,5350,Pave,2,Lvl,AllPub,Inside,2,1,Norm,Norm,1Fam,1Story,3,2,Gable,CompShg,Wd Sdng,Plywood,0.0,1,0,CBlock,1.0,2.0,0.0,0.0,0,1.0,0,728,728,GasA,4,1,SBrkr,0,0,1306,0,0,1,0,3,1,0,6,4,0,,,0,,,2,263,0,0,0,0,0,450,5,WD,Normal,76500,1,44,0
252,120,RM,44.0,4750,Pave,2,HLS,AllPub,Inside,1,0,Norm,Norm,TwnhsE,1Story,8,5,Hip,CompShg,VinylSd,VinylSd,481.0,2,2,PConc,2.0,2.0,3.0,5.0,1573,1.0,0,0,1573,GasA,4,1,SBrkr,0,0,1625,1,1,2,0,2,1,2,5,1,1,Attchd,2.0,538,2.0,2.0,2,123,0,0,0,153,0,0,12,WD,Family,235000,1,0,0
253,60,RL,65.0,8366,Pave,2,Lvl,AllPub,Inside,2,2,Norm,Norm,1Fam,2Story,6,5,Gable,CompShg,VinylSd,VinylSd,0.0,2,2,PConc,2.0,2.0,0.0,0.0,0,1.0,0,798,798,GasA,4,1,SBrkr,842,0,1640,0,0,2,1,3,1,2,6,1,0,Attchd,1.0,520,2.0,2.0,2,138,45,0,0,0,0,0,12,WD,Normal,173000,0,4,0
254,80,RL,85.0,9350,Pave,3,Lvl,AllPub,Inside,2,2,Norm,Norm,1Fam,SLvl,6,7,Hip,CompShg,HdBoard,HdBoard,108.0,1,2,CBlock,2.0,2.0,3.0,1.0,270,4.0,580,452,1302,GasA,4,1,SBrkr,0,0,1302,0,1,2,0,3,1,2,7,6,0,Attchd,1.0,309,2.0,2.0,2,333,0,0,0,0,0,0,10,CWD,Normal,158000,1,16,0
255,20,RL,70.0,8400,Pave,3,Lvl,AllPub,Inside,2,2,Norm,Norm,1Fam,1Story,5,6,Gable,CompShg,MetalSd,MetalSd,0.0,1,3,CBlock,1.0,2.0,0.0,2.0,922,1.0,0,392,1314,GasA,2,1,SBrkr,0,0,1314,1,0,1,0,3,1,1,5,1,0,Attchd,1.0,294,2.0,2.0,2,250,0,0,0,0,0,0,6,WD,Normal,145000,0,53,0
256,60,RL,66.0,8738,Pave,2,Lvl,AllPub,Inside,2,3,Norm,Norm,1Fam,2Story,7,5,Gable,CompShg,VinylSd,VinylSd,302.0,2,2,PConc,2.0,2.0,0.0,0.0,0,1.0,0,975,975,GasA,4,1,SBrkr,1286,0,2291,0,0,2,1,4,1,2,8,1,1,BuiltIn,2.0,429,2.0,2.0,2,192,0,0,0,0,0,0,2,WD,Normal,230000,0,7,0
257,60,FV,64.0,8791,Pave,2,Lvl,AllPub,Inside,2,1,Norm,Norm,1Fam,2Story,6,5,Gable,CompShg,VinylSd,VinylSd,0.0,2,2,PConc,2.0,2.0,0.0,2.0,503,1.0,0,361,864,GasA,4,1,SBrkr,864,0,1728,0,0,2,1,3,1,2,7,1,0,Attchd,1.0,673,2.0,2.0,2,216,56,0,0,0,0,0,5,WD,Normal,207500,0,5,0
258,20,RL,68.0,8814,Pave,3,Lvl,AllPub,Inside,2,0,Norm,Norm,1Fam,1Story,7,5,Gable,CompShg,VinylSd,VinylSd,180.0,2,2,PConc,2.0,2.0,0.0,5.0,1334,1.0,0,270,1604,GasA,4,1,SBrkr,0,0,1604,1,0,2,1,3,1,2,8,1,1,Attchd,1.0,660,2.0,2.0,2,123,110,0,0,0,0,0,3,WD,Abnorml,220000,0,3,0
259,60,RL,80.0,12435,Pave,3,Lvl,AllPub,Inside,2,0,Norm,Norm,1Fam,2Story,7,5,Gable,CompShg,VinylSd,VinylSd,172.0,2,2,PConc,2.0,2.0,0.0,5.0,361,1.0,0,602,963,GasA,4,1,SBrkr,829,0,1792,0,0,2,1,3,1,2,7,1,1,Attchd,1.0,564,2.0,2.0,2,0,96,0,245,0,0,0,5,WD,Normal,231500,0,7,0
260,20,RM,70.0,12702,Pave,3,Lvl,AllPub,Inside,2,1,Norm,Norm,1Fam,1Story,5,5,Gable,CompShg,BrkFace,BrkFace,0.0,1,2,PConc,,,,,0,,0,0,0,GasA,3,1,FuseA,0,0,882,0,0,1,0,2,1,1,4,1,0,Detchd,0.0,308,2.0,2.0,2,0,45,0,0,0,0,0,12,WD,Normal,97000,0,52,0
261,80,RL,120.0,19296,Pave,3,Lvl,AllPub,Corner,2,2,Artery,Norm,1Fam,SLvl,6,5,Gable,CompShg,Wd Sdng,Wd Sdng,399.0,1,2,CBlock,1.0,2.0,3.0,2.0,672,4.0,690,0,1362,GasA,2,1,SBrkr,0,0,1382,1,0,1,0,3,1,1,6,1,1,Attchd,0.0,884,2.0,2.0,2,0,0,252,0,0,0,0,5,WD,Normal,176000,0,47,0
262,60,RL,69.0,9588,Pave,2,Lvl,AllPub,Inside,2,0,Norm,Norm,1Fam,2Story,8,5,Gable,CompShg,CemntBd,CmentBd,270.0,2,2,PConc,3.0,2.0,0.0,0.0,0,1.0,0,1482,1482,GasA,4,1,SBrkr,1092,0,2574,0,0,2,1,3,1,3,10,1,1,BuiltIn,2.0,868,2.0,2.0,2,0,148,0,0,0,0,0,11,New,Partial,276000,0,0,1
263,80,RL,88.0,8471,Pave,2,Lvl,AllPub,Corner,2,2,Norm,Norm,1Fam,SLvl,6,7,Gable,CompShg,HdBoard,Plywood,46.0,1,2,CBlock,2.0,3.0,2.0,4.0,506,1.0,0,0,506,GasA,2,1,SBrkr,0,0,1212,1,0,1,0,3,1,1,6,1,1,Attchd,0.0,492,2.0,2.0,2,292,12,0,0,0,0,0,7,WD,Normal,151000,1,11,0
264,50,RM,50.0,5500,Pave,3,Lvl,AllPub,Corner,2,1,Norm,Norm,1Fam,1.5Fin,5,7,Gable,CompShg,Wd Sdng,Wd Sdng,0.0,1,2,BrkTil,1.0,2.0,0.0,1.0,234,4.0,692,0,926,GasA,2,1,SBrkr,0,390,1316,1,0,1,0,3,1,1,6,1,0,Detchd,0.0,484,2.0,2.0,2,0,0,0,0,0,0,0,4,WD,Normal,130000,1,9,0
265,30,RM,30.0,5232,Pave,0,Bnk,AllPub,Inside,2,1,Artery,Norm,1Fam,1Story,5,5,Gable,CompShg,Wd Sdng,Wd Sdng,0.0,1,2,BrkTil,0.0,2.0,0.0,0.0,0,1.0,0,680,680,GasA,3,0,FuseP,0,0,764,0,0,1,0,2,1,1,4,1,0,Detchd,0.0,504,2.0,2.0,0,0,0,0,0,0,0,0,6,WD,Normal,73000,1,4,0
266,20,RL,78.0,12090,Pave,2,Lvl,AllPub,Inside,2,1,Norm,Norm,1Fam,1Story,6,6,Gable,CompShg,MetalSd,MetalSd,210.0,1,3,CBlock,2.0,2.0,0.0,5.0,588,0.0,228,606,1422,GasA,2,1,SBrkr,0,0,1422,0,0,2,0,3,1,2,7,1,1,Attchd,2.0,576,2.0,2.0,2,276,0,0,0,0,0,0,6,WD,Normal,175500,0,27,0
267,60,RL,70.0,11207,Pave,2,HLS,AllPub,FR2,2,3,Norm,Norm,1Fam,2Story,6,5,Gable,CompShg,VinylSd,VinylSd,0.0,1,2,PConc,2.0,2.0,2.0,5.0,714,1.0,0,88,802,GasA,3,1,SBrkr,709,0,1511,1,0,2,1,3,1,1,8,1,1,Attchd,2.0,413,2.0,2.0,2,95,75,0,0,0,0,0,6,WD,Normal,185000,0,9,0
268,75,RL,60.0,8400,Pave,3,Bnk,AllPub,Inside,1,3,Norm,Norm,1Fam,2.5Fin,5,8,Gable,CompShg,Wd Sdng,Wd Sdng,0.0,1,2,PConc,1.0,2.0,0.0,1.0,378,1.0,0,342,720,GasA,4,1,SBrkr,720,420,2192,0,0,2,1,4,1,2,8,1,1,Detchd,0.0,240,2.0,2.0,2,262,24,0,0,0,0,0,7,WD,Normal,179500,1,11,0
269,30,RM,71.0,6900,Pave,3,Lvl,AllPub,Inside,2,2,Norm,Norm,1Fam,1Story,5,6,Gable,CompShg,VinylSd,VinylSd,0.0,1,2,CBlock,1.0,2.0,0.0,4.0,403,2.0,125,212,740,GasA,4,1,SBrkr,0,0,778,0,0,1,0,2,1,1,4,1,1,Detchd,2.0,924,4.0,4.0,2,0,25,0,0,0,0,0,2,WD,Normal,120500,1,53,0
270,20,RL,,7917,Pave,2,Lvl,AllPub,Corner,2,3,Norm,Norm,1Fam,1Story,6,7,Hip,CompShg,HdBoard,HdBoard,174.0,1,3,CBlock,1.0,3.0,0.0,3.0,751,1.0,0,392,1143,GasA,2,1,SBrkr,0,0,1113,1,0,1,1,3,1,1,6,1,1,Attchd,1.0,504,2.0,3.0,2,370,30,0,0,0,0,0,5,WD,Normal,148000,0,31,0
271,60,FV,84.0,10728,Pave,3,Lvl,AllPub,Inside,2,1,Norm,Norm,1Fam,2Story,8,5,Gable,CompShg,VinylSd,VinylSd,0.0,2,2,PConc,2.0,2.0,1.0,0.0,0,1.0,0,1095,1095,GasA,3,1,SBrkr,844,0,1939,0,0,2,1,3,1,2,8,1,1,Attchd,1.0,1053,2.0,2.0,2,192,51,0,0,0,0,0,8,New,Partial,266000,0,0,1
272,20,RL,73.0,39104,Pave,2,Low,AllPub,CulDSac,0,3,Norm,Norm,1Fam,1Story,7,7,Flat,Membran,Plywood,Plywood,0.0,1,2,CBlock,2.0,2.0,3.0,1.0,226,5.0,1063,96,1385,GasA,4,1,SBrkr,0,0,1363,1,0,1,0,2,1,1,5,4,2,Attchd,0.0,439,2.0,2.0,2,81,0,0,0,0,0,0,4,WD,Normal,241500,1,3,0
273,60,RL,92.0,11764,Pave,2,Lvl,AllPub,CulDSac,2,1,Norm,Norm,1Fam,2Story,8,7,Gable,CompShg,VinylSd,VinylSd,348.0,2,2,PConc,2.0,2.0,0.0,5.0,524,1.0,0,628,1152,GasA,4,1,SBrkr,1106,0,2270,0,0,2,1,4,1,2,9,1,1,Attchd,2.0,671,2.0,2.0,2,132,57,0,0,0,0,0,4,WD,Normal,290000,1,3,0
274,20,RL,80.0,9600,Pave,3,Lvl,AllPub,Inside,2,2,Feedr,Norm,1Fam,1Story,6,6,Hip,CompShg,Wd Sdng,Wd Sdng,183.0,1,2,CBlock,1.0,2.0,0.0,2.0,620,0.0,620,0,1240,GasA,3,1,SBrkr,0,0,1632,1,0,2,0,3,1,1,6,6,1,Attchd,1.0,338,2.0,2.0,2,289,0,0,0,0,0,0,4,WD,Normal,139000,1,21,0
275,20,RL,76.0,8314,Pave,3,Lvl,AllPub,Corner,2,1,Norm,Norm,1Fam,1Story,5,7,Gable,CompShg,HdBoard,ImStucc,0.0,1,2,CBlock,1.0,2.0,3.0,4.0,546,1.0,0,270,816,GasA,2,1,SBrkr,0,0,816,0,0,1,0,2,1,1,5,1,0,Attchd,0.0,264,2.0,2.0,2,168,0,0,0,0,0,0,6,WD,Normal,124500,0,25,0
276,50,RL,55.0,7264,Pave,3,Lvl,AllPub,Inside,2,1,Norm,Norm,1Fam,1.5Fin,7,7,Gable,CompShg,Wd Sdng,Wd Sdng,0.0,2,3,BrkTil,1.0,2.0,0.0,0.0,0,1.0,0,952,952,GasW,3,0,SBrkr,596,0,1548,0,0,2,1,3,1,3,5,1,0,Detchd,0.0,672,2.0,2.0,2,74,0,0,0,144,0,0,10,WD,Normal,205000,1,2,0
277,20,RL,129.0,9196,Pave,2,Lvl,AllPub,Inside,2,1,Norm,Norm,1Fam,1Story,7,5,Gable,CompShg,VinylSd,VinylSd,0.0,2,2,PConc,3.0,2.0,0.0,0.0,0,1.0,0,1560,1560,GasA,4,1,SBrkr,0,0,1560,0,0,2,0,3,1,2,7,1,0,Attchd,2.0,573,2.0,2.0,2,100,150,0,0,0,0,0,4,WD,Normal,201000,0,7,0
278,20,RL,140.0,19138,Pave,3,Lvl,AllPub,Corner,2,3,Norm,Norm,1Fam,1Story,4,5,Gable,CompShg,VinylSd,VinylSd,0.0,1,2,CBlock,1.0,2.0,0.0,1.0,120,1.0,0,744,864,GasA,4,1,SBrkr,0,0,864,0,0,1,0,2,1,1,4,1,0,Detchd,0.0,400,2.0,2.0,2,0,0,0,0,0,0,0,6,WD,Normal,141000,0,59,0
279,20,RL,107.0,14450,Pave,3,Lvl,AllPub,Inside,2,2,Norm,Norm,1Fam,1Story,9,5,Gable,CompShg,CemntBd,CmentBd,315.0,3,2,PConc,3.0,2.0,3.0,0.0,0,1.0,0,2121,2121,GasA,4,1,SBrkr,0,0,2121,0,0,2,1,3,1,3,8,1,1,Attchd,2.0,732,2.0,2.0,2,124,98,0,0,142,0,0,5,New,Partial,415298,1,0,0
280,60,RL,83.0,10005,Pave,3,Lvl,AllPub,Inside,2,3,Norm,Norm,1Fam,2Story,7,5,Hip,CompShg,Plywood,Plywood,299.0,1,2,CBlock,2.0,2.0,0.0,3.0,392,1.0,0,768,1160,GasA,4,1,SBrkr,866,0,2022,0,0,2,1,4,1,1,8,1,1,Attchd,2.0,505,2.0,2.0,2,288,117,0,0,0,0,0,3,WD,Normal,192000,0,31,0
281,60,RL,82.0,11287,Pave,3,Lvl,AllPub,Inside,2,2,Norm,Norm,1Fam,2Story,7,6,Gable,CompShg,Plywood,Plywood,340.0,2,2,CBlock,2.0,2.0,2.0,5.0,421,1.0,0,386,807,GasA,3,1,SBrkr,807,0,1982,0,0,2,1,3,1,2,7,1,1,Attchd,2.0,575,2.0,2.0,2,0,84,0,196,0,0,0,1,WD,Normal,228500,0,18,0
282,20,FV,60.0,7200,Pave,3,Lvl,AllPub,Inside,2,1,Norm,Norm,1Fam,1Story,6,5,Gable,CompShg,VinylSd,VinylSd,68.0,2,2,PConc,2.0,2.0,0.0,5.0,905,1.0,0,357,1262,GasA,3,1,SBrkr,0,0,1262,0,0,2,0,2,1,2,5,1,0,Attchd,2.0,572,2.0,2.0,2,0,120,0,0,0,0,0,5,New,Partial,185000,0,0,1
283,120,RL,34.0,5063,Pave,3,Lvl,AllPub,Inside,2,2,Norm,Norm,Twnhs,1Story,7,5,Gable,CompShg,VinylSd,VinylSd,166.0,2,2,PConc,2.0,2.0,0.0,5.0,904,1.0,0,410,1314,GasA,4,1,SBrkr,0,0,1314,1,0,2,0,2,1,2,6,1,1,Attchd,1.0,626,2.0,2.0,2,172,62,0,0,0,0,0,4,ConLw,Normal,207500,1,1,0
284,20,RL,74.0,9612,Pave,3,Lvl,AllPub,Inside,2,1,Feedr,Norm,1Fam,1Story,8,5,Gable,CompShg,VinylSd,VinylSd,72.0,2,2,PConc,2.0,2.0,0.0,0.0,0,1.0,0,1468,1468,GasA,4,1,SBrkr,0,0,1468,0,0,2,0,3,1,2,6,1,1,Attchd,2.0,898,2.0,2.0,2,210,150,0,0,0,0,0,12,New,Partial,244600,1,0,0
285,120,RL,50.0,8012,Pave,3,Lvl,AllPub,Inside,2,2,Norm,Norm,TwnhsE,1Story,6,5,Gable,CompShg,Plywood,ImStucc,0.0,2,2,PConc,2.0,2.0,0.0,5.0,430,1.0,0,1145,1575,GasA,3,1,SBrkr,0,0,1575,1,0,2,0,2,1,2,5,1,0,Attchd,1.0,529,2.0,2.0,2,0,0,52,0,0,0,0,7,WD,Normal,179200,0,15,0
286,160,FV,35.0,4251,Pave,2,Lvl,AllPub,Inside,2,1,Norm,Norm,TwnhsE,2Story,7,5,Gable,CompShg,MetalSd,MetalSd,0.0,2,2,PConc,2.0,2.0,0.0,0.0,0,1.0,0,625,625,GasA,4,1,SBrkr,625,0,1250,0,0,2,1,2,1,2,5,1,0,Detchd,1.0,528,2.0,2.0,2,0,54,0,0,0,0,0,6,New,Partial,164700,1,0,0
287,50,RL,77.0,9786,Pave,2,Bnk,AllPub,Inside,2,2,Norm,Norm,1Fam,1.5Fin,6,7,Gable,CompShg,Wd Sdng,Wd Sdng,0.0,1,2,CBlock,1.0,2.0,0.0,2.0,600,1.0,0,312,912,GasA,2,1,SBrkr,649,0,1734,0,0,1,1,3,1,2,7,1,1,Attchd,1.0,440,2.0,2.0,2,0,0,0,0,128,0,0,6,WD,Normal,159000,1,25,0
288,20,RL,,8125,Pave,2,Lvl,AllPub,Corner,2,2,Norm,Norm,1Fam,1Story,4,4,Gable,CompShg,HdBoard,HdBoard,0.0,1,2,CBlock,1.0,2.0,0.0,3.0,614,1.0,0,244,858,GasA,2,1,SBrkr,0,0,858,0,0,1,0,3,1,1,5,1,0,,,0,,,2,0,0,0,0,0,0,0,6,WD,Normal,88000,0,35,0
289,20,RL,,9819,Pave,2,Lvl,AllPub,Inside,2,2,Norm,Norm,1Fam,1Story,5,5,Gable,CompShg,MetalSd,MetalSd,31.0,1,3,CBlock,1.0,2.0,0.0,3.0,450,1.0,0,432,882,GasA,2,1,SBrkr,0,0,900,0,0,1,0,3,1,1,5,1,0,Detchd,0.0,280,2.0,2.0,2,0,0,0,0,0,0,0,2,WD,Normal,122000,0,43,0
290,70,RL,60.0,8730,Pave,3,Lvl,AllPub,Inside,2,1,RRAn,Norm,1Fam,2Story,6,7,Gable,CompShg,Wd Sdng,Wd Sdng,0.0,1,2,BrkTil,1.0,2.0,0.0,0.0,0,1.0,0,698,698,GasA,4,1,FuseA,698,0,1396,0,0,1,0,3,1,1,7,1,0,Detchd,0.0,384,2.0,2.0,2,0,0,0,0,259,0,0,7,WD,Normal,153575,1,4,0
291,60,RL,120.0,15611,Pave,3,Lvl,AllPub,Inside,2,0,Norm,Norm,1Fam,2Story,8,5,Gable,CompShg,VinylSd,VinylSd,0.0,2,2,PConc,2.0,2.0,2.0,0.0,0,1.0,0,1079,1079,GasA,4,1,SBrkr,840,0,1919,0,0,2,1,3,1,2,8,1,1,Attchd,1.0,685,3.0,2.0,2,0,51,0,0,0,0,0,7,New,Partial,233230,0,0,1
292,190,RL,55.0,5687,Pave,3,Bnk,AllPub,Inside,2,3,Norm,Norm,2fmCon,2Story,5,6,Gable,CompShg,VinylSd,VinylSd,0.0,1,1,PConc,1.0,1.0,0.0,2.0,210,1.0,0,570,780,GasA,4,0,SBrkr,780,0,1716,1,0,2,0,6,1,0,9,1,0,,,0,,,0,0,184,0,0,0,0,0,3,WD,Normal,135900,1,8,0
293,50,RL,60.0,11409,Pave,3,Lvl,AllPub,Inside,2,3,Norm,Norm,1Fam,1.5Fin,5,4,Gable,CompShg,Wd Sdng,Wd Sdng,0.0,1,2,CBlock,1.0,2.0,0.0,1.0,292,1.0,0,476,768,GasA,3,1,SBrkr,568,0,1716,0,0,1,1,3,1,1,8,5,1,Attchd,0.0,281,2.0,2.0,2,0,0,0,0,160,0,0,1,WD,Normal,131000,1,1,0
294,60,RL,,16659,Pave,2,Lvl,AllPub,Corner,2,1,PosA,Norm,1Fam,2Story,7,7,Gable,CompShg,Plywood,Plywood,34.0,1,2,CBlock,1.0,2.0,0.0,4.0,795,1.0,0,0,795,GasA,1,1,SBrkr,795,0,2263,1,0,2,1,3,1,2,9,1,1,Attchd,2.0,539,2.0,2.0,2,0,250,0,0,0,0,0,3,WD,Normal,235000,1,12,0
295,20,RL,80.0,9600,Pave,3,Lvl,AllPub,Inside,2,2,Norm,Norm,1Fam,1Story,6,5,Hip,CompShg,HdBoard,HdBoard,238.0,1,2,CBlock,1.0,2.0,0.0,5.0,1285,1.0,0,131,1416,GasA,2,1,SBrkr,0,0,1644,1,0,1,0,3,1,1,7,1,2,Attchd,2.0,418,2.0,2.0,2,110,0,0,0,0,0,0,10,WD,Normal,167000,0,56,0
296,80,RL,37.0,7937,Pave,2,Lvl,AllPub,CulDSac,2,1,Norm,Norm,1Fam,SLvl,6,6,Gable,CompShg,HdBoard,HdBoard,0.0,1,2,CBlock,1.0,2.0,2.0,5.0,819,1.0,0,184,1003,GasA,2,1,SBrkr,0,0,1003,1,0,1,0,3,1,1,6,1,0,Detchd,0.0,588,2.0,2.0,2,120,0,0,0,0,0,0,3,WD,Normal,142500,0,22,0
297,50,RM,75.0,13710,Pave,3,Lvl,AllPub,Inside,2,2,Norm,Norm,1Fam,1.5Fin,5,5,Gable,CompShg,Wd Sdng,Wd Sdng,0.0,1,2,CBlock,1.0,2.0,0.0,3.0,420,1.0,0,490,910,GasA,2,1,FuseA,648,0,1558,0,0,1,1,4,1,1,6,1,0,Attchd,0.0,282,2.0,2.0,2,289,0,0,0,0,0,0,6,WD,Normal,152000,0,57,0
298,60,FV,66.0,7399,Pave,2,Lvl,AllPub,Inside,2,1,Norm,Norm,1Fam,2Story,7,5,Hip,CompShg,VinylSd,VinylSd,1600.0,2,2,PConc,2.0,2.0,0.0,3.0,649,1.0,0,326,975,GasA,4,1,SBrkr,975,0,1950,0,0,2,1,3,1,2,7,1,1,Detchd,1.0,576,2.0,2.0,2,0,10,0,0,198,0,0,6,WD,Normal,239000,1,9,0
299,60,RL,90.0,11700,Pave,3,Lvl,AllPub,Inside,2,1,Norm,Norm,1Fam,2Story,6,6,Mansard,CompShg,HdBoard,AsphShn,365.0,2,2,CBlock,1.0,2.0,0.0,4.0,384,2.0,175,143,702,GasA,3,1,SBrkr,702,0,1743,0,1,1,2,3,1,1,7,1,1,Attchd,0.0,539,2.0,2.0,2,224,0,0,0,0,0,0,6,WD,Normal,175000,0,39,0
300,20,RL,80.0,14000,Pave,3,Lvl,AllPub,Inside,2,0,Norm,Norm,1Fam,1Story,6,8,Gable,CompShg,HdBoard,HdBoard,0.0,1,3,CBlock,1.0,2.0,0.0,0.0,0,1.0,0,1092,1092,GasA,4,1,SBrkr,0,0,1152,0,1,1,0,3,1,2,6,1,1,Attchd,0.0,300,2.0,2.0,2,0,36,0,0,0,0,0,8,WD,Family,158500,1,5,0
301,190,RL,90.0,15750,Pave,3,Lvl,AllPub,Corner,2,0,Norm,Norm,2fmCon,1Story,5,5,Hip,CompShg,MetalSd,MetalSd,56.0,1,2,CBlock,1.0,2.0,1.0,3.0,841,1.0,0,324,1165,GasA,2,1,SBrkr,0,0,1336,1,0,1,0,2,1,1,5,1,2,Attchd,0.0,375,2.0,2.0,2,0,0,0,0,0,0,0,6,WD,Normal,157000,0,53,0
302,60,RL,66.0,16226,Pave,0,Lvl,AllPub,Inside,2,0,Norm,Norm,1Fam,2Story,8,5,Gable,CompShg,VinylSd,VinylSd,0.0,2,2,PConc,2.0,2.0,0.0,5.0,281,1.0,0,747,1028,GasA,4,1,SBrkr,1242,0,2452,0,0,2,1,4,1,2,9,1,1,BuiltIn,2.0,683,2.0,2.0,2,208,50,0,0,0,0,0,5,WD,Normal,267000,1,8,0
303,20,RL,118.0,13704,Pave,2,Lvl,AllPub,Corner,2,0,Norm,Norm,1Fam,1Story,7,5,Gable,CompShg,VinylSd,VinylSd,150.0,2,2,PConc,2.0,2.0,0.0,0.0,0,1.0,0,1541,1541,GasA,4,1,SBrkr,0,0,1541,0,0,2,0,3,1,2,6,1,1,Attchd,1.0,843,2.0,2.0,2,468,81,0,0,0,0,0,1,WD,Normal,205000,1,4,0
304,20,RL,70.0,9800,Pave,3,Lvl,AllPub,Corner,2,0,Norm,Norm,1Fam,1Story,5,7,Gable,CompShg,VinylSd,VinylSd,0.0,1,2,PConc,1.0,2.0,0.0,4.0,894,1.0,0,0,894,GasA,2,1,SBrkr,0,0,894,1,0,1,0,3,1,1,5,1,0,Attchd,0.0,552,2.0,2.0,2,256,0,0,0,0,0,0,7,WD,Abnorml,149900,0,34,0
305,75,RM,87.0,18386,Pave,3,Lvl,AllPub,Inside,2,1,Norm,Norm,1Fam,2.5Fin,7,9,Gable,CompShg,CemntBd,CmentBd,0.0,1,2,BrkTil,1.0,2.0,0.0,0.0,0,1.0,0,1470,1470,GasA,4,1,SBrkr,1818,0,3493,0,0,3,0,3,1,2,10,1,1,Attchd,0.0,870,2.0,2.0,2,302,0,0,0,0,0,0,5,WD,Normal,295000,1,6,0
306,20,RL,80.0,10386,Pave,3,Lvl,AllPub,Inside,2,0,Norm,Norm,1Fam,1Story,8,5,Gable,CompShg,CemntBd,CmentBd,246.0,2,2,PConc,2.0,2.0,0.0,5.0,1464,1.0,0,536,2000,GasA,4,1,SBrkr,0,0,2000,1,0,2,0,3,1,2,8,1,0,Attchd,2.0,888,2.0,2.0,2,168,0,0,0,0,0,0,7,WD,Normal,305900,1,2,0
307,60,RL,116.0,13474,Pave,3,Lvl,AllPub,Inside,2,2,Feedr,Norm,1Fam,2Story,7,5,Gable,CompShg,HdBoard,Plywood,246.0,2,2,CBlock,2.0,2.0,0.0,4.0,700,1.0,0,0,700,GasA,3,1,SBrkr,1121,0,2243,1,0,2,1,4,1,2,8,1,1,Attchd,1.0,746,2.0,2.0,2,127,44,224,0,0,0,0,6,WD,Normal,225000,1,16,0
308,50,RM,,7920,Pave,2,Lvl,AllPub,Inside,2,2,Artery,Norm,1Fam,1.5Fin,6,7,Gable,CompShg,MetalSd,MetalSd,0.0,1,1,CBlock,1.0,2.0,0.0,0.0,0,1.0,0,319,319,GasA,2,1,FuseA,371,0,1406,0,0,1,0,3,1,0,6,1,0,,,0,,,0,0,144,0,0,0,0,0,3,WD,Normal,89500,1,58,0
309,30,RL,,12342,Pave,2,Lvl,AllPub,Inside,2,3,Norm,Norm,1Fam,1Story,4,5,Gable,CompShg,VinylSd,VinylSd,0.0,1,2,CBlock,1.0,2.0,0.0,3.0,262,1.0,0,599,861,GasA,4,1,SBrkr,0,0,861,0,0,1,0,1,1,1,4,1,0,Detchd,0.0,539,2.0,2.0,2,158,0,0,0,0,0,0,3,WD,Normal,82500,1,59,0
310,20,RL,90.0,12378,Pave,2,Lvl,AllPub,Inside,2,2,Norm,Norm,1Fam,1Story,9,5,Gable,CompShg,VinylSd,VinylSd,0.0,2,2,PConc,3.0,2.0,3.0,5.0,1274,1.0,0,622,1896,GasA,4,1,SBrkr,0,0,1944,1,0,2,0,3,1,3,8,1,3,Attchd,2.0,708,2.0,2.0,2,208,175,0,0,0,0,0,11,WD,Normal,360000,1,2,0
311,60,RL,,7685,Pave,2,Lvl,AllPub,Inside,2,3,Norm,Norm,1Fam,2Story,6,5,Gable,CompShg,HdBoard,HdBoard,112.0,1,2,PConc,2.0,2.0,0.0,4.0,518,1.0,0,179,697,GasA,3,1,SBrkr,804,0,1501,0,0,2,1,3,1,2,6,1,1,Attchd,2.0,420,2.0,2.0,2,190,63,0,0,0,0,0,5,WD,Normal,165600,1,12,0
312,20,RL,50.0,8000,Pave,3,Lvl,AllPub,Inside,2,2,Norm,Norm,1Fam,1Story,6,6,Gable,CompShg,VinylSd,VinylSd,0.0,1,3,CBlock,1.0,2.0,0.0,4.0,680,1.0,0,292,972,GasA,4,1,SBrkr,0,0,972,1,0,1,0,2,1,1,5,1,1,Detchd,0.0,240,2.0,2.0,2,0,0,0,0,0,0,0,5,WD,Normal,132000,1,7,0
313,190,RM,65.0,7800,Pave,3,Lvl,AllPub,Inside,2,1,Artery,Norm,2fmCon,1.5Fin,5,7,Gable,CompShg,MetalSd,MetalSd,0.0,1,2,CBlock,2.0,2.0,1.0,2.0,507,1.0,0,286,793,GasA,2,1,SBrkr,325,0,1118,1,0,1,0,3,1,1,5,1,1,Detchd,0.0,410,2.0,2.0,2,0,0,0,0,271,0,0,5,WD,Normal,119900,1,56,0
314,20,RL,150.0,215245,Pave,0,Low,AllPub,Inside,0,3,Norm,Norm,1Fam,1Story,7,5,Hip,CompShg,BrkFace,BrkFace,0.0,1,2,CBlock,2.0,2.0,3.0,4.0,1236,2.0,820,80,2136,GasW,2,1,SBrkr,0,0,2036,2,0,2,0,3,1,1,8,1,2,Attchd,1.0,513,2.0,2.0,2,0,0,0,0,0,0,0,6,WD,Normal,375000,0,44,0
315,70,RM,60.0,9600,Pave,3,Lvl,AllPub,Inside,2,1,Norm,Norm,1Fam,2Story,7,7,Gable,CompShg,Wd Sdng,Wd Sdng,0.0,1,2,BrkTil,1.0,3.0,0.0,1.0,16,1.0,0,712,728,GasA,4,1,SBrkr,809,0,1641,0,1,1,1,3,1,3,6,1,1,Detchd,0.0,546,1.0,2.0,2,0,0,234,0,0,0,0,8,WD,Normal,178000,1,16,0
316,60,RL,71.0,7795,Pave,2,Lvl,AllPub,Inside,2,3,Norm,Norm,1Fam,2Story,7,5,Gable,CompShg,VinylSd,VinylSd,0.0,2,2,PConc,2.0,2.0,0.0,5.0,425,1.0,0,291,716,GasA,4,1,SBrkr,716,0,1432,1,0,2,1,3,1,2,6,1,1,Attchd,2.0,432,2.0,2.0,2,100,51,0,0,0,0,0,7,WD,Normal,188500,1,4,0
317,60,RL,94.0,13005,Pave,2,Lvl,AllPub,Corner,2,1,Norm,Norm,1Fam,2Story,7,7,Gable,CompShg,CemntBd,CmentBd,278.0,2,2,CBlock,2.0,2.0,0.0,5.0,692,1.0,0,153,845,GasA,2,1,SBrkr,1200,0,2353,1,0,2,1,4,1,3,10,1,1,Attchd,1.0,484,2.0,2.0,2,288,195,0,0,0,0,0,8,WD,Normal,260000,0,29,0
318,60,FV,75.0,9000,Pave,3,Lvl,AllPub,Inside,2,1,Norm,Norm,1Fam,2Story,8,5,Gable,CompShg,VinylSd,VinylSd,0.0,2,2,PConc,2.0,2.0,2.0,0.0,0,1.0,0,1088,1088,GasA,4,1,SBrkr,871,0,1959,0,0,2,1,3,1,2,8,1,1,Attchd,1.0,1025,2.0,2.0,2,208,46,0,0,0,0,0,12,WD,Normal,270000,0,1,0
319,60,RL,90.0,9900,Pave,3,Low,AllPub,Inside,1,1,Norm,Norm,1Fam,2Story,7,5,Gable,CompShg,HdBoard,HdBoard,256.0,2,2,PConc,2.0,2.0,3.0,5.0,987,1.0,0,360,1347,GasA,4,1,SBrkr,1274,0,2646,1,0,2,1,4,1,2,9,1,1,Attchd,1.0,656,2.0,2.0,2,340,60,144,0,0,0,0,4,WD,Normal,260000,0,16,0
320,80,RL,,14115,Pave,3,Lvl,AllPub,Inside,2,1,Norm,Norm,1Fam,SLvl,7,5,Gable,CompShg,Plywood,Plywood,225.0,1,2,CBlock,2.0,2.0,2.0,5.0,1036,1.0,0,336,1372,GasA,2,1,SBrkr,0,0,1472,1,0,2,0,3,1,1,6,1,2,Attchd,0.0,588,2.0,2.0,2,233,48,0,0,0,0,0,6,WD,Normal,187500,0,29,0
321,60,RL,111.0,16259,Pave,3,Lvl,AllPub,Corner,2,2,Norm,Norm,1Fam,2Story,9,5,Gable,CompShg,VinylSd,VinylSd,370.0,1,2,PConc,3.0,3.0,2.0,0.0,0,1.0,0,1249,1249,GasA,4,1,SBrkr,1347,0,2596,0,0,3,1,4,1,2,9,1,0,Attchd,1.0,840,2.0,2.0,2,240,154,0,0,0,0,0,9,New,Partial,342643,0,0,1
322,60,RL,99.0,12099,Pave,2,Lvl,AllPub,Inside,2,2,Norm,Norm,1Fam,2Story,8,5,Gable,CompShg,VinylSd,VinylSd,388.0,2,2,PConc,3.0,2.0,2.0,5.0,970,1.0,0,166,1136,GasA,4,1,SBrkr,1332,0,2468,1,0,2,1,4,1,2,10,1,1,BuiltIn,2.0,872,2.0,2.0,2,184,154,0,0,0,0,0,6,WD,Normal,354000,0,3,0
323,60,RL,86.0,10380,Pave,2,Lvl,AllPub,Inside,2,2,Norm,Norm,1Fam,2Story,7,5,Gable,CompShg,Plywood,Plywood,172.0,2,2,CBlock,1.0,2.0,3.0,1.0,28,4.0,1474,0,1502,GasA,4,1,SBrkr,1177,0,2730,1,0,2,1,4,1,2,8,1,1,Attchd,2.0,576,2.0,2.0,2,201,96,0,0,0,0,0,8,WD,Normal,301000,1,20,0
324,20,RM,49.0,5820,Pave,3,Lvl,AllPub,Inside,2,1,Norm,Norm,1Fam,1Story,3,8,Gable,CompShg,VinylSd,VinylSd,0.0,1,3,CBlock,1.0,2.0,0.0,4.0,256,1.0,0,906,1162,GasA,4,1,SBrkr,0,0,1163,1,0,1,0,3,1,1,6,1,0,Attchd,0.0,220,1.0,2.0,2,142,98,0,0,0,0,0,7,WD,Normal,126175,1,1,0
325,80,RL,96.0,11275,Pave,3,Lvl,AllPub,Corner,2,2,PosN,Norm,1Fam,SLvl,7,7,Mansard,WdShake,Wd Sdng,Wd Sdng,300.0,2,3,CBlock,2.0,2.0,0.0,0.0,0,1.0,0,710,710,GasA,4,1,SBrkr,1080,0,2978,0,0,2,1,5,1,2,11,1,1,BuiltIn,2.0,564,2.0,2.0,2,240,0,0,0,0,0,0,6,WD,Normal,242000,1,3,0
326,45,RM,50.0,5000,Pave,3,Lvl,AllPub,Inside,2,2,RRAe,Norm,1Fam,1.5Unf,5,6,Gable,CompShg,MetalSd,MetalSd,0.0,1,2,CBlock,1.0,2.0,2.0,3.0,116,1.0,0,604,720,GasA,0,0,FuseF,0,0,803,0,0,1,0,2,1,1,5,1,0,Detchd,0.0,360,2.0,2.0,2,0,0,244,0,0,0,0,12,WD,Normal,87000,1,57,0
327,120,RL,32.0,10846,Pave,2,Lvl,AllPub,CulDSac,2,0,Norm,Norm,TwnhsE,1Story,8,5,Gable,CompShg,BrkFace,BrkFace,0.0,2,2,PConc,2.0,2.0,3.0,5.0,1619,1.0,0,100,1719,GasA,4,1,SBrkr,0,0,1719,2,0,1,1,1,1,2,6,1,2,Attchd,2.0,473,2.0,2.0,2,122,30,0,0,0,0,0,5,Con,Normal,324000,0,15,0
328,20,RL,80.0,11600,Pave,3,Lvl,AllPub,Inside,2,2,Norm,Norm,1Fam,1Story,6,5,Hip,CompShg,Wd Sdng,Wd Sdng,175.0,1,2,CBlock,1.0,2.0,0.0,2.0,565,1.0,0,818,1383,GasA,2,1,SBrkr,0,0,1383,0,0,1,1,3,1,1,7,1,0,Attchd,1.0,292,2.0,2.0,2,0,45,0,0,0,0,0,4,WD,Normal,145250,0,46,0
329,75,RL,,11888,Pave,2,Bnk,AllPub,Inside,2,1,PosN,Norm,1Fam,2.5Unf,6,6,Gable,CompShg,Wd Sdng,Wd Shng,0.0,1,2,BrkTil,1.0,2.0,0.0,0.0,0,1.0,0,844,844,GasA,3,0,FuseA,689,0,2134,0,0,2,0,5,1,2,10,1,0,Detchd,0.0,441,2.0,2.0,2,0,60,268,0,0,0,0,7,WD,Normal,214500,1,15,0
330,70,RM,60.0,6402,Pave,3,Lvl,AllPub,Corner,2,2,Norm,Norm,1Fam,2Story,5,5,Gable,CompShg,Wd Sdng,Wd Shng,0.0,1,2,PConc,1.0,2.0,1.0,0.0,0,1.0,0,596,596,GasA,2,0,SBrkr,596,0,1192,0,0,1,0,3,1,1,6,1,0,Detchd,0.0,189,1.0,1.0,0,0,0,137,0,0,0,0,7,WD,Normal,78000,1,59,0
331,90,RL,,10624,Pave,2,Lvl,AllPub,Inside,2,2,Norm,Norm,Duplex,1Story,5,4,Gable,CompShg,HdBoard,HdBoard,84.0,1,2,CBlock,1.0,2.0,0.0,5.0,40,2.0,264,1424,1728,GasA,2,1,SBrkr,0,0,1728,0,1,2,0,6,2,1,10,1,0,Detchd,0.0,352,2.0,2.0,2,155,0,0,0,0,0,0,11,WD,Normal,119000,0,43,0
332,20,RL,70.0,8176,Pave,3,Lvl,AllPub,Inside,2,2,Norm,Norm,1Fam,1Story,5,6,Gable,CompShg,Wd Sdng,Wd Sdng,0.0,1,2,CBlock,1.0,2.0,0.0,2.0,846,1.0,0,210,1056,GasA,1,1,SBrkr,0,0,1056,1,0,1,0,3,1,1,6,1,0,Attchd,1.0,308,2.0,2.0,2,0,0,0,0,0,0,0,8,WD,Normal,139000,1,15,0
333,20,RL,85.0,10655,Pave,2,Lvl,AllPub,Inside,2,2,Norm,Norm,1Fam,1Story,8,5,Gable,CompShg,VinylSd,VinylSd,296.0,2,2,PConc,2.0,2.0,0.0,5.0,1124,,479,1603,3206,GasA,4,1,SBrkr,0,0,1629,1,0,2,0,3,1,2,7,1,1,Attchd,1.0,880,2.0,2.0,2,0,0,0,0,0,0,0,10,WD,Normal,284000,1,5,0
334,120,RM,59.0,8198,Pave,3,Lvl,AllPub,FR3,2,2,Norm,Norm,TwnhsE,1Story,7,5,Gable,CompShg,VinylSd,VinylSd,146.0,2,2,PConc,2.0,2.0,2.0,5.0,720,1.0,0,638,1358,GasA,4,1,SBrkr,0,0,1358,1,0,2,0,2,1,2,6,1,1,Attchd,1.0,484,2.0,2.0,2,192,30,0,0,0,0,0,7,WD,Normal,207000,0,4,0
335,60,RL,59.0,9042,Pave,2,Lvl,AllPub,Inside,2,3,Norm,Norm,1Fam,2Story,6,5,Gable,CompShg,VinylSd,VinylSd,0.0,1,2,PConc,2.0,2.0,3.0,5.0,828,1.0,0,115,943,GasA,3,1,SBrkr,695,0,1638,1,0,2,1,3,1,1,7,1,2,Attchd,2.0,472,2.0,2.0,2,100,38,0,0,0,0,0,7,WD,Normal,192000,0,10,0
336,190,RL,,164660,Grvl,2,HLS,AllPub,Corner,0,3,Norm,Norm,2fmCon,1.5Fin,5,6,Gable,CompShg,Plywood,Plywood,0.0,1,2,CBlock,1.0,2.0,3.0,4.0,1249,3.0,147,103,1499,GasA,4,1,SBrkr,167,0,1786,2,0,2,0,3,1,1,7,1,2,Attchd,2.0,529,2.0,2.0,2,670,0,0,0,0,0,700,8,WD,Normal,228950,0,43,0
337,20,RL,86.0,14157,Pave,2,HLS,AllPub,Corner,2,3,Norm,Norm,1Fam,1Story,9,5,Hip,CompShg,VinylSd,VinylSd,200.0,2,2,PConc,3.0,2.0,3.0,5.0,1249,1.0,0,673,1922,GasA,4,1,SBrkr,0,0,1922,1,0,2,0,3,1,2,8,1,1,Attchd,2.0,676,2.0,2.0,2,178,51,0,0,0,0,0,7,WD,Normal,377426,1,1,0
338,20,RL,70.0,9135,Pave,3,Lvl,AllPub,Inside,2,0,Norm,Norm,1Fam,1Story,7,5,Gable,CompShg,VinylSd,VinylSd,113.0,2,2,PConc,2.0,2.0,2.0,5.0,810,1.0,0,726,1536,GasA,4,1,SBrkr,0,0,1536,1,0,2,0,3,1,2,7,1,0,Attchd,1.0,532,2.0,2.0,2,192,74,0,0,0,0,0,12,WD,Normal,214000,1,5,0
339,20,RL,91.0,14145,Pave,3,Lvl,AllPub,Corner,2,1,Norm,Norm,1Fam,1Story,7,7,Gable,CompShg,Wd Sdng,Wd Sdng,0.0,2,2,CBlock,2.0,2.0,1.0,4.0,213,1.0,0,995,1208,GasA,4,1,SBrkr,0,0,1621,1,0,2,0,3,1,2,8,1,0,Attchd,1.0,440,2.0,2.0,2,108,45,0,0,0,0,400,5,WD,Normal,202500,1,8,0
340,20,RL,66.0,12400,Pave,2,Lvl,AllPub,Inside,2,2,Feedr,Norm,1Fam,1Story,6,7,Hip,CompShg,Wd Sdng,Wd Sdng,176.0,1,2,CBlock,1.0,1.0,0.0,2.0,585,1.0,0,630,1215,GasA,2,1,FuseA,0,0,1215,0,0,1,0,3,1,1,6,1,0,Attchd,0.0,297,2.0,2.0,2,0,0,0,0,234,0,0,6,WD,Normal,155000,1,11,0
341,60,RL,85.0,14191,Pave,3,Lvl,AllPub,Inside,2,3,Norm,Norm,1Fam,2Story,8,5,Gable,CompShg,VinylSd,VinylSd,0.0,2,2,PConc,2.0,2.0,0.0,0.0,0,1.0,0,967,967,GasA,4,1,SBrkr,915,0,1908,0,0,2,1,4,1,2,9,1,0,Attchd,2.0,431,2.0,2.0,2,135,0,0,0,0,0,0,4,WD,Normal,202900,0,8,0
342,20,RH,60.0,8400,Pave,3,Lvl,AllPub,Inside,2,2,Feedr,Norm,1Fam,1Story,4,4,Gable,CompShg,Wd Sdng,AsbShng,0.0,0,1,CBlock,1.0,1.0,0.0,0.0,0,1.0,0,721,721,GasA,3,1,SBrkr,0,0,841,0,0,1,0,2,1,1,4,1,0,CarPort,0.0,294,2.0,2.0,0,250,0,24,0,0,0,0,9,WD,Normal,82000,0,59,0
343,90,RL,,8544,Pave,3,Lvl,AllPub,Inside,2,2,Norm,Norm,Duplex,1Story,3,4,Gable,CompShg,Stucco,Stucco,340.0,1,2,Slab,,,,,0,,0,0,0,Wall,1,0,FuseA,0,0,1040,0,0,2,0,2,2,1,6,1,0,Detchd,0.0,400,2.0,2.0,2,0,0,0,0,0,0,0,5,WD,Normal,87500,1,56,0
344,120,RL,63.0,8849,Pave,2,Lvl,AllPub,Inside,2,2,Norm,Norm,TwnhsE,1Story,9,5,Hip,CompShg,MetalSd,MetalSd,616.0,3,2,PConc,3.0,2.0,0.0,5.0,28,1.0,0,1656,1684,GasA,4,1,SBrkr,0,0,1684,0,0,2,0,2,1,3,6,1,1,Attchd,1.0,564,2.0,2.0,2,495,72,0,0,0,0,0,7,WD,Normal,266000,0,3,0
345,160,RM,36.0,2592,Pave,3,Lvl,AllPub,Inside,2,2,Norm,Norm,TwnhsE,2Story,5,3,Gable,CompShg,CemntBd,CmentBd,0.0,1,2,CBlock,2.0,2.0,0.0,2.0,129,3.0,232,175,536,GasA,2,1,SBrkr,576,0,1112,0,0,1,1,3,1,1,4,1,0,Attchd,0.0,336,2.0,2.0,2,182,0,0,0,0,0,0,4,WD,Normal,85000,0,34,0
346,50,RL,65.0,6435,Pave,3,Lvl,AllPub,Inside,2,1,RRAn,Norm,1Fam,1.5Fin,6,5,Gable,CompShg,MetalSd,MetalSd,0.0,1,2,BrkTil,1.0,2.0,0.0,0.0,0,1.0,0,972,972,GasA,3,1,SBrkr,605,0,1577,0,0,1,0,3,1,0,6,1,1,Detchd,0.0,312,2.0,2.0,2,0,0,0,0,0,0,0,10,WD,Normal,140200,1,56,0
347,20,RL,,12772,Pave,2,Lvl,AllPub,CulDSac,2,2,Norm,Norm,1Fam,1Story,6,8,Hip,CompShg,MetalSd,MetalSd,0.0,1,3,CBlock,1.0,2.0,1.0,3.0,498,1.0,0,460,958,GasA,2,1,SBrkr,0,0,958,0,0,1,0,2,1,1,5,1,0,Attchd,1.0,301,2.0,2.0,2,0,0,0,0,0,0,15500,4,WD,Normal,151500,1,9,0
348,20,RL,,17600,Pave,2,Lvl,AllPub,Inside,2,2,Norm,Norm,1Fam,1Story,6,5,Gable,CompShg,Wd Sdng,Wd Sdng,30.0,1,2,CBlock,1.0,2.0,0.0,3.0,1270,1.0,0,208,1478,GasA,4,1,FuseA,0,0,1478,1,0,2,0,3,1,1,6,1,2,Attchd,0.0,498,2.0,2.0,2,0,40,0,0,0,0,0,12,WD,Normal,157500,0,49,0
349,160,RL,36.0,2448,Pave,3,Lvl,AllPub,Inside,2,2,Norm,Norm,Twnhs,2Story,7,5,Gable,CompShg,VinylSd,Wd Shng,106.0,2,2,PConc,2.0,2.0,0.0,5.0,573,1.0,0,191,764,GasA,4,1,SBrkr,862,0,1626,1,0,2,1,2,1,2,6,1,0,BuiltIn,1.0,474,2.0,2.0,2,0,27,0,0,0,0,0,10,WD,Normal,154000,1,4,0
350,60,RL,56.0,20431,Pave,1,Lvl,AllPub,Inside,2,2,Norm,Norm,1Fam,2Story,9,5,Hip,CompShg,CemntBd,CmentBd,870.0,3,2,PConc,3.0,2.0,0.0,5.0,1410,1.0,0,438,1848,GasA,4,1,SBrkr,880,0,2728,1,0,2,1,4,1,3,10,1,2,Attchd,2.0,706,2.0,2.0,2,0,0,0,0,0,0,0,4,New,Partial,437154,1,0,0
351,120,RL,68.0,7820,Pave,2,Lvl,AllPub,Inside,2,2,Norm,Norm,TwnhsE,1Story,9,5,Hip,CompShg,MetalSd,MetalSd,362.0,3,2,PConc,3.0,2.0,0.0,0.0,0,1.0,0,1869,1869,GasA,4,1,SBrkr,0,0,1869,0,0,2,0,2,1,3,6,1,1,Attchd,1.0,617,2.0,2.0,2,210,54,0,0,0,0,0,12,New,Partial,318061,0,0,1
352,120,RL,,5271,Pave,2,Low,AllPub,Inside,1,3,Norm,Norm,1Fam,1Story,7,5,Gable,CompShg,Wd Sdng,Wd Sdng,0.0,1,2,PConc,2.0,2.0,3.0,5.0,1082,1.0,0,371,1453,GasA,3,1,SBrkr,0,0,1453,1,0,1,1,2,1,2,6,1,1,Attchd,1.0,445,2.0,2.0,2,0,80,0,0,184,0,0,12,WD,Abnorml,190000,0,20,0
353,50,RL,60.0,9084,Pave,3,Lvl,AllPub,Inside,2,3,Artery,Norm,1Fam,1.5Fin,5,6,Gable,CompShg,VinylSd,VinylSd,0.0,1,2,CBlock,1.0,1.0,1.0,1.0,236,2.0,380,0,616,GasA,2,0,SBrkr,495,0,1111,0,1,1,0,3,1,1,5,1,0,Detchd,0.0,200,2.0,1.0,2,48,0,0,0,0,0,0,3,ConLw,Normal,95000,1,58,0
354,30,RM,60.0,8520,Pave,3,Lvl,AllPub,Inside,2,1,Norm,Norm,1Fam,1Story,6,8,Gable,CompShg,VinylSd,VinylSd,0.0,1,3,BrkTil,1.0,2.0,0.0,0.0,0,1.0,0,624,624,GasA,3,1,SBrkr,0,0,720,0,0,1,0,2,1,1,5,1,0,Detchd,0.0,484,2.0,2.0,2,106,0,0,0,0,0,0,5,WD,Normal,105900,1,7,0
355,50,RL,60.0,8400,Pave,3,Bnk,AllPub,Inside,2,3,Norm,Norm,1Fam,1.5Fin,6,5,Gable,CompShg,Wd Sdng,MetalSd,0.0,1,2,CBlock,1.0,2.0,0.0,1.0,388,1.0,0,552,940,GasA,4,1,SBrkr,403,0,1595,0,0,1,0,2,1,1,6,1,2,Attchd,0.0,240,2.0,2.0,2,0,0,108,0,0,0,0,6,WD,Normal,140000,1,6,0
356,20,RL,105.0,11249,Pave,1,Lvl,AllPub,Inside,2,0,Norm,Norm,1Fam,1Story,6,5,Gable,CompShg,VinylSd,VinylSd,0.0,2,3,PConc,2.0,3.0,0.0,4.0,334,3.0,544,322,1200,GasA,4,1,SBrkr,0,0,1200,1,0,2,0,3,1,2,6,1,0,Attchd,1.0,521,2.0,2.0,2,0,26,0,0,0,0,0,8,WD,Normal,177500,0,12,0
357,20,RL,,9248,Pave,2,Lvl,AllPub,Inside,2,3,Norm,Norm,1Fam,1Story,6,6,Gable,CompShg,HdBoard,HdBoard,106.0,1,2,PConc,2.0,2.0,0.0,5.0,560,1.0,0,598,1158,GasA,3,1,SBrkr,0,0,1167,1,0,2,0,3,1,2,6,1,0,Attchd,1.0,400,2.0,2.0,2,120,26,0,0,0,0,0,7,WD,Normal,173000,0,17,0
358,120,RM,44.0,4224,Pave,3,Lvl,AllPub,Inside,2,2,Norm,Norm,TwnhsE,1Story,5,5,Gable,CompShg,CemntBd,CmentBd,0.0,1,2,PConc,2.0,2.0,0.0,4.0,874,1.0,0,268,1142,GasA,2,1,SBrkr,0,0,1142,1,0,1,1,3,1,1,6,1,1,Attchd,2.0,528,2.0,2.0,2,536,90,0,0,0,0,0,8,WD,Normal,134000,0,31,0
359,80,RL,92.0,6930,Pave,2,Lvl,AllPub,Inside,2,3,Norm,Norm,1Fam,SLvl,5,4,Hip,CompShg,Wd Sdng,ImStucc,120.0,1,2,CBlock,1.0,2.0,2.0,3.0,300,2.0,294,468,1062,GasA,4,1,FuseF,0,0,1352,0,1,1,0,3,1,2,6,5,0,BuiltIn,0.0,288,2.0,2.0,2,168,0,294,0,0,0,0,7,WD,Abnorml,130000,0,48,0
360,60,RL,78.0,12011,Pave,2,Lvl,AllPub,CulDSac,2,1,Norm,Norm,1Fam,2Story,8,5,Gable,CompShg,VinylSd,VinylSd,530.0,2,2,PConc,2.0,2.0,2.0,5.0,956,1.0,0,130,1086,GasA,4,1,SBrkr,838,0,1924,1,0,2,1,3,1,2,7,1,1,Attchd,1.0,592,2.0,2.0,2,208,75,0,0,374,0,0,6,WD,Normal,280000,0,8,0
361,85,RL,,7540,Pave,2,Lvl,AllPub,CulDSac,2,1,Norm,Norm,1Fam,SFoyer,6,6,Gable,CompShg,VinylSd,VinylSd,0.0,1,2,CBlock,2.0,2.0,2.0,5.0,773,1.0,0,115,888,GasA,4,1,SBrkr,0,0,912,1,0,1,0,2,1,1,5,1,1,Attchd,1.0,470,2.0,2.0,2,0,0,0,0,192,0,0,6,WD,Normal,156000,0,29,0
362,50,RL,,9144,Pave,3,Lvl,AllPub,Inside,2,1,Norm,Norm,1Fam,1.5Fin,5,5,Gable,CompShg,MetalSd,MetalSd,0.0,1,2,CBlock,1.0,2.0,0.0,2.0,399,1.0,0,484,883,GasA,3,1,SBrkr,517,0,1505,1,0,1,0,3,1,1,8,1,0,Detchd,0.0,240,2.0,2.0,0,0,0,0,0,0,0,0,7,WD,Normal,145000,1,26,0
363,85,RL,64.0,7301,Pave,3,Lvl,AllPub,Corner,2,3,Norm,Norm,1Fam,SFoyer,7,5,Gable,CompShg,HdBoard,HdBoard,500.0,2,2,Slab,,,,,0,,0,0,0,GasA,4,1,SBrkr,1427,0,1922,0,0,3,0,4,1,2,7,1,1,BuiltIn,1.0,672,2.0,2.0,2,0,0,177,0,0,0,0,7,ConLD,Normal,198500,0,6,0
364,160,RM,21.0,1680,Pave,3,Lvl,AllPub,Inside,2,3,Norm,Norm,Twnhs,2Story,6,8,Gable,CompShg,HdBoard,HdBoard,510.0,1,2,CBlock,1.0,2.0,0.0,4.0,162,1.0,0,321,483,GasA,3,1,SBrkr,504,0,987,0,0,1,1,2,1,2,5,1,0,Detchd,0.0,264,2.0,2.0,2,250,0,0,0,0,0,0,5,WD,Normal,118000,1,2,0
365,60,RL,,18800,Pave,2,Lvl,AllPub,FR2,2,1,Norm,Norm,1Fam,2Story,6,5,Gable,CompShg,HdBoard,HdBoard,120.0,1,2,PConc,2.0,2.0,1.0,5.0,712,1.0,0,84,796,GasA,2,1,SBrkr,784,0,1574,1,0,2,1,3,1,1,6,1,1,Attchd,2.0,566,2.0,2.0,2,306,111,0,0,0,0,0,7,WD,Normal,190000,0,30,0
366,70,RM,59.0,10690,Pave,3,Lvl,AllPub,Inside,2,2,Norm,Norm,1Fam,2Story,5,7,Hip,CompShg,VinylSd,VinylSd,0.0,1,3,CBlock,1.0,1.0,0.0,2.0,456,1.0,0,216,672,GasA,3,1,FuseA,672,0,1344,0,0,1,0,3,1,1,6,1,0,Detchd,0.0,468,2.0,1.0,2,0,128,218,0,0,0,0,7,WD,Normal,147000,1,12,0
367,20,RL,,9500,Pave,2,Lvl,AllPub,Inside,2,2,Norm,Norm,1Fam,1Story,6,5,Gable,CompShg,Plywood,Plywood,247.0,1,2,CBlock,2.0,2.0,0.0,3.0,609,1.0,0,785,1394,GasA,3,1,SBrkr,0,0,1394,1,0,1,1,3,1,1,6,1,2,Attchd,1.0,514,2.0,2.0,2,0,76,0,0,185,0,0,7,WD,Normal,159000,0,46,0
368,80,RL,101.0,9150,Pave,2,Lvl,AllPub,Corner,2,2,Norm,Norm,1Fam,SLvl,6,5,Gable,Tar&Grv,Plywood,Plywood,305.0,1,2,CBlock,2.0,2.0,3.0,5.0,371,1.0,0,728,1099,GasA,3,1,SBrkr,0,0,1431,0,1,1,0,3,1,1,6,1,1,Basment,1.0,296,2.0,2.0,2,64,110,0,0,0,0,0,12,WD,Normal,165000,0,46,0
369,20,RL,78.0,7800,Pave,3,Lvl,AllPub,Inside,2,2,Norm,Norm,1Fam,1Story,5,6,Gable,CompShg,HdBoard,HdBoard,200.0,1,2,PConc,1.0,2.0,0.0,1.0,540,1.0,0,728,1268,GasA,3,1,SBrkr,0,0,1268,0,0,1,0,2,1,1,7,1,1,Attchd,2.0,244,2.0,2.0,2,0,98,0,0,0,0,0,3,WD,Normal,132000,0,56,0
370,20,RL,,9830,Pave,2,Lvl,AllPub,Corner,2,2,Norm,Norm,1Fam,1Story,5,7,Gable,CompShg,Wd Sdng,Wd Sdng,0.0,1,3,CBlock,1.0,2.0,0.0,4.0,72,2.0,258,733,1063,GasA,4,1,SBrkr,0,0,1287,1,0,1,0,3,1,2,7,1,1,Detchd,2.0,576,2.0,2.0,2,364,17,0,0,182,0,0,3,WD,Normal,162000,1,4,0
371,60,RL,,8121,Pave,2,Lvl,AllPub,Inside,2,3,Norm,Norm,1Fam,2Story,6,5,Gable,CompShg,VinylSd,VinylSd,0.0,1,2,PConc,2.0,2.0,0.0,0.0,0,1.0,0,953,953,GasA,4,1,SBrkr,711,0,1664,0,0,2,1,3,1,1,7,1,1,Attchd,1.0,460,2.0,2.0,2,100,40,0,0,0,0,0,1,WD,Normal,172400,0,6,0
372,50,RL,80.0,17120,Pave,3,Lvl,AllPub,Inside,2,3,Feedr,Norm,1Fam,1.5Fin,4,4,Gable,CompShg,WdShing,Plywood,0.0,1,2,CBlock,,,,,0,,0,0,0,GasA,2,1,SBrkr,468,0,1588,0,0,2,0,4,1,1,7,5,1,Detchd,2.0,680,2.0,2.0,0,0,59,0,0,0,0,0,7,WD,Normal,134432,0,49,0
373,120,RL,50.0,7175,Pave,3,Lvl,AllPub,Inside,2,2,Norm,Norm,TwnhsE,1Story,6,5,Gable,CompShg,Plywood,Plywood,0.0,1,2,CBlock,2.0,2.0,0.0,4.0,623,0.0,121,0,744,GasA,2,1,SBrkr,0,0,752,1,0,1,0,2,1,1,4,1,0,Attchd,0.0,264,2.0,2.0,2,353,0,0,0,90,0,0,2,WD,Normal,125000,0,26,0
374,20,RL,79.0,10634,Pave,3,Lvl,AllPub,Inside,2,2,Norm,Norm,1Fam,1Story,5,6,Gable,CompShg,MetalSd,MetalSd,0.0,1,2,PConc,1.0,2.0,0.0,3.0,428,0.0,180,0,608,GasA,2,1,SBrkr,0,0,1319,1,0,1,0,3,1,1,5,5,0,Attchd,0.0,270,2.0,2.0,2,66,0,0,0,0,0,0,11,WD,Normal,123000,0,56,0
375,60,RL,65.0,8200,Pave,3,Lvl,AllPub,Inside,2,0,Norm,Norm,1Fam,2Story,7,5,Gable,CompShg,VinylSd,VinylSd,0.0,2,2,PConc,2.0,2.0,0.0,0.0,0,1.0,0,847,847,GasA,4,1,SBrkr,1081,0,1928,0,0,2,1,4,1,2,8,1,1,BuiltIn,2.0,434,2.0,2.0,2,100,48,0,0,0,0,0,7,WD,Normal,219500,1,3,0
376,30,RL,,10020,Pave,2,Low,AllPub,Inside,0,3,Norm,Norm,1Fam,1Story,1,1,Gable,CompShg,Wd Sdng,Wd Sdng,0.0,0,1,BrkTil,0.0,0.0,3.0,3.0,350,1.0,0,333,683,GasA,3,0,FuseA,0,0,904,1,0,0,1,1,1,0,4,3,0,,,0,,,2,0,0,0,0,0,0,0,3,WD,Normal,61000,1,59,0
377,85,RL,57.0,8846,Pave,2,Lvl,AllPub,CulDSac,2,0,Norm,Norm,1Fam,SFoyer,5,5,Gable,CompShg,VinylSd,VinylSd,0.0,2,2,PConc,2.0,2.0,2.0,5.0,298,1.0,0,572,870,GasA,4,1,SBrkr,0,0,914,0,0,1,0,2,1,1,5,1,0,Detchd,0.0,576,2.0,2.0,2,0,0,0,0,0,0,0,7,WD,Normal,148000,0,10,0
378,60,FV,102.0,11143,Pave,2,Lvl,AllPub,Corner,2,1,Norm,Norm,1Fam,2Story,8,5,Gable,CompShg,CemntBd,CmentBd,0.0,2,2,PConc,2.0,2.0,0.0,0.0,0,1.0,0,1580,1580,GasA,4,1,SBrkr,886,0,2466,0,0,3,0,4,1,2,8,1,1,Attchd,1.0,610,2.0,2.0,2,159,214,0,0,0,0,0,12,WD,Normal,340000,1,2,0
379,20,RL,88.0,11394,Pave,3,Lvl,AllPub,Corner,2,3,Norm,Norm,1Fam,1Story,9,2,Hip,CompShg,VinylSd,VinylSd,350.0,2,2,PConc,3.0,2.0,2.0,5.0,1445,1.0,0,411,1856,GasA,4,1,SBrkr,0,0,1856,1,0,1,1,1,1,3,8,1,1,Attchd,2.0,834,2.0,2.0,2,113,0,0,0,0,0,0,6,New,Partial,394432,0,0,1
380,60,RL,60.0,8123,Pave,2,Lvl,AllPub,Inside,2,3,RRAn,Norm,1Fam,2Story,6,5,Gable,CompShg,VinylSd,VinylSd,16.0,1,2,PConc,2.0,2.0,0.0,0.0,0,1.0,0,982,982,GasA,4,1,SBrkr,793,0,1800,0,0,2,1,3,1,1,7,1,1,Attchd,2.0,463,2.0,2.0,2,100,63,0,0,0,0,0,6,WD,Normal,179000,0,9,0
381,50,RL,50.0,5000,Pave,3,Lvl,AllPub,Inside,2,3,Norm,Norm,1Fam,1.5Fin,5,6,Gable,CompShg,BrkFace,Wd Sdng,0.0,1,2,BrkTil,1.0,2.0,0.0,1.0,218,1.0,0,808,1026,GasA,2,1,SBrkr,665,0,1691,0,0,2,0,3,1,2,6,1,1,Detchd,0.0,308,2.0,2.0,2,0,0,242,0,0,0,0,5,WD,Normal,127000,1,60,0
382,20,FV,60.0,7200,Pave,3,Lvl,AllPub,Inside,2,1,Norm,Norm,1Fam,1Story,7,5,Gable,CompShg,VinylSd,VinylSd,0.0,2,2,PConc,2.0,3.0,0.0,0.0,0,1.0,0,1293,1293,GasA,4,1,SBrkr,0,0,1301,1,0,2,0,2,1,2,5,1,1,Attchd,1.0,572,2.0,2.0,2,216,121,0,0,0,0,0,8,New,Partial,187750,0,0,1
383,60,RL,79.0,9245,Pave,2,Lvl,AllPub,Inside,2,0,Norm,Norm,1Fam,2Story,7,5,Gable,CompShg,VinylSd,VinylSd,0.0,2,2,PConc,2.0,2.0,2.0,0.0,0,1.0,0,939,939,GasA,4,1,SBrkr,858,0,1797,0,0,2,1,3,1,2,8,1,0,Attchd,1.0,639,2.0,2.0,2,144,53,0,0,0,0,0,4,WD,Normal,213500,0,1,0
384,45,RH,60.0,9000,Pave,3,Lvl,AllPub,Corner,2,2,Norm,Norm,1Fam,1.5Unf,6,3,Gable,CompShg,Wd Sdng,Wd Sdng,0.0,1,2,BrkTil,0.0,1.0,0.0,0.0,0,1.0,0,784,784,GasA,2,0,FuseA,0,0,784,0,0,1,0,2,1,1,5,1,0,Detchd,0.0,360,1.0,1.0,0,0,0,91,0,0,0,0,10,WD,Normal,76000,1,59,0
385,60,RL,,53107,Pave,1,Low,AllPub,Corner,1,3,Feedr,Norm,1Fam,2Story,6,5,Gable,CompShg,HdBoard,HdBoard,0.0,2,2,PConc,2.0,2.0,2.0,5.0,985,1.0,0,595,1580,GasA,4,1,SBrkr,874,0,1953,1,0,2,1,3,1,2,9,1,2,Attchd,2.0,501,2.0,2.0,2,216,231,0,0,0,0,0,6,WD,Normal,240000,0,15,0
386,120,RL,43.0,3182,Pave,3,Lvl,AllPub,Inside,2,3,Norm,Norm,TwnhsE,1Story,8,5,Gable,CompShg,VinylSd,VinylSd,16.0,2,2,PConc,2.0,2.0,0.0,5.0,24,1.0,0,1232,1256,GasA,4,1,SBrkr,0,0,1269,0,0,2,0,2,1,2,6,1,1,Attchd,2.0,430,2.0,2.0,2,146,20,0,0,144,0,0,4,WD,Normal,192000,1,5,0
387,50,RL,58.0,8410,Pave,3,Lvl,AllPub,FR2,2,3,Feedr,Norm,1Fam,1.5Fin,5,3,Gambrel,CompShg,Wd Sdng,VinylSd,0.0,1,1,PConc,1.0,2.0,0.0,0.0,0,1.0,0,658,658,GasA,2,1,SBrkr,526,0,1184,0,0,1,0,5,1,1,8,1,0,,,0,,,0,0,151,0,0,0,0,0,5,WD,AdjLand,81000,1,10,0
388,80,RL,72.0,7200,Pave,3,Lvl,AllPub,Inside,2,3,Norm,Norm,1Fam,SLvl,6,6,Hip,CompShg,MetalSd,MetalSd,255.0,1,2,CBlock,1.0,2.0,2.0,4.0,631,1.0,0,410,1041,GasA,4,1,SBrkr,0,0,1125,1,0,1,0,3,1,1,6,1,1,Detchd,0.0,352,2.0,2.0,2,296,0,0,0,0,0,0,10,WD,Abnorml,125000,0,33,0
389,20,RL,93.0,9382,Pave,2,Lvl,AllPub,CulDSac,2,0,Norm,Norm,1Fam,1Story,7,5,Gable,CompShg,VinylSd,VinylSd,125.0,2,2,PConc,2.0,2.0,0.0,0.0,0,1.0,0,1468,1468,GasA,4,1,SBrkr,0,0,1479,0,0,2,0,3,1,2,6,1,0,Attchd,1.0,577,2.0,2.0,2,120,25,0,0,0,0,0,7,WD,Normal,191000,1,8,0
390,60,RL,96.0,12474,Pave,3,Lvl,AllPub,Inside,2,2,Norm,Norm,1Fam,2Story,10,5,Gable,CompShg,VinylSd,VinylSd,272.0,3,2,PConc,3.0,2.0,2.0,5.0,1280,1.0,0,402,1682,GasA,4,1,SBrkr,590,0,2332,1,0,2,1,3,1,3,9,1,1,BuiltIn,2.0,846,2.0,2.0,2,196,134,0,0,0,0,0,8,New,Partial,426000,1,0,0
391,50,RL,50.0,8405,Pave,3,Lvl,AllPub,Inside,2,3,Norm,Norm,1Fam,1.5Fin,5,8,Gable,CompShg,MetalSd,MetalSd,0.0,1,2,BrkTil,1.0,3.0,0.0,2.0,241,3.0,391,229,861,GasA,4,1,SBrkr,406,0,1367,1,0,1,0,4,1,1,7,1,0,Detchd,0.0,384,2.0,2.0,2,0,130,112,0,0,0,0,4,WD,Normal,119000,1,58,0
392,60,RL,71.0,12209,Pave,2,Lvl,AllPub,CulDSac,2,1,Norm,Norm,1Fam,2Story,6,5,Gable,CompShg,VinylSd,VinylSd,0.0,1,2,PConc,3.0,2.0,0.0,4.0,690,1.0,0,114,804,GasA,4,1,SBrkr,1157,0,1961,1,0,2,1,3,1,2,7,1,1,BuiltIn,2.0,560,2.0,2.0,2,125,192,0,0,0,0,0,6,WD,Normal,215000,1,7,0
393,20,RL,,8339,Pave,2,Lvl,AllPub,Inside,2,2,Norm,Norm,1Fam,1Story,5,7,Gable,CompShg,MetalSd,MetalSd,0.0,1,2,Slab,,,,,0,,0,0,0,GasA,2,1,SBrkr,0,0,882,0,0,1,0,3,1,1,5,1,0,Attchd,1.0,294,2.0,2.0,2,0,0,0,0,0,0,1200,7,WD,Normal,106500,0,48,0
394,30,RL,,7446,Pave,3,Lvl,AllPub,Corner,2,1,Feedr,Norm,1Fam,1Story,4,5,Gable,CompShg,WdShing,Wd Shng,0.0,1,2,CBlock,1.0,2.0,0.0,2.0,266,1.0,0,522,788,GasA,2,1,FuseA,0,0,788,0,0,1,0,2,1,1,4,1,2,,,0,,,2,0,0,0,0,0,0,0,4,WD,Abnorml,100000,1,56,0
395,50,RL,60.0,10134,Pave,3,Lvl,AllPub,Inside,2,1,Norm,Norm,1Fam,1.5Fin,5,6,Gable,CompShg,MetalSd,MetalSd,0.0,1,2,CBlock,1.0,2.0,0.0,0.0,0,1.0,0,735,735,GasA,3,1,FuseA,299,0,1034,0,0,1,0,2,1,1,5,1,0,Detchd,0.0,240,2.0,2.0,2,0,39,0,0,0,0,0,7,WD,Normal,109000,1,57,0
396,20,RL,68.0,9571,Pave,3,Lvl,AllPub,Inside,2,3,Norm,Norm,1Fam,1Story,5,6,Gable,CompShg,Wd Sdng,Wd Sdng,0.0,1,2,CBlock,1.0,2.0,2.0,3.0,739,1.0,0,405,1144,GasA,2,1,SBrkr,0,0,1144,1,0,1,0,3,1,1,6,1,0,Attchd,0.0,596,2.0,2.0,2,44,0,0,0,0,0,0,6,WD,Normal,129000,0,54,0
397,20,RL,60.0,7200,Pave,3,Low,AllPub,Inside,2,0,Norm,Norm,1Fam,1Story,5,5,Hip,CompShg,MetalSd,MetalSd,0.0,1,2,CBlock,1.0,2.0,2.0,2.0,777,1.0,0,117,894,GasA,2,1,SBrkr,0,0,894,0,0,1,0,2,1,1,6,1,0,Detchd,1.0,600,2.0,2.0,2,215,0,0,0,0,0,0,9,WD,Normal,123000,0,37,0
398,60,RL,69.0,7590,Pave,3,Lvl,AllPub,Inside,2,2,PosN,Norm,1Fam,2Story,5,5,Gable,CompShg,VinylSd,VinylSd,288.0,1,2,CBlock,1.0,2.0,0.0,4.0,540,1.0,0,324,864,GasA,2,1,SBrkr,936,0,1812,0,0,2,0,4,1,1,8,1,1,Attchd,1.0,264,2.0,2.0,2,0,168,0,0,0,0,0,7,WD,Normal,169500,0,45,0
399,30,RM,60.0,8967,Pave,3,Lvl,AllPub,Corner,2,2,Norm,Norm,1Fam,1Story,5,2,Gable,CompShg,MetalSd,MetalSd,0.0,1,1,BrkTil,0.0,0.0,0.0,0.0,0,1.0,0,961,961,GasA,3,1,Mix,0,0,1077,0,0,1,0,2,1,1,6,2,0,Detchd,0.0,338,0.0,0.0,0,0,0,0,0,0,0,0,11,WD,Abnorml,67000,1,57,0
400,60,FV,65.0,8125,Pave,3,Lvl,AllPub,Inside,2,1,Norm,Norm,1Fam,2Story,7,5,Gable,CompShg,CemntBd,CmentBd,100.0,2,2,PConc,2.0,2.0,0.0,5.0,812,1.0,0,280,1092,GasA,4,1,SBrkr,438,0,1550,1,0,2,0,2,1,2,7,1,0,Attchd,2.0,438,2.0,2.0,2,0,168,0,0,0,0,0,10,WD,Normal,241000,1,2,0
401,120,RL,38.0,14963,Pave,1,Lvl,AllPub,Inside,2,0,Norm,Norm,TwnhsE,1Story,8,5,Gable,CompShg,BrkFace,BrkFace,0.0,2,2,PConc,2.0,2.0,0.0,5.0,786,1.0,0,474,1260,GasA,4,1,SBrkr,0,0,1288,1,0,1,1,1,1,3,4,1,2,Attchd,2.0,500,2.0,2.0,2,120,30,0,0,224,0,0,12,WD,Normal,245500,0,12,0
402,20,RL,65.0,8767,Pave,2,Lvl,AllPub,Inside,2,0,Norm,Norm,1Fam,1Story,7,5,Gable,CompShg,VinylSd,VinylSd,0.0,2,2,PConc,2.0,2.0,2.0,5.0,24,1.0,0,1286,1310,GasA,4,1,SBrkr,0,0,1310,0,0,2,0,3,1,2,6,1,1,Attchd,2.0,400,2.0,2.0,2,0,0,0,0,0,0,0,7,New,Partial,164990,0,1,0
403,30,RL,60.0,10200,Pave,3,Lvl,AllPub,Inside,2,2,Norm,Norm,1Fam,1Story,5,8,Gable,CompShg,Wd Sdng,Wd Sdng,0.0,1,2,PConc,1.0,2.0,0.0,0.0,0,1.0,0,672,672,GasA,4,1,SBrkr,0,0,672,0,0,1,0,2,1,1,4,1,0,Detchd,0.0,240,2.0,2.0,0,168,0,0,0,0,0,0,8,WD,Normal,108000,1,11,0
404,60,RL,93.0,12090,Pave,3,Lvl,AllPub,Corner,2,1,Norm,Norm,1Fam,2Story,8,5,Hip,CompShg,VinylSd,VinylSd,650.0,2,2,PConc,2.0,2.0,0.0,0.0,0,1.0,0,1141,1141,GasA,3,1,SBrkr,1098,0,2263,0,0,2,1,4,1,2,10,1,1,BuiltIn,2.0,420,2.0,2.0,2,144,123,0,0,0,0,0,7,WD,Abnorml,258000,0,8,0
405,60,RL,,10364,Pave,2,Lvl,AllPub,Inside,2,3,Norm,Norm,1Fam,2Story,6,5,Gable,CompShg,MetalSd,MetalSd,0.0,1,2,PConc,2.0,2.0,0.0,0.0,0,1.0,0,806,806,GasA,3,1,SBrkr,766,0,1572,0,0,2,1,3,1,1,7,1,1,BuiltIn,2.0,373,2.0,2.0,2,0,40,0,0,0,0,0,5,WD,Normal,168000,1,11,0
406,20,RL,,9991,Pave,2,Lvl,AllPub,Corner,2,2,Feedr,Norm,1Fam,1Story,4,4,Gable,CompShg,Plywood,Plywood,0.0,1,2,CBlock,1.0,2.0,0.0,3.0,1116,1.0,0,165,1281,GasA,4,1,SBrkr,0,0,1620,1,0,2,0,3,1,1,8,6,1,Attchd,0.0,490,2.0,2.0,2,120,78,0,0,0,0,0,6,WD,Normal,150000,1,16,0
407,50,RL,51.0,10480,Pave,3,Lvl,AllPub,Inside,2,3,Norm,Norm,1Fam,1.5Fin,6,5,Gable,CompShg,MetalSd,MetalSd,0.0,1,2,BrkTil,1.0,2.0,0.0,0.0,0,1.0,0,1064,1064,GasA,4,1,FuseA,0,473,1639,0,0,1,0,3,1,1,6,2,0,Detchd,0.0,240,2.0,2.0,2,0,0,0,0,0,0,0,3,WD,Normal,115000,1,58,0
408,70,RL,63.0,15576,Pave,3,Lvl,AllPub,Inside,2,0,Norm,Norm,1Fam,2Story,6,7,Gable,CompShg,Wd Sdng,Plywood,0.0,1,2,BrkTil,2.0,2.0,0.0,0.0,0,1.0,0,840,840,GasA,4,1,SBrkr,840,0,1680,0,0,2,0,4,1,1,8,1,0,Attchd,0.0,308,2.0,2.0,2,0,0,160,0,0,0,0,3,WD,Normal,177000,1,32,0
409,60,RL,109.0,14154,Pave,3,Lvl,AllPub,Corner,2,2,Norm,Norm,1Fam,2Story,7,5,Gable,CompShg,VinylSd,VinylSd,350.0,2,2,PConc,3.0,3.0,0.0,0.0,0,1.0,0,1063,1063,GasA,4,1,SBrkr,1101,0,2172,0,0,2,1,3,1,2,9,1,1,Attchd,1.0,947,2.0,2.0,2,192,62,0,0,0,0,0,8,New,Partial,280000,0,1,0
410,60,FV,85.0,10800,Pave,3,Lvl,AllPub,Inside,2,1,Norm,Norm,1Fam,2Story,8,5,Gable,CompShg,VinylSd,VinylSd,100.0,2,2,PConc,3.0,2.0,0.0,5.0,789,1.0,0,245,1034,GasA,4,1,SBrkr,1028,0,2078,1,0,2,1,3,1,3,8,1,1,Attchd,2.0,836,2.0,2.0,2,0,102,0,0,0,0,0,4,New,Partial,339750,1,0,0
411,20,RL,68.0,9571,Pave,3,Lvl,AllPub,Inside,2,3,Norm,Norm,1Fam,1Story,5,3,Gable,CompShg,BrkComm,Brk Cmn,0.0,1,1,CBlock,1.0,1.0,0.0,0.0,0,1.0,0,1276,1276,GasA,2,1,FuseA,0,0,1276,0,0,1,0,3,1,1,5,4,0,Attchd,0.0,350,2.0,2.0,2,0,0,0,0,0,0,0,6,COD,Abnorml,60000,0,51,0
412,190,RL,100.0,34650,Pave,3,Bnk,AllPub,Inside,2,3,Norm,Norm,2fmCon,1Story,5,5,Hip,CompShg,Wd Sdng,Wd Sdng,0.0,1,2,CBlock,1.0,2.0,1.0,2.0,1056,1.0,0,0,1056,GasA,2,0,SBrkr,0,0,1056,1,0,1,0,3,1,1,5,1,0,Attchd,2.0,572,2.0,2.0,2,264,0,0,0,0,0,0,1,WD,Normal,145000,0,51,0
413,20,FV,,4403,Pave,1,Lvl,AllPub,Inside,2,1,Norm,Norm,1Fam,1Story,7,5,Gable,CompShg,MetalSd,MetalSd,432.0,3,2,PConc,3.0,2.0,2.0,5.0,578,1.0,0,892,1470,GasA,4,1,SBrkr,0,0,1478,1,0,2,1,2,1,2,7,1,1,Attchd,2.0,484,2.0,2.0,2,0,144,0,0,0,0,0,6,New,Partial,222000,0,1,0
414,30,RM,56.0,8960,Pave,3,Lvl,AllPub,Inside,2,1,Artery,Norm,1Fam,1Story,5,6,Gable,CompShg,WdShing,Wd Shng,0.0,1,2,CBlock,1.0,2.0,0.0,0.0,0,1.0,0,1008,1008,GasA,3,1,FuseA,0,0,1028,0,0,1,0,2,1,1,5,1,1,Detchd,0.0,360,2.0,2.0,2,0,0,130,0,0,0,0,3,WD,Normal,115000,1,60,0
415,60,RL,59.0,11228,Pave,1,Lvl,AllPub,CulDSac,2,2,Norm,Norm,1Fam,2Story,7,5,Gable,CompShg,VinylSd,VinylSd,0.0,2,2,PConc,2.0,2.0,0.0,3.0,50,5.0,531,499,1080,GasA,4,1,SBrkr,1017,0,2097,0,1,2,1,3,1,2,9,1,1,Attchd,0.0,678,2.0,2.0,2,196,187,0,0,0,0,0,12,WD,Normal,228000,0,15,0
416,20,RL,73.0,8899,Pave,2,Lvl,AllPub,Inside,2,3,Norm,Norm,1Fam,1Story,7,5,Gable,CompShg,VinylSd,VinylSd,0.0,2,2,PConc,2.0,2.0,2.0,5.0,24,1.0,0,1316,1340,GasA,4,1,SBrkr,0,0,1340,0,0,2,0,3,1,2,6,1,0,Attchd,2.0,396,2.0,2.0,2,100,30,0,0,0,0,0,8,New,Partial,181134,0,0,1
417,60,RL,74.0,7844,Pave,3,Lvl,AllPub,Inside,2,2,Norm,Norm,1Fam,2Story,6,7,Hip,CompShg,HdBoard,HdBoard,203.0,1,2,CBlock,1.0,2.0,0.0,4.0,209,1.0,0,463,672,GasA,2,1,SBrkr,728,0,1400,0,0,1,1,3,1,1,6,1,1,Attchd,2.0,440,2.0,2.0,2,0,0,0,0,0,0,0,3,WD,Normal,149500,0,28,0
418,70,RL,86.0,22420,Pave,2,Lvl,AllPub,Inside,2,0,Feedr,Norm,1Fam,2Story,6,6,Hip,CompShg,Wd Sdng,Stucco,0.0,1,2,BrkTil,2.0,2.0,0.0,3.0,1128,1.0,0,242,1370,GasW,2,0,FuseA,1254,0,2624,1,0,2,1,4,1,1,10,1,1,Detchd,0.0,864,2.0,2.0,0,0,0,0,0,0,0,0,11,WD,Normal,239000,1,57,0
419,50,RL,60.0,8160,Pave,3,Lvl,AllPub,Inside,2,3,Norm,Norm,1Fam,1.5Fin,5,6,Gable,CompShg,MetalSd,MetalSd,0.0,1,2,BrkTil,1.0,2.0,0.0,4.0,312,1.0,0,444,756,GasA,1,0,FuseF,378,0,1134,1,0,1,1,3,1,1,7,1,0,Detchd,0.0,240,2.0,2.0,1,0,0,0,0,0,0,0,4,WD,AdjLand,126000,1,57,0
420,20,RL,65.0,8450,Pave,3,Lvl,AllPub,Inside,2,2,Norm,Norm,1Fam,1Story,5,6,Gable,CompShg,VinylSd,VinylSd,0.0,1,2,CBlock,1.0,2.0,0.0,3.0,775,1.0,0,281,1056,GasA,4,1,SBrkr,0,0,1056,1,0,1,0,3,1,1,6,1,1,Attchd,0.0,304,2.0,2.0,2,0,85,184,0,0,0,0,7,WD,Normal,142000,0,42,0
421,90,RM,78.0,7060,Pave,3,Lvl,AllPub,Inside,2,1,Norm,Norm,Duplex,SFoyer,7,5,Gable,CompShg,VinylSd,VinylSd,200.0,1,3,PConc,2.0,3.0,3.0,5.0,1309,1.0,0,35,1344,GasA,4,1,SBrkr,0,0,1344,2,0,2,0,2,2,1,8,1,0,Attchd,2.0,784,2.0,2.0,2,0,0,0,0,0,0,0,11,WD,Alloca,206300,1,10,0
422,20,RL,,16635,Pave,2,Lvl,AllPub,FR2,2,1,Norm,Norm,1Fam,1Story,6,7,Gable,CompShg,CemntBd,CmentBd,126.0,2,2,CBlock,2.0,2.0,0.0,4.0,1246,1.0,0,356,1602,GasA,3,1,SBrkr,0,0,1602,0,1,2,0,3,1,2,8,1,1,Attchd,2.0,529,2.0,2.0,2,240,0,0,0,0,0,0,6,WD,Normal,215000,1,9,0
423,20,RL,100.0,21750,Pave,3,HLS,AllPub,Inside,1,1,Artery,Norm,1Fam,1Story,5,5,Hip,CompShg,HdBoard,HdBoard,0.0,1,2,CBlock,1.0,2.0,0.0,0.0,0,1.0,0,988,988,GasA,4,1,FuseA,0,0,988,0,0,1,0,2,1,1,4,1,0,Attchd,1.0,520,2.0,2.0,0,0,0,0,0,0,0,0,2,WD,Normal,113000,0,54,0
424,60,RL,80.0,9200,Pave,3,Lvl,AllPub,Inside,2,1,Norm,Norm,1Fam,2Story,8,5,Gable,CompShg,VinylSd,VinylSd,473.0,2,2,PConc,2.0,2.0,0.0,5.0,986,1.0,0,484,1470,GasA,3,1,SBrkr,1160,0,2630,1,0,2,1,4,1,2,8,1,1,Attchd,2.0,696,2.0,2.0,2,0,66,0,0,0,0,0,6,WD,Normal,315000,0,10,0
425,20,RL,72.0,9000,Pave,3,Lvl,AllPub,Inside,2,2,Norm,Norm,1Fam,1Story,6,5,Gable,CompShg,Wd Sdng,Wd Sdng,74.0,1,2,CBlock,2.0,2.0,0.0,1.0,616,1.0,0,580,1196,GasA,3,1,FuseA,0,0,1196,1,0,1,0,2,1,1,6,1,1,Attchd,1.0,297,2.0,2.0,2,0,44,0,0,0,0,0,5,WD,Normal,139000,0,52,0
426,60,RM,60.0,3378,Pave,3,HLS,AllPub,Inside,2,1,Norm,Norm,1Fam,2Story,7,8,Gable,CompShg,HdBoard,HdBoard,0.0,1,3,CBlock,1.0,2.0,0.0,0.0,0,1.0,0,651,651,GasA,3,1,SBrkr,682,0,1389,0,0,1,1,3,1,1,6,1,2,Detchd,0.0,240,2.0,2.0,1,0,0,126,0,0,0,0,9,WD,Normal,135000,1,17,0
427,80,RL,,12800,Pave,3,Low,AllPub,Inside,1,2,Norm,Norm,1Fam,SLvl,7,5,Gable,CompShg,Wd Sdng,Wd Sdng,145.0,2,2,PConc,2.0,2.0,3.0,5.0,1518,1.0,0,0,1518,GasA,3,1,SBrkr,0,0,1644,1,1,2,0,2,1,2,5,1,1,Attchd,2.0,569,2.0,2.0,2,80,0,0,0,396,0,0,8,WD,Normal,275000,0,20,0
428,20,RL,77.0,8593,Pave,2,Lvl,AllPub,Inside,2,2,Norm,Norm,1Fam,1Story,4,6,Hip,CompShg,MetalSd,MetalSd,0.0,1,2,CBlock,1.0,2.0,0.0,2.0,288,1.0,0,619,907,GasA,4,1,SBrkr,0,0,907,0,0,1,0,3,1,1,5,1,0,Detchd,0.0,352,2.0,2.0,2,0,0,0,0,0,0,0,7,WD,Normal,109008,0,51,0
429,20,RL,64.0,6762,Pave,3,Lvl,AllPub,Inside,2,0,Norm,Norm,1Fam,1Story,7,5,Gable,CompShg,VinylSd,VinylSd,108.0,2,2,PConc,2.0,2.0,0.0,5.0,664,1.0,0,544,1208,GasA,4,1,SBrkr,0,0,1208,1,0,2,0,2,1,2,6,1,0,Attchd,1.0,628,2.0,2.0,2,105,54,0,0,0,0,0,9,New,Partial,195400,0,0,1
430,20,RL,130.0,11457,Pave,2,Lvl,AllPub,Corner,2,3,Norm,Norm,1Fam,1Story,6,5,Gable,CompShg,HdBoard,HdBoard,0.0,1,2,CBlock,2.0,2.0,1.0,5.0,1005,1.0,0,387,1392,GasA,2,1,SBrkr,0,0,1412,1,0,2,0,3,1,2,6,1,1,Attchd,0.0,576,2.0,2.0,2,0,0,169,0,0,0,0,3,WD,Normal,175000,0,21,0
431,160,RM,21.0,1680,Pave,3,Lvl,AllPub,Inside,2,3,Norm,Norm,Twnhs,2Story,6,5,Gable,CompShg,HdBoard,HdBoard,232.0,1,2,CBlock,1.0,2.0,0.0,4.0,387,1.0,0,96,483,GasA,2,1,SBrkr,504,0,987,0,0,1,1,2,1,1,4,1,0,Detchd,0.0,264,2.0,2.0,2,0,0,0,0,0,0,0,7,COD,Abnorml,85400,0,37,0
432,50,RM,60.0,5586,Pave,2,Bnk,AllPub,Inside,2,1,Feedr,Norm,1Fam,1.5Fin,6,7,Gable,CompShg,MetalSd,MetalSd,0.0,1,2,BrkTil,1.0,2.0,0.0,0.0,0,1.0,0,901,901,GasA,3,1,SBrkr,110,0,1198,0,0,1,0,4,1,1,7,1,0,,,0,,,0,0,98,0,0,0,0,0,9,ConLD,Abnorml,79900,1,10,0
433,160,RM,24.0,1920,Pave,3,Lvl,AllPub,Inside,2,3,Norm,Norm,TwnhsE,2Story,5,5,Gable,CompShg,HdBoard,HdBoard,376.0,1,2,CBlock,1.0,2.0,0.0,4.0,471,1.0,0,294,765,GasA,4,1,SBrkr,600,0,1365,1,0,1,1,2,1,1,6,6,0,Detchd,0.0,440,2.0,2.0,2,240,36,0,0,0,0,0,8,WD,Normal,122500,0,36,0
434,60,RL,100.0,10839,Pave,2,Lvl,AllPub,Corner,2,3,Norm,Norm,1Fam,2Story,6,5,Gable,CompShg,VinylSd,VinylSd,0.0,1,2,PConc,2.0,2.0,0.0,0.0,0,1.0,0,926,926,GasA,4,1,SBrkr,678,0,1604,0,0,2,1,3,1,1,7,1,1,Attchd,2.0,470,2.0,2.0,2,0,36,0,0,0,0,0,7,WD,Normal,181000,1,10,0
435,180,RM,21.0,1890,Pave,3,Lvl,AllPub,Inside,2,2,Norm,Norm,Twnhs,SFoyer,4,7,Gable,CompShg,CemntBd,CmentBd,0.0,1,3,CBlock,2.0,2.0,2.0,4.0,495,1.0,0,135,630,GasA,3,1,SBrkr,0,0,630,1,0,1,0,1,1,1,3,1,0,,,0,,,2,88,0,0,0,0,0,0,6,WD,Normal,81000,0,36,0
436,60,RL,43.0,10667,Pave,1,Lvl,AllPub,CulDSac,2,0,PosN,Norm,1Fam,2Story,7,6,Gable,CompShg,VinylSd,VinylSd,0.0,2,2,PConc,2.0,2.0,2.0,5.0,385,4.0,344,70,799,GasA,4,1,SBrkr,834,0,1661,1,0,2,1,3,1,2,6,1,1,Attchd,1.0,550,2.0,2.0,2,158,61,0,0,0,0,0,4,ConLw,Normal,212000,0,13,0
437,50,RM,40.0,4400,Pave,3,Lvl,AllPub,Inside,2,1,Norm,Norm,1Fam,1.5Fin,6,8,Gable,CompShg,Stucco,Stucco,0.0,1,2,BrkTil,0.0,2.0,0.0,0.0,0,1.0,0,648,648,GasA,2,1,FuseA,384,0,1118,0,0,1,0,2,1,1,6,1,0,Detchd,0.0,440,2.0,2.0,2,0,0,0,0,0,0,0,10,WD,Normal,116000,1,56,0
438,45,RM,50.0,6000,Pave,3,Lvl,AllPub,Inside,2,1,Norm,Norm,1Fam,1.5Unf,6,7,Gable,CompShg,Wd Sdng,Wd Sdng,0.0,2,2,PConc,1.0,2.0,0.0,0.0,0,1.0,0,884,884,GasA,3,1,SBrkr,0,0,904,0,0,1,0,2,1,1,4,1,0,Detchd,0.0,180,2.0,2.0,2,0,0,105,0,0,0,0,1,WD,Normal,119000,1,5,0
439,30,RL,40.0,4280,Pave,3,Lvl,AllPub,Inside,2,0,Norm,Norm,1Fam,1Story,5,6,Gable,CompShg,WdShing,Stucco,0.0,1,2,PConc,1.0,2.0,0.0,1.0,365,1.0,0,75,440,GasA,2,0,SBrkr,0,0,694,0,0,1,0,2,1,2,4,1,1,Detchd,0.0,352,3.0,2.0,1,0,0,34,0,0,0,0,3,WD,Normal,90350,1,5,0
440,50,RL,67.0,12354,Pave,3,Lvl,AllPub,Corner,2,3,Norm,Norm,1Fam,1.5Fin,6,8,Gable,CompShg,Wd Sdng,Wd Sdng,0.0,1,2,BrkTil,1.0,1.0,1.0,0.0,0,1.0,0,684,684,GasA,3,1,SBrkr,512,0,1196,0,0,1,0,3,1,2,7,1,0,Detchd,0.0,528,2.0,2.0,2,0,46,0,0,0,0,800,8,ConLI,Normal,110000,1,9,0
441,20,RL,105.0,15431,Pave,3,Lvl,AllPub,Inside,2,2,Norm,Norm,1Fam,1Story,10,5,Hip,CompShg,VinylSd,VinylSd,200.0,3,2,PConc,3.0,2.0,3.0,5.0,1767,4.0,539,788,3094,GasA,4,1,SBrkr,0,0,2402,1,0,2,0,2,1,3,10,1,2,Attchd,2.0,672,2.0,2.0,2,0,72,0,0,170,0,0,4,WD,Normal,555000,0,1,0
442,90,RL,92.0,12108,Pave,3,Lvl,AllPub,Inside,2,3,Norm,Norm,Duplex,1Story,4,4,Gable,CompShg,VinylSd,VinylSd,270.0,1,2,CBlock,1.0,2.0,0.0,4.0,133,1.0,0,1307,1440,GasA,2,0,FuseF,0,0,1440,0,0,2,0,4,2,0,8,1,0,,,0,,,2,0,0,0,0,0,0,0,9,WD,Normal,118000,0,53,0
443,50,RM,52.0,6240,Pave,3,Lvl,AllPub,Inside,2,1,Norm,Norm,1Fam,1.5Fin,5,7,Gable,CompShg,MetalSd,MetalSd,0.0,1,2,PConc,1.0,2.0,0.0,0.0,0,1.0,0,1078,1078,GasA,2,1,SBrkr,445,0,1573,0,0,2,0,3,1,1,8,1,1,Detchd,0.0,360,2.0,2.0,1,0,0,0,0,0,0,0,6,WD,Normal,162900,1,16,0
444,120,RL,53.0,3922,Pave,3,Lvl,AllPub,Inside,2,3,Norm,Norm,TwnhsE,1Story,7,5,Gable,CompShg,WdShing,Wd Shng,72.0,2,2,PConc,3.0,2.0,2.0,0.0,0,1.0,0,1258,1258,GasA,4,1,SBrkr,0,0,1258,0,0,2,0,2,1,2,6,1,1,Attchd,2.0,648,2.0,2.0,2,144,16,0,0,0,0,0,6,New,Partial,172500,1,0,0
445,60,RL,70.0,8750,Pave,3,Lvl,AllPub,Inside,2,0,Norm,Norm,1Fam,2Story,7,5,Gable,CompShg,VinylSd,VinylSd,0.0,2,3,PConc,2.0,2.0,0.0,5.0,642,1.0,0,273,915,GasA,4,1,SBrkr,975,0,1908,1,0,2,1,4,1,2,8,1,1,Attchd,0.0,493,2.0,2.0,2,144,133,0,0,0,0,0,7,WD,Normal,210000,1,13,0
446,20,RL,73.0,9855,Pave,3,Lvl,AllPub,Corner,2,3,Norm,Norm,1Fam,1Story,6,5,Hip,CompShg,Wd Sdng,Wd Sdng,0.0,1,2,CBlock,1.0,2.0,0.0,0.0,0,1.0,0,1436,1436,GasA,1,1,SBrkr,0,0,1689,0,0,1,0,3,1,1,7,1,1,Attchd,0.0,480,2.0,2.0,2,0,0,0,0,0,0,0,11,COD,Normal,127500,0,53,0
447,20,RL,137.0,16492,Pave,2,Lvl,AllPub,Corner,2,2,PosA,Norm,1Fam,1Story,6,6,Gable,CompShg,BrkFace,Plywood,0.0,2,2,CBlock,1.0,2.0,0.0,4.0,247,2.0,713,557,1517,GasA,4,1,SBrkr,0,0,1888,0,0,2,1,2,1,2,6,4,1,Attchd,2.0,578,2.0,2.0,2,0,0,0,0,0,0,0,6,WD,Normal,190000,1,8,0
448,60,RL,,11214,Pave,2,Lvl,AllPub,Corner,2,3,Norm,Norm,1Fam,2Story,7,5,Gable,CompShg,VinylSd,VinylSd,0.0,2,2,PConc,2.0,2.0,0.0,0.0,0,1.0,0,930,930,GasA,3,1,SBrkr,930,0,1886,0,0,2,1,4,1,2,10,1,1,Attchd,2.0,431,2.0,2.0,2,89,0,0,0,0,0,0,7,WD,Normal,199900,1,7,0
449,50,RM,50.0,8600,Pave,3,Bnk,AllPub,Inside,2,2,Norm,Norm,1Fam,1.5Fin,6,6,Gable,CompShg,MetalSd,MetalSd,0.0,1,2,BrkTil,1.0,2.0,0.0,0.0,0,1.0,0,780,780,GasA,2,1,SBrkr,596,0,1376,0,0,2,0,3,1,1,7,1,1,Detchd,0.0,198,2.0,2.0,0,0,0,0,0,0,0,0,6,WD,Normal,119500,1,56,0
450,50,RM,50.0,6000,Pave,3,Lvl,AllPub,Inside,2,1,Norm,Norm,1Fam,1.5Fin,3,7,Gable,CompShg,MetalSd,MetalSd,0.0,1,3,CBlock,1.0,2.0,0.0,4.0,331,1.0,0,318,649,GasA,4,1,SBrkr,504,0,1183,0,0,1,1,2,1,1,6,1,0,Detchd,0.0,308,2.0,2.0,2,0,176,0,0,0,0,0,6,WD,Normal,120000,1,5,0
451,30,RM,70.0,5684,Pave,3,Lvl,AllPub,Inside,2,1,Norm,Norm,1Fam,1Story,6,8,Hip,CompShg,Wd Sdng,Wd Sdng,0.0,1,2,BrkTil,1.0,2.0,0.0,0.0,0,1.0,0,813,813,GasA,4,1,FuseA,0,0,813,0,0,1,0,2,1,2,5,1,0,Detchd,0.0,270,1.0,1.0,0,0,113,0,0,0,0,0,6,WD,Normal,110000,1,1,0
452,20,RL,62.0,70761,Pave,2,Low,AllPub,Inside,1,3,Norm,Norm,1Fam,1Story,7,5,Gable,WdShngl,Plywood,Plywood,0.0,1,2,CBlock,2.0,2.0,3.0,4.0,655,1.0,0,878,1533,GasA,2,1,SBrkr,0,0,1533,1,0,2,0,2,1,2,5,1,2,Attchd,0.0,576,2.0,2.0,2,200,54,0,0,0,0,0,12,WD,Normal,280000,0,31,0
453,60,RL,,9303,Pave,2,Lvl,AllPub,Corner,2,3,Norm,Norm,1Fam,2Story,6,5,Hip,CompShg,VinylSd,VinylSd,42.0,2,2,PConc,3.0,2.0,0.0,4.0,742,1.0,0,130,872,GasA,4,1,SBrkr,868,0,1756,1,0,2,1,3,1,1,7,1,0,Attchd,2.0,422,2.0,2.0,2,144,122,0,0,0,0,0,7,WD,Normal,204000,1,10,0
454,60,FV,75.0,9000,Pave,3,Lvl,AllPub,Inside,2,1,Norm,Norm,1Fam,2Story,8,5,Gable,CompShg,VinylSd,VinylSd,0.0,2,2,PConc,2.0,2.0,0.0,0.0,0,1.0,0,768,768,GasA,4,1,SBrkr,804,0,1590,0,0,2,1,3,1,2,6,1,0,Attchd,1.0,676,2.0,2.0,2,0,30,0,0,0,0,0,6,WD,Normal,210000,0,1,0
455,90,RL,63.0,9297,Pave,3,Lvl,AllPub,Inside,2,1,Norm,Norm,Duplex,1Story,5,5,Gable,CompShg,Plywood,Plywood,0.0,1,2,CBlock,1.0,2.0,0.0,4.0,1606,1.0,0,122,1728,GasA,2,1,SBrkr,0,0,1728,2,0,2,0,4,2,1,8,1,0,Detchd,0.0,560,2.0,2.0,2,0,0,0,0,0,0,0,7,WD,Family,188000,0,30,0
456,20,RL,80.0,9600,Pave,3,Lvl,AllPub,Inside,2,1,Norm,Norm,1Fam,1Story,7,6,Hip,CompShg,HdBoard,HdBoard,320.0,1,2,CBlock,1.0,2.0,0.0,4.0,916,1.0,0,326,1242,GasA,1,1,SBrkr,0,0,1242,0,0,1,1,3,1,1,6,1,1,Attchd,0.0,528,2.0,2.0,2,0,0,0,0,0,0,0,9,WD,Normal,175500,0,34,0
457,70,RM,34.0,4571,Pave,3,Lvl,AllPub,Inside,2,1,Norm,Norm,1Fam,2Story,5,5,Gable,CompShg,AsbShng,AsbShng,0.0,1,2,BrkTil,1.0,2.0,0.0,0.0,0,1.0,0,624,624,GasA,1,0,SBrkr,720,0,1344,0,0,1,0,4,1,1,7,1,0,Detchd,0.0,513,1.0,1.0,2,0,0,96,0,0,0,0,5,COD,Abnorml,98000,1,58,0
458,20,RL,,53227,Pave,2,Low,AllPub,CulDSac,1,3,Norm,Norm,1Fam,1Story,4,6,Flat,Tar&Grv,Plywood,Plywood,0.0,1,2,CBlock,2.0,2.0,3.0,3.0,1116,1.0,0,248,1364,GasA,4,1,SBrkr,0,0,1663,1,0,1,0,2,1,2,6,6,2,Attchd,2.0,529,2.0,2.0,2,224,137,0,0,0,0,0,3,WD,Normal,256000,1,14,0
459,70,RM,,5100,Pave,3,Lvl,AllPub,Inside,2,1,Norm,Norm,1Fam,2Story,8,7,Hip,CompShg,Stucco,Wd Shng,0.0,1,3,PConc,1.0,2.0,0.0,0.0,0,1.0,0,588,588,GasA,1,1,SBrkr,833,0,1666,0,0,1,0,3,1,2,7,1,1,Detchd,0.0,228,2.0,2.0,2,192,63,0,0,0,0,0,6,WD,Normal,161000,1,12,0
460,50,RL,,7015,Pave,2,Bnk,AllPub,Corner,2,1,Norm,Norm,1Fam,1.5Fin,5,4,Gable,CompShg,MetalSd,MetalSd,161.0,1,2,CBlock,1.0,2.0,0.0,1.0,185,1.0,0,524,709,GasA,2,1,SBrkr,224,0,1203,1,0,1,0,3,1,2,5,1,1,Detchd,0.0,352,2.0,2.0,2,0,0,248,0,0,0,0,7,WD,Normal,110000,0,59,0
461,60,FV,75.0,8004,Pave,2,Lvl,AllPub,Inside,2,1,RRAn,Norm,1Fam,2Story,8,5,Gable,CompShg,VinylSd,VinylSd,110.0,2,2,PConc,2.0,2.0,0.0,5.0,544,1.0,0,288,832,GasA,4,1,SBrkr,1103,0,1935,1,0,2,1,3,1,1,8,1,0,BuiltIn,2.0,552,2.0,2.0,2,0,150,0,0,0,0,0,12,New,Partial,263435,0,0,1
462,70,RL,60.0,7200,Pave,3,Lvl,AllPub,Inside,2,3,Feedr,Norm,1Fam,2Story,7,9,Gable,CompShg,Wd Sdng,Wd Sdng,0.0,2,3,PConc,2.0,3.0,0.0,4.0,350,3.0,210,0,560,GasA,4,1,SBrkr,560,0,1135,1,0,1,0,3,1,2,6,1,0,Detchd,1.0,576,2.0,2.0,2,256,0,0,0,0,0,0,4,WD,Normal,155000,1,2,0
463,20,RL,60.0,8281,Pave,2,Lvl,AllPub,Inside,2,2,Norm,Norm,1Fam,1Story,5,5,Gable,CompShg,MetalSd,MetalSd,0.0,1,2,CBlock,1.0,2.0,0.0,2.0,553,3.0,311,0,864,GasA,3,1,SBrkr,0,0,864,0,0,1,0,3,1,1,5,1,1,Detchd,0.0,360,2.0,2.0,2,0,0,236,0,0,0,0,12,WD,Normal,62383,0,44,0
464,70,RL,74.0,11988,Pave,2,HLS,AllPub,Inside,1,0,Norm,Norm,1Fam,2Story,6,7,Hip,CompShg,Stucco,Stucco,0.0,1,2,CBlock,1.0,2.0,0.0,1.0,326,1.0,0,389,715,GasA,1,1,FuseA,811,0,1660,0,0,1,1,3,1,1,6,1,1,Detchd,0.0,240,2.0,2.0,2,0,0,0,0,0,0,0,8,WD,Normal,188700,1,13,0
465,20,RL,60.0,8430,Pave,3,HLS,AllPub,Inside,1,0,Norm,Norm,1Fam,1Story,5,5,Gable,CompShg,HdBoard,HdBoard,136.0,1,2,CBlock,2.0,2.0,0.0,2.0,616,1.0,0,424,1040,GasA,2,1,SBrkr,0,0,1040,0,0,2,0,3,1,1,5,1,0,,,0,,,2,0,0,0,0,0,0,0,8,WD,Normal,124000,0,31,0
466,120,RM,,3072,Pave,3,Lvl,AllPub,Inside,2,3,Norm,Norm,TwnhsE,1Story,7,5,Hip,CompShg,VinylSd,VinylSd,18.0,2,2,PConc,2.0,2.0,0.0,0.0,0,1.0,0,1375,1375,GasA,4,1,SBrkr,0,0,1414,0,0,2,0,2,1,2,6,1,1,Attchd,2.0,398,2.0,2.0,2,144,20,0,0,0,0,0,5,WD,Normal,178740,0,2,0
467,20,RL,85.0,10628,Pave,3,Lvl,AllPub,Inside,2,2,Norm,Norm,1Fam,1Story,7,5,Flat,Tar&Grv,Plywood,Plywood,0.0,1,3,CBlock,1.0,3.0,3.0,5.0,778,1.0,0,499,1277,GasA,2,1,SBrkr,0,0,1277,1,0,1,0,2,1,1,5,1,1,Attchd,0.0,526,2.0,2.0,2,0,0,0,0,176,0,0,4,WD,Normal,167000,0,37,0
468,70,RL,79.0,9480,Pave,3,Lvl,AllPub,Inside,2,2,Artery,Norm,1Fam,2Story,5,7,Gable,CompShg,MetalSd,MetalSd,224.0,1,2,CBlock,1.0,2.0,0.0,1.0,386,1.0,0,342,728,GasA,4,1,SBrkr,756,0,1644,0,0,1,1,3,1,2,7,1,2,Attchd,0.0,312,2.0,2.0,2,168,0,0,0,0,0,0,6,WD,Normal,146500,1,12,0
469,20,RL,98.0,11428,Pave,2,Lvl,AllPub,Inside,2,2,Norm,Norm,1Fam,1Story,8,5,Gable,CompShg,VinylSd,VinylSd,248.0,2,2,PConc,2.0,2.0,0.0,0.0,0,1.0,0,1626,1626,GasA,4,1,SBrkr,0,0,1634,0,0,2,0,3,1,2,7,1,1,Attchd,1.0,866,2.0,2.0,2,0,44,0,0,0,0,0,5,WD,Normal,250000,0,1,0
470,60,RL,76.0,9291,Pave,2,Lvl,AllPub,Corner,2,2,RRNe,Norm,1Fam,2Story,6,5,Gable,CompShg,HdBoard,HdBoard,120.0,2,2,PConc,2.0,2.0,0.0,5.0,426,1.0,0,406,832,GasA,4,1,SBrkr,878,0,1710,0,0,2,1,3,1,2,7,1,0,Attchd,1.0,506,2.0,2.0,2,144,70,0,0,0,0,0,6,WD,Normal,187000,0,15,0
471,120,RL,,6820,Pave,2,Lvl,AllPub,Corner,2,3,Norm,Norm,TwnhsE,1Story,8,5,Gable,CompShg,HdBoard,HdBoard,0.0,2,2,PConc,2.0,2.0,2.0,5.0,368,3.0,1120,0,1488,GasA,2,1,SBrkr,0,0,1502,1,0,1,1,1,1,2,4,1,0,Attchd,1.0,528,2.0,2.0,2,0,54,0,0,140,0,0,6,WD,Normal,212000,0,25,0
472,60,RL,92.0,11952,Pave,3,Lvl,AllPub,Inside,2,1,PosA,Norm,1Fam,2Story,7,6,Mansard,WdShake,WdShing,Plywood,0.0,1,2,CBlock,2.0,2.0,0.0,0.0,0,1.0,0,808,808,GasA,2,1,SBrkr,808,0,1969,0,0,2,1,3,1,1,8,1,1,Attchd,1.0,534,2.0,2.0,2,0,0,0,0,276,0,0,11,WD,Normal,190000,0,30,0
473,180,RM,35.0,3675,Pave,3,Lvl,AllPub,Inside,2,3,Norm,Norm,TwnhsE,SLvl,6,5,Gable,CompShg,VinylSd,VinylSd,80.0,1,2,PConc,2.0,2.0,3.0,5.0,459,1.0,0,88,547,GasA,4,1,SBrkr,0,0,1072,1,0,1,0,2,1,1,5,1,0,Basment,1.0,525,2.0,2.0,2,0,28,0,0,0,0,0,6,WD,Normal,148000,0,3,0
474,20,RL,110.0,14977,Pave,2,Lvl,AllPub,Inside,2,2,Norm,Norm,1Fam,1Story,8,5,Gable,CompShg,VinylSd,VinylSd,304.0,2,2,PConc,3.0,2.0,3.0,5.0,1350,1.0,0,626,1976,GasA,4,1,SBrkr,0,0,1976,1,0,2,0,2,1,2,7,1,1,Attchd,1.0,908,2.0,2.0,2,250,63,0,0,0,0,0,7,New,Partial,440000,1,0,0
475,120,RL,41.0,5330,Pave,3,Lvl,AllPub,Inside,2,3,Norm,Norm,TwnhsE,1Story,8,5,Gable,CompShg,CemntBd,CmentBd,0.0,2,2,PConc,2.0,2.0,2.0,5.0,1196,1.0,0,298,1494,GasA,4,1,SBrkr,0,0,1652,1,0,2,0,2,1,3,6,1,0,Attchd,1.0,499,2.0,2.0,2,96,48,0,0,0,0,0,8,WD,Normal,251000,0,7,0
476,20,RL,80.0,8480,Pave,3,Lvl,AllPub,Corner,2,2,Norm,Norm,1Fam,1Story,5,6,Hip,CompShg,HdBoard,HdBoard,0.0,1,2,CBlock,1.0,2.0,0.0,5.0,630,1.0,0,340,970,GasA,2,1,SBrkr,0,0,970,1,0,1,0,2,1,1,5,1,0,Detchd,0.0,624,2.0,2.0,2,0,24,0,0,192,0,0,7,WD,Normal,132500,0,44,0
477,20,RL,75.0,13125,Pave,3,Lvl,AllPub,Inside,1,0,Norm,Norm,1Fam,1Story,6,5,Gable,CompShg,VinylSd,VinylSd,215.0,1,2,PConc,2.0,2.0,3.0,5.0,994,1.0,0,484,1478,GasA,4,1,SBrkr,0,0,1493,1,0,2,0,3,1,2,7,1,1,Attchd,2.0,508,2.0,2.0,2,140,39,0,0,0,0,0,4,WD,Normal,208900,1,10,0
478,60,RL,105.0,13693,Pave,3,Lvl,AllPub,Inside,2,2,Norm,Norm,1Fam,2Story,9,5,Hip,CompShg,VinylSd,VinylSd,772.0,3,2,PConc,2.0,2.0,2.0,0.0,0,1.0,0,2153,2153,GasA,4,1,SBrkr,574,0,2643,0,0,2,1,3,1,3,9,1,1,BuiltIn,2.0,694,2.0,2.0,2,414,84,0,0,0,0,0,3,WD,Normal,380000,0,1,0
479,20,RL,79.0,10637,Pave,3,Lvl,AllPub,Inside,2,0,Norm,Norm,1Fam,1Story,8,5,Hip,CompShg,VinylSd,VinylSd,336.0,2,2,PConc,3.0,2.0,3.0,5.0,1288,1.0,0,417,1705,GasA,4,1,SBrkr,0,0,1718,1,0,2,0,3,1,2,7,1,1,Attchd,1.0,826,2.0,2.0,2,208,44,0,0,0,0,0,9,WD,Normal,297000,1,1,0
480,30,RM,50.0,5925,Pave,3,Bnk,AllPub,Inside,2,1,Norm,Norm,1Fam,1Story,4,7,Hip,CompShg,Stucco,Stucco,435.0,1,2,BrkTil,0.0,2.0,0.0,2.0,168,1.0,0,739,907,GasA,2,1,SBrkr,0,0,1131,0,0,1,0,2,1,1,7,1,0,Detchd,0.0,672,2.0,2.0,2,0,72,0,0,0,0,0,3,WD,Alloca,89471,1,7,0
481,20,RL,98.0,16033,Pave,2,Lvl,AllPub,FR2,2,2,Norm,Norm,1Fam,1Story,9,5,Hip,CompShg,VinylSd,VinylSd,378.0,2,2,PConc,3.0,2.0,3.0,5.0,1261,1.0,0,572,1833,GasA,4,1,SBrkr,0,0,1850,1,0,2,0,3,1,2,8,1,1,Attchd,2.0,772,2.0,2.0,2,519,112,0,0,0,0,0,3,WD,Normal,326000,1,1,0
482,20,RL,72.0,11846,Pave,2,HLS,AllPub,Inside,2,2,Norm,Norm,1Fam,1Story,9,5,Hip,CompShg,VinylSd,VinylSd,562.0,2,2,PConc,3.0,2.0,3.0,5.0,1567,1.0,0,225,1792,GasA,4,1,SBrkr,0,0,1792,1,0,2,0,2,1,3,6,1,1,Attchd,2.0,874,2.0,2.0,2,206,49,0,0,0,0,0,8,WD,Normal,374000,1,2,0
483,70,RM,50.0,2500,Pave,3,Lvl,AllPub,Corner,2,1,Norm,Norm,1Fam,2Story,7,8,Gable,CompShg,Stucco,Stucco,0.0,2,2,PConc,1.0,2.0,0.0,4.0,299,1.0,0,611,910,GasA,4,1,SBrkr,910,0,1826,1,0,1,1,4,1,3,7,5,1,Attchd,0.0,164,1.0,1.0,2,0,0,0,0,0,0,0,6,WD,Normal,155000,1,4,0
484,120,RM,32.0,4500,Pave,3,Lvl,AllPub,FR2,2,1,Norm,Norm,Twnhs,1Story,6,5,Hip,CompShg,VinylSd,VinylSd,116.0,1,2,PConc,3.0,2.0,0.0,5.0,897,1.0,0,319,1216,GasA,4,1,SBrkr,0,0,1216,1,0,2,0,2,1,1,5,1,0,Attchd,0.0,402,2.0,2.0,2,0,125,0,0,0,0,0,5,WD,Normal,164000,0,8,0
485,20,RL,,7758,Pave,2,Lvl,AllPub,Corner,2,2,Norm,Norm,1Fam,1Story,5,7,Gable,CompShg,HdBoard,Plywood,0.0,1,3,CBlock,1.0,2.0,0.0,4.0,588,1.0,0,411,999,GasA,3,1,SBrkr,0,0,999,1,0,1,0,3,1,2,6,1,0,Detchd,0.0,264,2.0,2.0,2,0,132,0,0,0,0,0,3,WD,Normal,132500,1,6,0
486,20,RL,80.0,9600,Pave,3,Lvl,AllPub,Inside,2,2,Norm,Norm,1Fam,1Story,5,7,Gable,CompShg,MetalSd,MetalSd,0.0,2,2,CBlock,1.0,2.0,0.0,4.0,607,1.0,0,506,1113,GasA,3,1,SBrkr,0,0,1113,0,0,1,0,3,1,2,5,1,1,Attchd,0.0,264,2.0,2.0,2,0,80,120,0,0,0,0,7,WD,Normal,147000,1,2,0
487,20,RL,79.0,10289,Pave,3,Lvl,AllPub,Inside,2,2,Norm,Norm,1Fam,1Story,5,7,Hip,CompShg,MetalSd,MetalSd,168.0,1,2,CBlock,1.0,2.0,0.0,4.0,836,1.0,0,237,1073,GasA,2,1,SBrkr,0,0,1073,1,0,1,1,3,1,1,6,1,0,Attchd,1.0,515,2.0,2.0,2,0,0,0,0,0,0,0,6,WD,Normal,156000,0,42,0
488,20,RL,70.0,12243,Pave,2,Lvl,AllPub,Inside,2,1,Norm,Norm,1Fam,1Story,5,6,Gable,CompShg,Plywood,Plywood,0.0,1,2,CBlock,2.0,2.0,2.0,4.0,998,1.0,0,486,1484,GasA,3,1,SBrkr,0,0,1484,0,0,2,0,3,1,1,7,1,1,Attchd,0.0,487,2.0,2.0,2,224,0,0,0,180,0,0,2,WD,Normal,175000,0,36,0
489,190,RL,60.0,10800,Pave,3,Lvl,AllPub,Corner,2,1,Norm,Norm,2fmCon,1.5Fin,5,4,Gable,CompShg,Wd Sdng,Wd Sdng,0.0,1,1,CBlock,1.0,1.0,0.0,3.0,664,1.0,0,290,954,GasA,2,0,FuseA,648,0,2414,0,0,2,0,3,2,1,10,4,1,Attchd,0.0,520,2.0,1.0,0,142,0,0,0,0,0,0,5,ConLD,Normal,160000,1,36,0
490,180,RM,21.0,1526,Pave,3,Lvl,AllPub,Inside,2,2,Norm,Norm,Twnhs,SFoyer,4,8,Gable,CompShg,CemntBd,CmentBd,0.0,1,3,CBlock,2.0,2.0,2.0,5.0,515,1.0,0,115,630,GasA,2,1,SBrkr,0,0,630,1,0,1,0,1,1,2,3,1,0,Attchd,0.0,286,2.0,2.0,2,0,0,0,0,0,0,0,5,WD,Normal,86000,1,7,0
491,160,RM,,2665,Pave,3,Lvl,AllPub,Inside,2,2,Norm,Norm,TwnhsE,2Story,5,6,Gable,CompShg,CemntBd,CmentBd,0.0,1,2,PConc,2.0,2.0,1.0,0.0,0,1.0,0,264,264,GasA,2,1,SBrkr,688,0,1304,0,0,1,1,3,1,1,4,1,1,BuiltIn,2.0,336,2.0,2.0,2,141,24,0,0,0,0,0,6,WD,Normal,115000,0,32,0
492,50,RL,79.0,9490,Pave,3,Lvl,AllPub,Inside,2,2,Artery,Norm,1Fam,1.5Fin,6,7,Gable,CompShg,Wd Sdng,Wd Sdng,0.0,1,2,CBlock,1.0,2.0,0.0,3.0,403,2.0,165,238,806,GasA,2,1,FuseA,620,0,1578,1,0,1,0,3,1,0,5,1,2,Attchd,0.0,240,2.0,2.0,2,0,0,32,0,0,0,0,8,WD,Normal,133000,1,56,0
493,60,RL,105.0,15578,Pave,2,Lvl,AllPub,Corner,2,3,Norm,Norm,1Fam,2Story,6,5,Gable,CompShg,VinylSd,VinylSd,0.0,2,2,PConc,2.0,2.0,0.0,0.0,0,1.0,0,728,728,GasA,3,1,SBrkr,728,0,1456,0,0,2,1,3,1,1,8,1,0,Attchd,1.0,429,2.0,2.0,2,0,0,0,0,0,0,0,5,New,Partial,172785,0,0,1
494,20,RL,70.0,7931,Pave,3,Lvl,AllPub,Inside,2,2,Norm,Norm,1Fam,1Story,5,6,Gable,CompShg,BrkFace,Wd Sdng,0.0,1,2,CBlock,1.0,2.0,0.0,3.0,374,0.0,532,363,1269,GasA,2,1,FuseA,0,0,1269,0,0,1,1,3,1,1,6,1,1,Detchd,0.0,308,2.0,2.0,2,0,0,0,0,0,0,0,6,WD,Normal,155000,0,48,0
495,30,RM,50.0,5784,Pave,3,Lvl,AllPub,Inside,2,1,Artery,Norm,1Fam,1Story,5,8,Gable,CompShg,MetalSd,MetalSd,0.0,1,2,BrkTil,0.0,2.0,0.0,0.0,0,1.0,0,190,190,GasA,3,1,FuseA,0,0,886,0,0,1,0,2,1,1,4,1,0,Attchd,0.0,273,2.0,2.0,2,144,20,80,0,0,0,0,12,WD,Normal,91300,1,13,0
496,30,C (all),60.0,7879,Pave,3,Lvl,AllPub,Inside,2,2,Norm,Norm,1Fam,1Story,4,5,Gable,CompShg,Wd Sdng,Wd Sdng,0.0,1,2,CBlock,1.0,2.0,0.0,2.0,495,1.0,0,225,720,GasA,2,0,FuseA,0,0,720,0,0,1,0,2,1,1,4,1,0,,,0,,,0,0,523,115,0,0,0,0,11,WD,Abnorml,34900,1,59,0
497,20,RL,,12692,Pave,2,Lvl,AllPub,Inside,2,1,Norm,Norm,1Fam,1Story,8,5,Hip,CompShg,BrkFace,BrkFace,0.0,2,2,PConc,2.0,2.0,0.0,5.0,1231,1.0,0,1969,3200,GasA,4,1,SBrkr,0,0,3228,1,0,3,0,4,1,2,10,1,1,Attchd,1.0,546,2.0,2.0,2,264,75,291,0,0,0,0,5,WD,Normal,430000,1,14,0
498,50,RL,60.0,9120,Pave,3,Lvl,AllPub,Inside,2,1,Norm,Norm,1Fam,1.5Fin,7,6,Gable,CompShg,Wd Sdng,Wd Sdng,0.0,1,3,PConc,1.0,2.0,0.0,2.0,329,1.0,0,697,1026,GasA,4,1,SBrkr,687,0,1820,1,0,2,0,4,1,1,8,1,0,Detchd,0.0,240,2.0,2.0,0,0,100,0,0,0,0,0,6,WD,Normal,184000,1,58,0
499,20,RL,65.0,7800,Pave,3,Lvl,AllPub,Inside,2,2,Norm,Norm,1Fam,1Story,5,7,Hip,CompShg,HdBoard,HdBoard,89.0,1,2,PConc,1.0,2.0,0.0,4.0,450,1.0,0,414,864,GasA,4,1,SBrkr,0,0,899,0,0,1,0,3,1,2,5,1,0,Attchd,2.0,288,2.0,2.0,2,64,0,0,0,0,0,0,6,WD,Normal,130000,1,5,0
500,20,RL,70.0,7535,Pave,2,Lvl,AllPub,Inside,2,2,Norm,Norm,1Fam,1Story,5,7,Gable,CompShg,MetalSd,MetalSd,0.0,1,2,CBlock,1.0,2.0,0.0,3.0,111,0.0,279,522,912,GasA,1,1,SBrkr,0,0,912,0,1,1,0,2,1,1,5,1,0,Attchd,2.0,297,2.0,2.0,2,12,285,0,0,0,0,480,6,WD,Normal,120000,1,22,0
501,160,RM,21.0,1890,Pave,3,Lvl,AllPub,Inside,2,3,Norm,Norm,Twnhs,2Story,6,5,Gable,CompShg,HdBoard,HdBoard,285.0,1,2,CBlock,1.0,2.0,0.0,3.0,356,1.0,0,316,672,GasA,2,1,SBrkr,546,0,1218,0,0,1,1,3,1,1,7,1,0,Detchd,0.0,264,2.0,2.0,2,144,28,0,0,0,0,0,5,WD,Normal,113000,0,34,0
502,60,FV,75.0,9803,Pave,3,Lvl,AllPub,Inside,2,1,Norm,Norm,1Fam,2Story,7,5,Gable,CompShg,VinylSd,VinylSd,0.0,2,2,PConc,2.0,2.0,0.0,5.0,400,1.0,0,466,866,GasA,3,1,SBrkr,902,0,1768,0,0,2,1,3,1,2,7,1,0,Attchd,1.0,603,2.0,2.0,2,0,108,0,0,0,0,0,2,WD,Normal,226700,0,3,0
503,20,RL,70.0,9170,Pave,3,Lvl,AllPub,Corner,2,3,Feedr,Norm,1Fam,1Story,5,7,Hip,CompShg,MetalSd,MetalSd,0.0,1,2,CBlock,1.0,2.0,0.0,4.0,698,5.0,96,420,1214,GasA,4,1,SBrkr,0,0,1214,1,0,1,0,2,1,1,6,1,0,Detchd,0.0,461,1.0,1.0,2,0,0,184,0,0,0,400,4,WD,Normal,140000,0,42,0
504,20,RL,100.0,15602,Pave,2,Lvl,AllPub,Inside,2,0,Norm,Norm,1Fam,1Story,7,8,Gable,CompShg,BrkFace,Wd Sdng,0.0,1,2,CBlock,1.0,2.0,0.0,4.0,1247,1.0,0,254,1501,GasA,2,1,SBrkr,0,0,1801,1,0,2,0,1,1,1,6,1,2,Attchd,2.0,484,2.0,2.0,2,0,54,0,0,161,0,0,3,WD,Normal,289000,1,13,0
505,160,RL,24.0,2308,Pave,3,Lvl,AllPub,Inside,2,3,Norm,Norm,TwnhsE,2Story,6,5,Gable,CompShg,Plywood,Brk Cmn,0.0,1,2,CBlock,1.0,2.0,0.0,4.0,257,2.0,495,103,855,GasA,2,1,SBrkr,467,0,1322,0,1,2,1,3,1,1,6,1,1,Attchd,0.0,440,2.0,2.0,2,260,0,0,0,0,0,0,6,WD,Normal,147000,0,35,0
506,90,RM,60.0,7596,Pave,3,Lvl,AllPub,Inside,2,1,Artery,Norm,Duplex,2Story,5,5,Hip,CompShg,Wd Sdng,Wd Sdng,360.0,1,2,CBlock,1.0,2.0,0.0,0.0,0,1.0,0,960,960,GasA,3,1,SBrkr,1000,0,1960,0,0,2,0,4,2,1,10,1,0,Detchd,0.0,400,2.0,2.0,0,0,0,0,0,0,0,0,7,COD,Normal,124500,0,57,0
507,60,RL,80.0,9554,Pave,2,Lvl,AllPub,Inside,2,2,Norm,Norm,1Fam,2Story,8,5,Gable,CompShg,VinylSd,VinylSd,125.0,2,2,PConc,2.0,2.0,0.0,5.0,380,1.0,0,397,777,GasA,4,1,SBrkr,846,0,1911,0,0,2,1,3,1,2,8,1,1,Attchd,1.0,471,2.0,2.0,2,182,81,0,0,0,0,0,9,WD,Normal,215000,1,12,0
508,20,FV,75.0,7862,Pave,2,Lvl,AllPub,Inside,2,1,Norm,Norm,1Fam,1Story,6,5,Gable,CompShg,VinylSd,VinylSd,0.0,2,2,PConc,2.0,2.0,0.0,5.0,27,1.0,0,1191,1218,GasA,4,1,SBrkr,0,0,1218,0,0,2,0,2,1,2,4,1,0,Attchd,2.0,676,2.0,2.0,2,0,102,0,0,0,0,0,9,New,Partial,208300,0,0,1
509,70,RM,60.0,9600,Pave,3,Lvl,AllPub,Inside,2,1,Norm,Norm,1Fam,2Story,7,9,Gambrel,CompShg,MetalSd,MetalSd,0.0,1,4,BrkTil,1.0,2.0,0.0,2.0,141,1.0,0,548,689,GasA,4,1,SBrkr,689,0,1378,0,0,2,0,3,1,2,7,1,1,Detchd,0.0,360,2.0,2.0,0,0,0,116,0,0,0,0,10,WD,Normal,161000,1,3,0
510,20,RL,80.0,9600,Pave,3,Lvl,AllPub,Corner,2,2,Norm,Norm,1Fam,1Story,5,6,Gable,CompShg,MetalSd,MetalSd,132.0,1,2,CBlock,1.0,2.0,0.0,4.0,991,1.0,0,50,1041,GasA,4,1,SBrkr,0,0,1041,1,0,1,0,3,1,1,6,1,0,Attchd,1.0,270,2.0,2.0,2,224,88,0,0,0,0,0,7,WD,Normal,124500,0,50,0
511,20,RL,75.0,14559,Pave,3,Lvl,AllPub,Inside,2,2,Norm,Norm,1Fam,1Story,5,7,Hip,CompShg,Wd Sdng,Wd Sdng,70.0,2,2,CBlock,1.0,2.0,0.0,3.0,650,2.0,180,178,1008,GasA,4,1,SBrkr,0,0,1363,1,0,1,0,2,1,1,6,6,2,CarPort,0.0,288,2.0,2.0,2,324,42,0,0,168,0,2000,6,WD,Normal,164900,1,9,0
512,120,RL,40.0,6792,Pave,2,Lvl,AllPub,Inside,2,2,Norm,Norm,TwnhsE,1Story,7,5,Gable,CompShg,VinylSd,VinylSd,94.0,2,2,PConc,2.0,2.0,0.0,0.0,0,1.0,0,1368,1368,GasA,4,1,SBrkr,0,0,1368,0,0,2,0,2,1,2,6,1,1,Attchd,1.0,474,2.0,2.0,2,132,35,0,0,0,0,0,3,New,Partial,202665,1,0,0
513,20,RL,70.0,9100,Pave,3,Lvl,AllPub,Corner,2,2,Feedr,Norm,1Fam,1Story,5,5,Gable,CompShg,VinylSd,VinylSd,0.0,1,2,CBlock,1.0,2.0,0.0,3.0,521,0.0,174,169,864,GasA,2,1,SBrkr,0,0,864,1,0,1,0,3,1,1,5,1,0,Detchd,0.0,624,2.0,2.0,2,0,0,0,0,0,0,0,7,WD,Normal,129900,0,48,0
514,20,RL,71.0,9187,Pave,3,Bnk,AllPub,Corner,2,1,Norm,Norm,1Fam,1Story,6,5,Gable,CompShg,VinylSd,VinylSd,0.0,1,3,PConc,1.0,2.0,0.0,4.0,336,1.0,0,748,1084,GasA,2,1,SBrkr,0,0,1080,0,0,1,1,3,1,1,5,1,0,Attchd,0.0,484,2.0,2.0,2,120,0,158,0,0,0,0,6,WD,Normal,134000,0,24,0
515,45,RL,55.0,10594,Pave,3,Lvl,AllPub,Inside,2,0,Norm,Norm,1Fam,1.5Unf,5,5,Gable,CompShg,Wd Sdng,Wd Sdng,0.0,1,2,BrkTil,1.0,2.0,0.0,0.0,0,1.0,0,768,768,Grav,1,0,SBrkr,0,0,789,0,0,1,0,2,1,1,5,1,0,Detchd,0.0,200,0.0,0.0,2,0,0,112,0,0,0,0,6,WD,Normal,96500,1,57,0
516,20,RL,94.0,12220,Pave,3,Lvl,AllPub,Inside,2,2,Norm,Norm,1Fam,1Story,10,5,Hip,CompShg,CemntBd,CmentBd,305.0,3,2,CBlock,3.0,2.0,0.0,5.0,1436,1.0,0,570,2006,GasA,4,1,SBrkr,0,0,2020,1,0,2,1,3,1,3,9,1,1,Attchd,2.0,900,2.0,2.0,2,156,54,0,0,0,0,0,9,New,Partial,402861,0,0,1
517,80,RL,,10448,Pave,2,Lvl,AllPub,Corner,2,1,Norm,Norm,1Fam,SLvl,6,6,Gable,CompShg,HdBoard,HdBoard,333.0,1,2,CBlock,1.0,2.0,0.0,0.0,0,1.0,0,689,689,GasA,2,1,SBrkr,741,0,2119,0,0,2,1,3,1,1,7,1,1,Attchd,1.0,583,2.0,2.0,2,0,104,0,0,0,0,0,8,COD,Abnorml,158000,0,37,0
518,60,RL,79.0,10208,Pave,2,Lvl,AllPub,Inside,2,1,Norm,Norm,1Fam,2Story,7,5,Gable,CompShg,VinylSd,VinylSd,921.0,2,2,PConc,2.0,2.0,0.0,0.0,0,1.0,0,1264,1264,GasA,4,1,SBrkr,1067,0,2344,0,0,2,1,3,1,2,7,1,1,Attchd,1.0,889,2.0,2.0,2,220,0,0,0,0,0,0,7,WD,Normal,265000,1,12,0
519,60,RL,,9531,Pave,2,Lvl,AllPub,CulDSac,2,0,Norm,Norm,1Fam,2Story,6,5,Gable,CompShg,VinylSd,VinylSd,0.0,1,2,PConc,2.0,2.0,1.0,5.0,706,1.0,0,88,794,GasA,4,1,SBrkr,914,0,1796,1,0,2,1,3,1,1,7,1,0,Attchd,1.0,546,2.0,2.0,2,0,36,0,0,0,0,0,5,WD,Normal,211000,0,9,0
520,70,RL,53.0,10918,Pave,3,Lvl,AllPub,Inside,2,0,Norm,Norm,1Fam,2Story,7,9,Gambrel,CompShg,MetalSd,MetalSd,0.0,2,2,BrkTil,2.0,2.0,0.0,0.0,0,1.0,0,1276,1276,GasA,4,1,SBrkr,804,0,2080,0,0,1,1,3,1,2,9,1,2,Detchd,0.0,282,2.0,2.0,2,0,0,0,0,145,0,0,6,WD,Normal,234000,1,5,0
521,190,RL,60.0,10800,Pave,3,Lvl,AllPub,Inside,2,1,Norm,Norm,2fmCon,2Story,4,7,Gable,CompShg,MetalSd,MetalSd,0.0,1,2,BrkTil,,,,,0,,0,0,0,GasA,2,0,FuseA,600,0,1294,0,0,2,0,3,2,1,7,1,0,,,0,,,0,220,114,210,0,0,0,0,8,WD,Normal,106250,1,8,0
522,20,RL,90.0,11988,Pave,2,Lvl,AllPub,Corner,2,2,Feedr,Norm,1Fam,1Story,6,6,Gable,CompShg,VinylSd,VinylSd,0.0,1,2,CBlock,1.0,2.0,0.0,2.0,777,1.0,0,467,1244,GasA,4,1,FuseA,0,0,1244,0,0,1,1,3,1,1,6,1,2,Attchd,0.0,336,2.0,2.0,2,0,40,0,0,0,0,0,5,WD,Normal,150000,0,50,0
523,50,RM,50.0,5000,Pave,3,Lvl,AllPub,Corner,2,1,Feedr,Norm,1Fam,1.5Fin,6,7,Gable,CompShg,CemntBd,CmentBd,0.0,1,3,CBlock,1.0,2.0,0.0,4.0,399,1.0,0,605,1004,GasA,4,1,SBrkr,660,0,1664,0,0,2,0,3,1,1,7,1,2,Detchd,0.0,420,2.0,2.0,2,0,24,36,0,0,0,0,10,WD,Normal,159000,1,56,0
524,60,RL,130.0,40094,Pave,2,Bnk,AllPub,Inside,2,3,PosN,PosN,1Fam,2Story,10,5,Hip,CompShg,CemntBd,CmentBd,762.0,3,2,PConc,3.0,2.0,3.0,5.0,2260,1.0,0,878,3138,GasA,4,1,SBrkr,1538,0,4676,1,0,3,1,3,1,3,11,1,1,BuiltIn,2.0,884,2.0,2.0,2,208,406,0,0,0,0,0,10,New,Partial,184750,1,-1,1
525,60,RL,95.0,11787,Pave,2,Lvl,AllPub,Inside,2,1,Norm,Norm,1Fam,2Story,7,5,Gable,CompShg,VinylSd,VinylSd,594.0,2,2,PConc,2.0,2.0,0.0,5.0,719,1.0,0,660,1379,GasA,4,1,SBrkr,1015,0,2398,1,0,2,1,3,1,2,8,1,1,Attchd,2.0,834,2.0,2.0,2,239,60,0,0,0,0,0,8,WD,Normal,315750,1,10,0
526,20,FV,62.0,7500,Pave,3,Lvl,AllPub,Inside,2,1,Norm,Norm,1Fam,1Story,7,5,Gable,CompShg,VinylSd,VinylSd,0.0,2,2,PConc,2.0,2.0,0.0,0.0,0,1.0,0,1257,1257,GasA,4,1,SBrkr,0,0,1266,0,0,2,0,3,1,2,6,1,1,Attchd,0.0,453,2.0,2.0,2,38,144,0,0,0,0,0,4,WD,Normal,176000,0,1,0
527,20,RL,70.0,13300,Pave,3,Lvl,AllPub,Inside,2,2,Norm,Norm,1Fam,1Story,5,7,Hip,CompShg,Wd Sdng,Wd Sdng,0.0,1,2,CBlock,2.0,2.0,0.0,2.0,377,1.0,0,551,928,GasA,2,1,SBrkr,0,0,928,0,0,1,0,2,1,1,4,1,0,Attchd,0.0,252,2.0,2.0,2,261,0,156,0,0,0,0,6,WD,Normal,132000,1,7,0
528,60,RL,67.0,14948,Pave,2,Lvl,AllPub,Inside,2,2,Norm,Norm,1Fam,2Story,9,5,Hip,CompShg,VinylSd,VinylSd,268.0,3,2,PConc,3.0,2.0,2.0,5.0,1330,1.0,0,122,1452,GasA,4,1,SBrkr,1237,0,2713,1,0,2,1,3,1,3,11,1,1,Attchd,2.0,858,2.0,2.0,2,126,66,0,0,0,0,0,11,New,Partial,446261,0,0,1
529,30,RL,58.0,9098,Pave,2,Lvl,AllPub,Inside,2,3,Norm,Norm,1Fam,1Story,4,7,Gable,CompShg,Wd Sdng,Wd Sdng,0.0,1,2,BrkTil,1.0,2.0,1.0,4.0,348,1.0,0,180,528,GasA,4,1,SBrkr,0,0,605,1,0,1,0,2,1,1,5,1,0,,,0,,,0,0,0,144,0,0,0,0,7,WD,Normal,86000,1,5,0
530,20,RL,,32668,Pave,2,Lvl,AllPub,CulDSac,2,0,Norm,Norm,1Fam,1Story,6,3,Hip,CompShg,Wd Sdng,Stone,,2,2,PConc,1.0,2.0,0.0,2.0,1219,1.0,0,816,2035,GasA,2,1,SBrkr,0,0,2515,1,0,3,0,4,2,1,9,3,2,Attchd,1.0,484,2.0,2.0,2,0,0,200,0,0,0,0,3,WD,Alloca,200624,1,32,0
531,80,RL,85.0,10200,Pave,3,Lvl,AllPub,Inside,2,3,Norm,Norm,1Fam,SLvl,6,5,Gable,CompShg,HdBoard,HdBoard,219.0,2,2,CBlock,2.0,2.0,2.0,5.0,783,1.0,0,678,1461,GasA,4,1,SBrkr,0,0,1509,1,0,2,0,3,1,2,5,1,1,Attchd,1.0,600,2.0,2.0,2,224,0,0,0,0,0,0,8,WD,Abnorml,175000,1,19,0
532,70,RM,60.0,6155,Pave,2,Lvl,AllPub,FR3,2,1,RRNn,Feedr,1Fam,2Story,6,8,Gable,CompShg,Wd Sdng,Wd Sdng,0.0,1,2,BrkTil,0.0,1.0,1.0,0.0,0,1.0,0,611,611,GasA,4,1,SBrkr,611,0,1362,0,0,2,0,3,1,1,6,1,0,Detchd,2.0,502,2.0,1.0,2,0,0,84,0,0,0,0,6,WD,Normal,128000,1,9,0
533,20,RL,60.0,7200,Pave,3,Lvl,AllPub,Inside,2,2,Norm,Norm,1Fam,1Story,5,7,Gable,CompShg,VinylSd,VinylSd,0.0,1,2,Slab,,,,,0,,0,0,0,GasA,4,1,SBrkr,0,0,827,0,0,1,0,2,1,1,5,4,1,Detchd,0.0,392,2.0,2.0,2,0,0,0,0,0,0,0,4,WD,Normal,107500,1,3,0
534,20,RL,50.0,5000,Pave,3,Low,AllPub,Inside,1,1,Norm,Norm,1Fam,1Story,1,3,Gable,CompShg,VinylSd,VinylSd,0.0,0,1,Slab,,,,,0,,0,0,0,GasA,1,0,FuseF,0,0,334,0,0,1,0,1,1,0,2,1,0,,,0,,,0,0,0,0,0,0,0,0,1,WD,Normal,39300,1,57,0
535,60,RL,74.0,9056,Pave,2,Lvl,AllPub,Inside,2,3,Norm,Norm,1Fam,2Story,8,5,Gable,CompShg,VinylSd,VinylSd,0.0,2,2,PConc,3.0,3.0,2.0,0.0,0,1.0,0,707,707,GasA,4,1,SBrkr,707,0,1414,0,0,2,1,3,1,2,6,1,1,Attchd,2.0,403,2.0,2.0,2,100,35,0,0,0,0,0,10,WD,Normal,178000,0,2,0
536,190,RL,70.0,7000,Pave,3,Lvl,AllPub,Inside,2,3,Norm,Norm,2fmCon,2Story,5,7,Gable,CompShg,MetalSd,MetalSd,0.0,1,2,CBlock,2.0,2.0,3.0,5.0,969,1.0,0,148,1117,GasA,2,1,SBrkr,527,0,1347,1,0,1,0,3,1,1,5,1,0,,,0,,,0,85,0,148,0,0,0,0,1,WD,Normal,107500,1,17,0
537,60,RL,57.0,8924,Pave,2,Lvl,AllPub,CulDSac,2,0,Norm,Norm,1Fam,2Story,7,5,Gable,CompShg,VinylSd,VinylSd,0.0,1,2,PConc,2.0,2.0,2.0,0.0,0,1.0,0,880,880,GasA,4,1,SBrkr,844,0,1724,0,0,2,1,3,1,2,8,1,0,Attchd,2.0,527,2.0,2.0,2,120,155,0,0,0,0,0,7,WD,Normal,188000,1,9,0
538,20,RL,,12735,Pave,2,Lvl,AllPub,FR2,2,2,Norm,Norm,1Fam,1Story,4,5,Hip,CompShg,MetalSd,MetalSd,0.0,1,2,CBlock,1.0,2.0,0.0,3.0,600,1.0,0,264,864,GasA,2,1,SBrkr,0,0,864,0,0,1,0,3,1,1,5,1,0,Detchd,0.0,576,2.0,2.0,2,216,0,0,0,0,0,0,4,COD,Normal,111250,0,36,0
539,20,RL,,11553,Pave,2,Lvl,AllPub,Inside,2,2,Norm,Norm,1Fam,1Story,5,5,Hip,CompShg,Plywood,Plywood,188.0,1,2,CBlock,1.0,2.0,0.0,3.0,673,1.0,0,378,1051,GasA,2,1,SBrkr,0,0,1159,0,0,1,1,3,1,1,7,1,1,Attchd,0.0,336,2.0,2.0,2,466,0,0,0,0,0,0,7,WD,Normal,158000,0,38,0
540,20,RL,,11423,Pave,3,Lvl,AllPub,Inside,2,0,Norm,Norm,1Fam,1Story,8,5,Gable,CompShg,VinylSd,VinylSd,479.0,2,2,PConc,2.0,2.0,2.0,5.0,1358,1.0,0,223,1581,GasA,4,1,SBrkr,0,0,1601,1,0,2,0,3,1,2,6,1,1,Attchd,1.0,670,2.0,2.0,2,180,0,0,0,0,0,2000,5,WD,Normal,272000,1,8,0
541,20,RL,85.0,14601,Pave,3,Lvl,AllPub,Inside,2,3,Norm,Norm,1Fam,1Story,9,5,Hip,CompShg,VinylSd,VinylSd,584.0,3,2,PConc,3.0,2.0,2.0,5.0,1260,1.0,0,578,1838,GasA,4,1,SBrkr,0,0,1838,1,0,2,0,2,1,3,8,1,1,Attchd,2.0,765,2.0,2.0,2,270,68,0,0,0,0,0,3,WD,Normal,315000,0,3,0
542,60,RL,,11000,Pave,3,Lvl,AllPub,FR2,2,1,Norm,Norm,1Fam,2Story,8,5,Gable,CompShg,VinylSd,VinylSd,72.0,2,2,PConc,2.0,2.0,0.0,0.0,0,1.0,0,969,969,GasA,4,1,SBrkr,1288,0,2285,0,0,2,1,4,1,2,8,1,1,BuiltIn,2.0,648,2.0,2.0,2,0,56,0,0,0,0,0,6,WD,Normal,248000,0,7,0
543,20,RL,78.0,10140,Pave,3,Lvl,AllPub,Inside,2,1,RRAn,Norm,1Fam,1Story,7,5,Hip,CompShg,VinylSd,VinylSd,0.0,2,2,PConc,3.0,2.0,0.0,1.0,144,5.0,1127,379,1650,GasA,4,1,SBrkr,0,0,1680,1,0,2,0,3,1,2,7,3,1,Attchd,2.0,583,2.0,2.0,2,78,73,0,0,0,0,0,6,WD,Normal,213250,1,10,0
544,120,RH,34.0,4058,Pave,3,Lvl,AllPub,Inside,2,2,Norm,Norm,TwnhsE,SFoyer,7,5,Gable,CompShg,MetalSd,MetalSd,182.0,1,2,PConc,2.0,2.0,2.0,5.0,584,0.0,139,0,723,GasA,4,1,SBrkr,0,0,767,1,0,1,0,1,1,1,4,1,0,Attchd,2.0,367,2.0,2.0,2,120,40,0,0,0,0,0,6,WD,Normal,133000,0,9,0
545,60,RL,58.0,17104,Pave,2,Lvl,AllPub,Inside,2,3,Norm,Norm,1Fam,2Story,7,5,Gable,CompShg,VinylSd,VinylSd,0.0,2,2,PConc,2.0,3.0,2.0,5.0,554,1.0,0,100,654,GasA,4,1,SBrkr,832,0,1496,1,0,2,1,3,1,2,7,1,1,Attchd,1.0,426,2.0,2.0,2,100,24,0,0,0,0,0,9,New,Partial,179665,0,0,1
546,50,RL,,13837,Pave,2,Lvl,AllPub,Corner,2,1,Norm,Norm,1Fam,1.5Fin,7,5,Gable,CompShg,HdBoard,HdBoard,178.0,2,3,PConc,2.0,3.0,0.0,5.0,1002,0.0,202,0,1204,GasA,3,1,SBrkr,806,0,2183,0,0,2,1,4,1,2,9,1,0,Attchd,0.0,786,2.0,2.0,2,0,0,0,0,0,0,0,2,WD,Normal,229000,0,18,0
547,50,RL,70.0,8737,Pave,2,Bnk,AllPub,Inside,2,1,Norm,Norm,1Fam,1.5Fin,6,7,Gable,CompShg,BrkFace,Wd Sdng,0.0,1,2,BrkTil,2.0,2.0,0.0,2.0,300,1.0,0,765,1065,GasA,4,1,FuseA,720,0,1635,0,0,1,1,3,1,1,6,1,1,Detchd,0.0,440,2.0,2.0,2,0,38,0,144,0,0,0,5,WD,Normal,210000,1,57,0
548,85,RL,54.0,7244,Pave,3,Lvl,AllPub,Inside,2,1,Norm,Norm,1Fam,SFoyer,5,7,Gable,CompShg,VinylSd,VinylSd,0.0,1,3,CBlock,2.0,2.0,2.0,4.0,619,1.0,0,149,768,GasA,4,1,SBrkr,0,0,768,1,0,1,0,2,1,1,5,1,0,Detchd,0.0,624,2.0,2.0,2,104,0,0,0,0,0,0,4,WD,Normal,129500,0,37,0
549,20,RM,49.0,8235,Pave,2,HLS,AllPub,Inside,2,1,Feedr,RRNn,1Fam,1Story,5,7,Gable,CompShg,MetalSd,MetalSd,0.0,1,3,CBlock,1.0,2.0,0.0,1.0,180,2.0,645,0,825,GasA,2,1,SBrkr,0,0,825,1,0,1,0,2,1,1,4,1,0,Detchd,1.0,720,2.0,2.0,2,140,50,0,0,0,0,0,6,WD,Normal,125000,1,13,0
550,60,FV,75.0,9375,Pave,3,Lvl,AllPub,Inside,2,1,Norm,Norm,1Fam,2Story,7,5,Gable,CompShg,VinylSd,VinylSd,0.0,2,2,PConc,2.0,2.0,0.0,0.0,0,1.0,0,912,912,GasA,4,1,SBrkr,1182,0,2094,0,0,2,1,4,1,2,8,1,1,BuiltIn,2.0,615,2.0,2.0,2,182,182,0,0,0,0,0,11,WD,Normal,263000,1,5,0
551,120,RL,53.0,4043,Pave,3,Lvl,AllPub,Inside,2,3,Norm,Norm,TwnhsE,1Story,6,6,Gable,CompShg,Plywood,Plywood,0.0,1,2,CBlock,2.0,2.0,0.0,4.0,559,1.0,0,510,1069,GasA,2,1,SBrkr,0,0,1069,0,0,2,0,2,1,1,4,1,0,Attchd,1.0,440,2.0,2.0,2,0,55,0,0,200,0,0,10,COD,Abnorml,140000,0,31,0
552,20,RM,50.0,6000,Pave,3,Lvl,AllPub,Inside,2,1,Norm,Norm,1Fam,1Story,5,6,Hip,CompShg,BrkFace,BrkFace,0.0,1,2,CBlock,1.0,2.0,0.0,2.0,308,1.0,0,620,928,GasA,3,1,FuseA,0,0,928,0,0,1,0,3,1,1,5,1,0,Attchd,2.0,288,2.0,2.0,2,0,0,0,0,0,0,0,6,WD,Normal,112500,0,51,0
553,20,RL,87.0,11146,Pave,2,Lvl,AllPub,Inside,2,2,Norm,Norm,1Fam,1Story,8,5,Gable,CompShg,VinylSd,VinylSd,250.0,2,2,PConc,3.0,2.0,2.0,0.0,0,1.0,0,1709,1709,GasA,4,1,SBrkr,0,0,1717,0,0,2,0,3,1,2,7,1,1,Attchd,1.0,908,2.0,2.0,2,169,39,0,0,0,0,0,7,WD,Normal,255500,0,3,0
554,20,RL,67.0,8777,Pave,3,Lvl,AllPub,Inside,2,3,Feedr,Norm,1Fam,1Story,4,5,Gable,CompShg,VinylSd,VinylSd,0.0,1,2,CBlock,,,,,0,,0,0,0,GasA,4,1,SBrkr,0,0,1126,0,0,2,0,2,1,2,5,1,0,Detchd,2.0,520,2.0,2.0,0,0,96,0,0,0,0,0,5,WD,Normal,108000,1,6,0
555,60,RL,85.0,10625,Pave,3,Lvl,AllPub,Inside,2,2,Norm,Norm,1Fam,2Story,7,5,Gable,CompShg,VinylSd,VinylSd,292.0,2,2,PConc,2.0,2.0,0.0,5.0,866,1.0,0,132,998,GasA,4,1,SBrkr,1040,0,2046,1,0,2,1,3,1,2,8,1,1,BuiltIn,1.0,871,2.0,2.0,2,320,62,0,0,0,0,0,8,WD,Normal,284000,1,4,0
556,45,RM,58.0,6380,Pave,3,Lvl,AllPub,Inside,2,1,Norm,Norm,1Fam,1.5Unf,5,6,Gable,CompShg,MetalSd,MetalSd,0.0,1,2,BrkTil,1.0,1.0,0.0,0.0,0,1.0,0,993,993,GasA,2,1,FuseA,0,0,1048,0,0,1,0,2,1,1,5,1,1,Detchd,0.0,280,2.0,2.0,2,0,0,116,0,0,0,0,8,WD,Normal,113000,1,56,0
557,20,RL,69.0,14850,Pave,2,Lvl,AllPub,Inside,2,2,Norm,Norm,1Fam,1Story,5,5,Gable,CompShg,Wd Sdng,Wd Sdng,0.0,1,2,CBlock,1.0,2.0,0.0,2.0,895,1.0,0,197,1092,GasA,2,1,FuseA,0,0,1092,1,0,1,0,2,1,1,6,1,1,Attchd,2.0,299,2.0,2.0,2,268,0,0,0,122,0,0,5,WD,Normal,141000,0,49,0
558,50,C (all),60.0,11040,Pave,3,Low,AllPub,Inside,1,2,Norm,Norm,1Fam,1.5Fin,4,6,Gable,CompShg,MetalSd,MetalSd,0.0,1,2,CBlock,1.0,2.0,0.0,2.0,637,1.0,0,0,637,GasA,3,1,SBrkr,439,0,1336,0,0,1,1,3,1,1,7,1,0,CarPort,0.0,570,2.0,2.0,2,0,47,120,0,0,0,0,9,COD,Normal,108000,1,56,0
559,60,RL,57.0,21872,Pave,1,HLS,AllPub,FR2,2,3,Norm,Norm,1Fam,2Story,7,5,Gable,CompShg,HdBoard,HdBoard,0.0,1,2,PConc,2.0,2.0,3.0,5.0,604,1.0,0,125,729,GasA,4,1,SBrkr,717,0,1446,0,1,2,1,3,1,1,6,1,1,Attchd,0.0,406,2.0,2.0,2,264,22,0,0,0,0,0,8,WD,Normal,175000,1,11,0
560,120,RL,,3196,Pave,3,Lvl,AllPub,Inside,2,3,Norm,Norm,TwnhsE,1Story,7,5,Gable,CompShg,VinylSd,VinylSd,18.0,2,2,PConc,2.0,2.0,3.0,0.0,0,1.0,0,1374,1374,GasA,4,1,SBrkr,0,0,1557,0,0,2,0,2,1,2,7,1,1,Attchd,2.0,420,2.0,2.0,2,143,20,0,0,0,0,0,10,WD,Normal,234000,1,2,0
561,20,RL,,11341,Pave,2,Lvl,AllPub,Inside,2,2,Norm,Norm,1Fam,1Story,5,6,Hip,CompShg,Wd Sdng,Wd Sdng,180.0,1,2,CBlock,2.0,2.0,0.0,4.0,1302,1.0,0,90,1392,GasA,2,1,SBrkr,0,0,1392,1,0,1,1,3,1,1,5,4,1,Detchd,0.0,528,2.0,2.0,2,0,0,0,0,95,0,0,5,WD,Normal,121500,1,14,0
562,20,RL,77.0,10010,Pave,3,Lvl,AllPub,Inside,1,1,Norm,Norm,1Fam,1Story,5,5,Gable,CompShg,HdBoard,HdBoard,0.0,1,2,CBlock,2.0,2.0,2.0,4.0,1071,0.0,123,195,1389,GasA,3,1,SBrkr,0,0,1389,1,0,1,0,2,1,1,6,1,1,Attchd,1.0,418,2.0,2.0,2,240,38,0,0,0,0,0,4,WD,Normal,170000,1,31,0
563,30,RL,63.0,13907,Pave,3,Lvl,AllPub,Inside,2,3,Norm,Norm,1Fam,1Story,5,6,Gable,CompShg,WdShing,Wd Shng,0.0,1,2,CBlock,1.0,2.0,0.0,3.0,290,1.0,0,706,996,GasA,4,1,SBrkr,0,0,996,1,0,1,0,3,1,1,6,1,1,,,0,,,2,144,0,0,0,0,0,0,7,WD,Normal,108000,1,39,0
564,50,RL,66.0,21780,Pave,3,Lvl,AllPub,Inside,2,3,Norm,Norm,1Fam,1.5Fin,6,7,Gable,CompShg,Wd Sdng,Wd Sdng,0.0,1,2,BrkTil,2.0,2.0,1.0,0.0,0,1.0,0,1163,1163,GasA,4,1,SBrkr,511,0,1674,0,0,2,0,4,1,1,8,1,1,Detchd,2.0,396,2.0,2.0,0,72,36,0,0,144,0,0,7,WD,Normal,185000,1,58,0
565,60,RL,,13346,Pave,2,Lvl,AllPub,CulDSac,2,1,Norm,Norm,1Fam,2Story,7,5,Gable,CompShg,HdBoard,HdBoard,0.0,2,2,PConc,2.0,2.0,0.0,5.0,728,1.0,0,367,1095,GasA,4,1,SBrkr,1129,0,2295,1,0,2,1,4,1,2,9,1,1,Attchd,1.0,590,2.0,2.0,2,0,40,0,0,0,0,0,7,WD,Normal,268000,1,6,0
566,70,RL,66.0,6858,Pave,3,Bnk,AllPub,Corner,2,3,Norm,Norm,1Fam,2Story,6,4,Gable,CompShg,Wd Sdng,Wd Sdng,0.0,1,2,PConc,2.0,2.0,0.0,0.0,0,1.0,0,806,806,GasA,2,0,FuseF,806,0,1647,1,0,1,1,4,1,0,6,1,0,Detchd,0.0,216,2.0,2.0,2,0,66,136,0,0,0,0,5,WD,Normal,128000,1,60,0
567,60,RL,77.0,11198,Pave,2,Lvl,AllPub,Inside,2,3,Norm,Norm,1Fam,2Story,9,5,Hip,CompShg,VinylSd,VinylSd,245.0,2,2,PConc,2.0,3.0,0.0,0.0,0,1.0,0,1122,1122,GasA,4,1,SBrkr,1370,0,2504,0,0,2,1,4,1,3,11,1,1,BuiltIn,2.0,656,2.0,2.0,2,144,39,0,0,0,0,0,6,WD,Normal,325000,1,1,0
568,20,RL,70.0,10171,Pave,2,Lvl,AllPub,Inside,2,2,Norm,Norm,1Fam,1Story,7,5,Gable,CompShg,VinylSd,VinylSd,168.0,2,2,PConc,2.0,2.0,0.0,5.0,2,1.0,0,1515,1517,GasA,4,1,SBrkr,0,0,1535,0,0,2,0,3,1,2,7,1,0,Attchd,1.0,532,2.0,2.0,2,0,0,0,0,0,0,0,3,WD,Normal,214000,0,6,0
569,50,RL,79.0,12327,Pave,2,Low,AllPub,Inside,1,2,Norm,Norm,1Fam,1.5Fin,8,8,Gable,CompShg,Wd Sdng,Wd Sdng,0.0,2,2,CBlock,2.0,2.0,3.0,5.0,1441,1.0,0,55,1496,GasA,4,1,SBrkr,636,0,2132,1,0,1,1,1,1,2,5,5,1,BuiltIn,2.0,612,3.0,2.0,2,349,40,0,0,0,0,0,9,WD,Normal,316600,1,0,0
570,90,RL,,7032,Pave,2,Lvl,AllPub,Corner,2,2,Norm,Norm,Duplex,SFoyer,5,5,Gable,CompShg,MetalSd,MetalSd,0.0,1,2,CBlock,2.0,2.0,3.0,5.0,943,1.0,0,0,943,GasA,2,1,SBrkr,0,0,943,1,0,1,0,2,1,1,4,1,2,Detchd,0.0,600,2.0,2.0,2,42,0,0,0,0,0,0,12,WD,Normal,135960,0,27,0
571,90,RL,74.0,13101,Pave,2,Lvl,AllPub,Inside,2,2,Norm,Norm,Duplex,1Story,5,5,Gable,CompShg,HdBoard,HdBoard,108.0,1,2,CBlock,1.0,2.0,0.0,1.0,231,1.0,0,1497,1728,GasA,2,1,SBrkr,0,0,1728,0,0,2,0,6,2,1,10,1,0,Detchd,0.0,576,2.0,2.0,2,0,0,0,0,0,0,0,11,WD,Normal,142600,0,43,0
572,20,RL,60.0,7332,Pave,3,Lvl,AllPub,Inside,2,2,Norm,Norm,1Fam,1Story,6,6,Gable,CompShg,WdShing,Wd Shng,207.0,1,2,CBlock,1.0,2.0,0.0,3.0,414,1.0,0,450,864,GasA,4,1,SBrkr,0,0,864,1,0,1,0,2,1,2,4,1,0,Attchd,0.0,288,2.0,2.0,2,168,0,0,0,0,0,0,10,WD,Abnorml,120000,0,47,0
573,60,RL,83.0,13159,Pave,2,HLS,AllPub,Corner,2,3,Norm,Norm,1Fam,2Story,7,5,Gable,CompShg,VinylSd,VinylSd,0.0,1,2,PConc,3.0,2.0,2.0,0.0,0,1.0,0,846,846,GasA,3,1,SBrkr,846,0,1692,0,0,2,1,3,1,2,6,1,0,Attchd,1.0,650,2.0,2.0,2,208,114,0,0,0,0,0,7,New,Partial,224500,0,0,1
574,80,RL,76.0,9967,Pave,2,Lvl,AllPub,Inside,2,3,Norm,Norm,1Fam,SLvl,7,5,Gable,CompShg,VinylSd,VinylSd,0.0,1,2,PConc,2.0,2.0,0.0,0.0,0,1.0,0,384,384,GasA,4,1,SBrkr,656,0,1430,0,0,2,1,3,1,1,8,1,1,BuiltIn,1.0,400,2.0,2.0,2,100,0,0,0,0,0,0,12,WD,Normal,170000,0,7,0
575,80,RL,70.0,10500,Pave,3,Lvl,AllPub,FR2,2,2,Norm,Norm,1Fam,SLvl,5,7,Gambrel,CompShg,MetalSd,AsphShn,82.0,1,2,CBlock,1.0,2.0,2.0,4.0,349,1.0,0,23,372,GasA,2,1,SBrkr,533,0,1109,0,1,1,0,3,1,1,5,1,0,BuiltIn,0.0,288,2.0,2.0,2,35,0,0,0,0,0,0,12,WD,Normal,139000,1,2,0
576,50,RL,80.0,8480,Pave,3,Lvl,AllPub,Inside,2,2,Norm,Norm,1Fam,1.5Fin,5,5,Gable,CompShg,MetalSd,MetalSd,0.0,1,2,CBlock,1.0,2.0,0.0,2.0,442,1.0,0,390,832,GasA,2,1,SBrkr,384,0,1216,0,0,1,0,2,1,1,6,1,0,Detchd,0.0,336,2.0,2.0,2,158,0,102,0,0,0,0,10,COD,Abnorml,118500,1,58,0
577,50,RL,52.0,6292,Pave,3,Lvl,AllPub,Inside,2,3,Norm,Norm,1Fam,1.5Fin,7,7,Gable,CompShg,Wd Sdng,Wd Sdng,0.0,1,2,BrkTil,1.0,2.0,0.0,0.0,0,1.0,0,861,861,GasA,3,1,SBrkr,600,0,1477,0,1,2,0,3,1,1,6,1,1,Detchd,0.0,216,2.0,2.0,2,0,50,0,0,0,0,0,8,WD,Normal,145000,1,59,0
578,80,RL,96.0,11777,Pave,2,Lvl,AllPub,Inside,2,2,Norm,Norm,1Fam,SLvl,5,6,Gable,CompShg,VinylSd,VinylSd,97.0,1,2,CBlock,1.0,2.0,2.0,1.0,328,4.0,551,285,1164,GasA,4,1,SBrkr,0,0,1320,1,0,1,0,3,1,1,6,1,2,Attchd,1.0,564,2.0,2.0,2,160,68,240,0,0,0,0,5,WD,Abnorml,164500,0,40,0
579,160,FV,34.0,3604,Pave,3,Lvl,AllPub,Corner,2,1,Norm,Norm,TwnhsE,2Story,7,5,Gable,CompShg,VinylSd,VinylSd,0.0,2,2,PConc,2.0,2.0,0.0,0.0,0,1.0,0,689,689,GasA,4,1,SBrkr,689,0,1392,0,0,2,0,2,1,2,5,1,0,Detchd,0.0,540,2.0,2.0,2,0,102,0,0,0,0,0,2,WD,Abnorml,146000,0,1,0
580,50,RM,81.0,12150,Pave,3,Lvl,AllPub,Inside,2,1,Norm,Norm,1Fam,1.5Fin,5,5,Gable,CompShg,MetalSd,MetalSd,335.0,1,2,BrkTil,1.0,2.0,0.0,0.0,0,1.0,0,1050,1050,GasA,4,0,FuseF,745,0,1795,0,0,2,0,4,1,1,7,1,0,Attchd,0.0,352,1.0,2.0,2,0,0,0,0,0,0,0,11,WD,Normal,131500,0,54,0
581,20,RL,,14585,Pave,2,Lvl,AllPub,CulDSac,2,2,Norm,Norm,1Fam,1Story,6,6,Gable,CompShg,Wd Sdng,Wd Sdng,85.0,1,2,CBlock,1.0,2.0,0.0,3.0,594,2.0,219,331,1144,GasA,4,1,SBrkr,0,0,1429,0,1,1,0,3,1,2,7,1,2,Attchd,0.0,572,2.0,2.0,2,216,110,0,0,0,0,0,6,WD,Normal,181900,1,20,0
582,20,RL,98.0,12704,Pave,3,Lvl,AllPub,Inside,2,2,Norm,Norm,1Fam,1Story,8,5,Hip,CompShg,VinylSd,VinylSd,306.0,3,2,PConc,3.0,2.0,0.0,0.0,0,1.0,0,2042,2042,GasA,4,1,SBrkr,0,0,2042,0,0,2,1,3,1,3,8,1,1,Attchd,1.0,1390,2.0,2.0,2,0,90,0,0,0,0,0,8,New,Partial,253293,1,0,0
583,90,RL,81.0,11841,Grvl,3,Lvl,AllPub,Inside,2,3,Norm,Norm,Duplex,SFoyer,6,5,Gable,CompShg,HdBoard,HdBoard,104.0,1,3,CBlock,2.0,2.0,2.0,5.0,816,1.0,0,0,816,GasA,2,1,SBrkr,0,0,816,1,0,1,0,3,1,1,5,1,0,,,0,,,2,0,32,0,0,0,0,0,5,WD,Normal,118500,0,17,0
584,75,RM,75.0,13500,Pave,3,Lvl,AllPub,Inside,2,1,Artery,PosA,1Fam,2.5Unf,10,9,Gable,CompShg,Wd Sdng,Wd Sdng,0.0,3,4,BrkTil,1.0,2.0,0.0,0.0,0,1.0,0,1237,1237,GasA,3,1,SBrkr,1254,0,2775,0,0,3,1,3,1,2,9,1,1,Detchd,0.0,880,3.0,2.0,2,105,502,0,0,0,0,0,7,WD,Normal,325000,1,8,0
585,50,RM,51.0,6120,Pave,3,Lvl,AllPub,Inside,2,1,Norm,Norm,1Fam,1.5Fin,4,7,Gable,CompShg,AsbShng,AsbShng,0.0,1,2,BrkTil,1.0,2.0,0.0,0.0,0,1.0,0,884,884,GasA,4,1,SBrkr,584,0,1573,0,0,1,0,3,1,2,6,1,0,Detchd,0.0,240,2.0,2.0,2,0,0,54,0,120,0,0,7,WD,Normal,133000,1,14,0
586,20,RL,88.0,11443,Pave,3,Lvl,AllPub,Inside,2,3,Norm,Norm,1Fam,1Story,8,5,Hip,CompShg,VinylSd,VinylSd,208.0,2,2,PConc,3.0,2.0,3.0,5.0,1460,1.0,0,408,1868,GasA,4,1,SBrkr,0,0,2028,1,0,2,0,2,1,2,7,1,2,Attchd,1.0,880,2.0,2.0,2,326,66,0,0,0,0,0,3,New,Partial,369900,1,0,0
587,30,RL,55.0,10267,Pave,3,Lvl,AllPub,Inside,2,1,RRAn,Norm,1Fam,1Story,6,7,Gable,CompShg,Stucco,Wd Shng,0.0,1,3,BrkTil,1.0,3.0,1.0,2.0,210,4.0,606,0,816,GasA,4,1,SBrkr,0,0,838,1,0,1,0,2,1,0,5,1,0,Detchd,2.0,275,2.0,2.0,0,0,0,112,0,0,0,0,5,WD,Normal,130000,1,8,0
588,85,RL,74.0,8740,Pave,2,Lvl,AllPub,Inside,2,2,Norm,Norm,1Fam,SFoyer,5,6,Hip,CompShg,HdBoard,HdBoard,0.0,1,2,CBlock,1.0,2.0,2.0,4.0,672,1.0,0,168,840,GasA,2,1,SBrkr,0,0,860,1,0,1,0,2,1,1,4,1,0,Detchd,0.0,528,2.0,2.0,2,0,0,0,0,0,0,0,7,WD,Normal,137000,0,27,0
589,20,RL,65.0,25095,Pave,2,Low,AllPub,Inside,0,3,Norm,Norm,1Fam,1Story,5,8,Flat,Tar&Grv,Wd Sdng,Wd Sdng,0.0,1,2,CBlock,1.0,2.0,3.0,5.0,1324,1.0,0,113,1437,GasA,4,1,SBrkr,0,0,1473,2,0,1,0,1,1,3,5,1,2,Attchd,0.0,452,2.0,2.0,2,0,48,0,0,60,0,0,6,WD,Partial,143000,1,6,0
590,40,RM,50.0,9100,Pave,3,Lvl,AllPub,Inside,2,1,RRAn,Feedr,1Fam,1Story,5,6,Gable,CompShg,VinylSd,VinylSd,0.0,1,2,BrkTil,1.0,2.0,0.0,0.0,0,1.0,0,742,742,GasA,2,1,FuseA,0,156,935,0,0,1,0,2,1,1,4,1,0,Detchd,0.0,308,2.0,2.0,1,0,0,0,0,0,0,600,8,WD,Normal,79500,1,48,0
591,60,RL,64.0,8320,Pave,3,Lvl,AllPub,Inside,2,0,Norm,Norm,1Fam,2Story,7,5,Gable,CompShg,VinylSd,VinylSd,0.0,2,2,PConc,2.0,2.0,0.0,5.0,490,1.0,0,280,770,GasA,4,1,SBrkr,812,0,1582,0,0,2,1,3,1,2,6,1,0,Attchd,1.0,520,2.0,2.0,2,0,45,0,0,0,0,0,9,WD,Normal,185900,0,4,0
592,60,RL,97.0,13478,Pave,2,Lvl,AllPub,Corner,2,2,Norm,Norm,1Fam,2Story,10,5,Gable,CompShg,CemntBd,CmentBd,420.0,3,2,PConc,3.0,2.0,3.0,5.0,1338,1.0,0,384,1722,GasA,4,1,SBrkr,568,0,2296,1,0,2,1,3,1,3,10,1,1,BuiltIn,1.0,842,2.0,2.0,2,382,274,0,0,0,0,0,6,ConLI,Normal,451950,0,1,0
593,20,RL,60.0,6600,Pave,3,Lvl,AllPub,Inside,2,1,Norm,Norm,1Fam,1Story,5,8,Gable,CompShg,HdBoard,HdBoard,0.0,1,3,PConc,1.0,3.0,0.0,5.0,816,1.0,0,0,816,GasA,4,1,SBrkr,0,0,816,1,0,1,0,2,1,1,4,1,0,Detchd,2.0,816,2.0,2.0,2,0,0,0,0,0,0,0,6,WD,Normal,138000,1,5,0
594,120,RM,,4435,Pave,3,Lvl,AllPub,Inside,2,0,Norm,Norm,TwnhsE,1Story,6,5,Gable,CompShg,VinylSd,VinylSd,170.0,2,2,PConc,2.0,2.0,2.0,5.0,685,1.0,0,163,848,GasA,4,1,SBrkr,0,0,848,1,0,1,0,1,1,2,4,1,0,Attchd,2.0,420,2.0,2.0,2,140,0,0,0,0,0,0,5,WD,Normal,140000,0,6,0
595,20,RL,88.0,7990,Pave,2,Lvl,AllPub,Inside,2,0,Norm,Norm,1Fam,1Story,5,6,Hip,CompShg,HdBoard,HdBoard,0.0,1,2,CBlock,2.0,2.0,0.0,0.0,0,1.0,0,924,924,GasA,2,1,SBrkr,0,0,924,0,0,1,0,3,1,1,5,1,0,Detchd,0.0,280,2.0,2.0,2,0,0,0,0,0,0,0,4,WD,Normal,110000,0,33,0
596,20,RL,69.0,11302,Pave,2,Lvl,AllPub,Inside,2,3,Norm,Norm,1Fam,1Story,8,5,Gable,CompShg,VinylSd,Other,238.0,2,2,PConc,2.0,2.0,3.0,5.0,1422,1.0,0,392,1814,GasA,4,1,SBrkr,0,0,1826,1,0,2,0,3,1,2,7,1,1,Attchd,2.0,758,2.0,2.0,2,180,75,0,0,120,0,0,8,New,Partial,319000,1,0,0
597,70,RM,60.0,3600,Pave,3,Lvl,AllPub,Inside,2,1,Norm,Norm,1Fam,2Story,6,7,Gable,CompShg,VinylSd,VinylSd,0.0,1,2,CBlock,1.0,2.0,0.0,0.0,0,1.0,0,684,684,GasA,4,0,FuseA,684,0,1368,0,0,1,0,3,1,1,7,1,0,Detchd,0.0,216,2.0,1.0,0,0,158,0,0,0,0,0,10,WD,Normal,114504,1,13,0
598,120,RL,53.0,3922,Pave,3,Lvl,AllPub,Inside,2,3,Norm,Norm,TwnhsE,1Story,7,5,Gable,CompShg,VinylSd,VinylSd,72.0,2,2,PConc,3.0,2.0,2.0,0.0,0,1.0,0,1258,1258,GasA,4,1,SBrkr,0,0,1402,0,2,0,2,2,1,2,7,1,1,Attchd,2.0,648,2.0,2.0,2,120,16,0,0,0,0,0,2,New,Partial,194201,1,0,0
599,20,RL,80.0,12984,Pave,3,Bnk,AllPub,Inside,2,0,Norm,Norm,1Fam,1Story,5,6,Gable,CompShg,Plywood,Plywood,459.0,1,2,CBlock,2.0,2.0,1.0,4.0,1283,0.0,147,0,1430,GasA,4,1,SBrkr,0,0,1647,1,0,2,0,3,1,2,7,1,1,Attchd,2.0,621,2.0,2.0,2,0,0,0,0,0,0,0,3,WD,Normal,217500,0,29,0
600,160,RM,24.0,1950,Pave,3,Lvl,AllPub,Inside,2,3,Norm,Norm,Twnhs,2Story,6,6,Gable,CompShg,MetalSd,MetalSd,0.0,1,3,CBlock,2.0,2.0,0.0,1.0,81,5.0,612,23,716,GasA,2,1,SBrkr,840,0,1556,1,0,2,1,3,1,1,6,1,1,Attchd,2.0,452,2.0,2.0,2,161,0,0,0,0,0,0,7,COD,Normal,151000,0,28,0
601,60,RL,74.0,10927,Pave,3,Lvl,AllPub,Inside,2,2,Norm,Norm,1Fam,2Story,8,5,Gable,CompShg,VinylSd,VinylSd,280.0,2,2,PConc,2.0,2.0,2.0,5.0,546,1.0,0,512,1058,GasA,4,1,SBrkr,846,0,1904,1,0,2,1,3,1,3,8,1,1,BuiltIn,2.0,736,2.0,2.0,2,179,60,0,0,0,0,0,6,WD,Normal,275000,0,1,0
602,50,RM,50.0,9000,Pave,3,Bnk,AllPub,Inside,2,2,Norm,Norm,1Fam,1.5Fin,6,6,Gable,CompShg,Wd Sdng,Wd Sdng,0.0,1,3,PConc,1.0,2.0,0.0,0.0,0,1.0,0,780,780,GasA,2,1,SBrkr,595,0,1375,0,0,1,1,3,1,2,6,1,1,Detchd,0.0,544,2.0,2.0,1,0,162,0,0,126,0,0,12,WD,Normal,141000,1,57,0
603,60,RL,80.0,10041,Pave,2,Lvl,AllPub,Inside,2,2,Norm,Norm,1Fam,2Story,8,5,Gable,CompShg,HdBoard,HdBoard,0.0,2,2,PConc,2.0,2.0,1.0,5.0,789,1.0,0,119,908,GasA,4,1,SBrkr,988,0,1915,1,0,2,1,3,1,2,8,1,1,Attchd,2.0,506,2.0,2.0,2,120,150,0,0,0,0,0,2,WD,Abnorml,220000,0,14,0
604,160,FV,30.0,3182,Pave,3,Lvl,AllPub,Inside,2,1,Norm,Norm,TwnhsE,2Story,7,5,Gable,CompShg,MetalSd,MetalSd,0.0,2,2,PConc,2.0,2.0,0.0,0.0,0,1.0,0,600,600,GasA,4,1,SBrkr,600,0,1200,0,0,2,1,2,1,2,4,1,0,Detchd,1.0,480,2.0,2.0,2,0,172,0,0,0,0,0,6,WD,Normal,151000,1,5,0
605,20,RL,88.0,12803,Pave,2,Lvl,AllPub,Inside,2,0,Norm,Norm,1Fam,1Story,7,5,Gable,CompShg,VinylSd,VinylSd,99.0,2,2,PConc,2.0,2.0,1.0,5.0,922,1.0,0,572,1494,GasA,4,1,SBrkr,0,0,1494,1,0,2,0,3,1,2,6,1,1,Attchd,1.0,530,2.0,2.0,2,192,36,0,0,0,0,0,9,WD,Normal,221000,0,6,0
606,60,RL,85.0,13600,Pave,3,Lvl,AllPub,Inside,2,2,Norm,Norm,1Fam,2Story,7,6,Gable,CompShg,HdBoard,HdBoard,176.0,1,2,CBlock,1.0,2.0,0.0,3.0,454,1.0,0,314,768,GasA,2,1,SBrkr,800,0,1986,0,0,2,1,3,1,1,7,1,3,Attchd,0.0,486,2.0,2.0,2,0,42,0,0,189,0,0,10,WD,Normal,205000,1,19,0
607,20,RL,82.0,12464,Pave,1,Low,AllPub,Corner,1,0,Norm,Norm,1Fam,1Story,5,5,Gable,CompShg,VinylSd,VinylSd,0.0,1,3,PConc,2.0,2.0,0.0,5.0,732,1.0,0,308,1040,GasA,3,1,SBrkr,0,0,1040,1,0,1,0,3,1,2,6,1,0,Detchd,0.0,576,2.0,2.0,2,168,0,0,0,0,0,0,11,WD,Normal,152000,0,13,0
608,20,RL,78.0,7800,Pave,3,Bnk,AllPub,Inside,1,3,Norm,Norm,1Fam,2Story,5,8,Gable,CompShg,MetalSd,MetalSd,0.0,1,3,CBlock,1.0,3.0,0.0,5.0,603,1.0,0,293,896,GasA,4,1,SBrkr,896,0,2008,1,0,3,0,3,1,3,8,1,0,Attchd,0.0,230,2.0,2.0,2,103,0,0,0,0,0,0,8,WD,Normal,225000,1,4,0
609,70,RL,78.0,12168,Pave,3,HLS,AllPub,Inside,1,0,Norm,Norm,1Fam,2Story,8,6,Gable,CompShg,BrkFace,Wd Sdng,0.0,1,2,PConc,2.0,2.0,1.0,3.0,428,1.0,0,537,965,GasA,2,1,SBrkr,1254,0,3194,0,0,2,1,4,1,1,10,1,2,Basment,0.0,380,2.0,2.0,2,0,0,0,0,0,0,0,9,WD,Alloca,359100,1,9,0
610,20,RL,61.0,7943,Pave,3,Lvl,AllPub,Inside,2,2,Feedr,Norm,1Fam,1Story,4,5,Gable,CompShg,VinylSd,VinylSd,192.0,1,1,CBlock,1.0,2.0,1.0,2.0,903,1.0,0,126,1029,GasA,3,1,SBrkr,0,0,1029,1,0,1,0,3,1,1,5,1,0,Attchd,0.0,261,2.0,2.0,2,64,0,39,0,0,0,0,4,WD,Normal,118500,0,46,0
611,60,RL,,11050,Pave,3,Lvl,AllPub,Inside,2,0,PosN,Norm,1Fam,2Story,9,5,Hip,CompShg,VinylSd,VinylSd,204.0,2,2,PConc,3.0,2.0,1.0,5.0,904,1.0,0,536,1440,GasA,4,1,SBrkr,677,0,2153,1,0,2,1,3,1,3,8,1,2,Attchd,2.0,736,2.0,2.0,2,253,142,0,0,0,0,0,5,WD,Normal,313000,0,9,0
612,80,RL,,10395,Pave,2,Lvl,AllPub,FR2,2,1,Norm,Norm,1Fam,SLvl,6,6,Gable,CompShg,HdBoard,HdBoard,233.0,1,2,CBlock,2.0,2.0,2.0,4.0,605,1.0,0,427,1032,GasA,2,1,SBrkr,0,0,1032,0,1,2,0,3,1,1,6,1,1,Attchd,0.0,564,2.0,2.0,2,0,0,0,0,0,0,500,7,WD,Normal,148000,0,29,0
613,60,RL,,11885,Pave,3,Lvl,AllPub,Inside,2,0,Norm,Norm,1Fam,2Story,8,5,Gable,CompShg,VinylSd,VinylSd,108.0,2,2,PConc,2.0,2.0,2.0,5.0,990,1.0,0,309,1299,GasA,4,1,SBrkr,573,0,1872,1,0,2,1,3,1,3,7,1,1,BuiltIn,1.0,531,2.0,2.0,2,160,122,0,0,0,0,0,11,WD,Normal,261500,0,8,0
614,20,RL,70.0,8402,Pave,3,Lvl,AllPub,Inside,2,1,Feedr,Norm,1Fam,1Story,5,5,Gable,CompShg,VinylSd,VinylSd,0.0,1,2,PConc,2.0,2.0,0.0,4.0,206,1.0,0,914,1120,GasA,4,1,SBrkr,0,0,1120,0,0,1,0,3,1,1,6,1,0,,,0,,,2,0,30,0,0,0,0,0,12,New,Partial,147000,0,0,1
615,180,RM,21.0,1491,Pave,3,Lvl,AllPub,Inside,2,2,Norm,Norm,TwnhsE,SFoyer,4,6,Gable,CompShg,CemntBd,CmentBd,0.0,1,2,CBlock,2.0,2.0,2.0,1.0,150,5.0,480,0,630,GasA,4,1,SBrkr,0,0,630,1,0,1,0,1,1,1,3,1,0,,,0,,,2,96,24,0,0,0,0,0,5,WD,Normal,75500,0,38,0
616,85,RL,80.0,8800,Pave,3,Lvl,AllPub,Inside,2,2,Feedr,Norm,1Fam,SFoyer,6,7,Gable,CompShg,MetalSd,MetalSd,156.0,1,3,PConc,1.0,2.0,3.0,5.0,763,1.0,0,173,936,GasA,4,1,SBrkr,0,0,1054,1,0,1,0,3,1,2,6,1,0,Attchd,1.0,480,2.0,2.0,2,120,0,0,0,0,0,0,5,WD,Abnorml,137500,0,47,0
617,60,RL,,7861,Pave,2,Lvl,AllPub,Inside,2,3,Norm,Norm,1Fam,2Story,6,5,Gable,CompShg,VinylSd,VinylSd,0.0,2,2,PConc,2.0,2.0,0.0,5.0,457,1.0,0,326,783,GasA,4,1,SBrkr,702,0,1509,1,0,2,1,3,1,2,7,1,1,Attchd,2.0,393,2.0,2.0,2,100,75,0,0,0,0,0,6,WD,Normal,183200,1,3,0
618,45,RL,59.0,7227,Pave,3,HLS,AllPub,Corner,1,2,Artery,Norm,1Fam,1.5Unf,6,6,Gable,CompShg,MetalSd,MetalSd,0.0,1,2,CBlock,1.0,2.0,0.0,0.0,0,1.0,0,832,832,GasA,3,1,SBrkr,0,0,832,0,0,1,0,2,1,2,4,1,0,Detchd,0.0,528,2.0,2.0,2,0,0,0,0,0,0,0,6,WD,Normal,105500,0,54,0
619,20,RL,90.0,11694,Pave,3,Lvl,AllPub,Inside,2,2,Norm,Norm,1Fam,1Story,9,5,Hip,CompShg,CemntBd,CmentBd,452.0,3,2,PConc,3.0,2.0,2.0,5.0,48,1.0,0,1774,1822,GasA,4,1,SBrkr,0,0,1828,0,0,2,0,3,1,2,9,1,1,Attchd,0.0,774,2.0,2.0,2,0,108,0,0,260,0,0,7,New,Partial,314813,0,0,1
620,60,RL,85.0,12244,Pave,3,Lvl,AllPub,Inside,2,3,Norm,Norm,1Fam,2Story,8,5,Hip,CompShg,VinylSd,VinylSd,226.0,2,2,PConc,2.0,2.0,3.0,5.0,871,1.0,0,611,1482,GasA,4,1,SBrkr,780,0,2262,1,0,2,1,4,1,2,10,1,2,Attchd,2.0,749,2.0,2.0,2,168,0,0,0,0,0,0,8,WD,Normal,305000,0,5,0
621,30,RL,45.0,8248,Pave,3,Lvl,AllPub,Inside,2,3,Norm,Norm,1Fam,1Story,3,3,Gable,CompShg,Stucco,Stucco,0.0,1,2,BrkTil,1.0,2.0,0.0,3.0,41,1.0,0,823,864,GasA,2,0,FuseF,0,0,864,1,0,1,0,2,1,1,5,1,0,,,0,,,0,0,0,100,0,0,0,0,9,WD,Normal,67000,1,58,0
622,60,RL,90.0,10800,Pave,3,Lvl,AllPub,Inside,2,1,Norm,Norm,1Fam,2Story,6,7,Gable,CompShg,HdBoard,HdBoard,0.0,1,2,CBlock,1.0,2.0,0.0,4.0,956,2.0,182,384,1522,GasA,2,1,SBrkr,1066,0,2614,0,0,2,1,4,1,1,9,1,1,Attchd,1.0,624,2.0,2.0,2,38,243,0,0,0,0,0,6,WD,Normal,240000,1,11,0
623,20,RL,71.0,7064,Pave,3,Lvl,AllPub,Inside,2,2,Norm,Norm,1Fam,1Story,5,6,Gable,CompShg,Plywood,Plywood,153.0,1,2,CBlock,1.0,2.0,0.0,3.0,560,1.0,0,420,980,GasA,2,1,SBrkr,0,0,980,0,0,1,0,3,1,1,6,1,0,Detchd,0.0,484,2.0,2.0,2,192,0,0,0,0,0,0,7,WD,Normal,135000,0,32,0
624,160,FV,,2117,Pave,3,Lvl,AllPub,Inside,2,1,Norm,Norm,TwnhsE,2Story,6,5,Gable,CompShg,MetalSd,MetalSd,513.0,2,2,PConc,2.0,2.0,0.0,5.0,420,1.0,0,336,756,GasA,4,1,SBrkr,756,0,1512,0,0,2,1,2,1,2,4,1,1,Detchd,0.0,440,2.0,2.0,2,0,32,0,0,0,0,0,6,WD,Normal,168500,0,7,0
625,60,RL,80.0,10400,Pave,3,Lvl,AllPub,Inside,2,1,Norm,Norm,1Fam,2Story,6,5,Gable,CompShg,VinylSd,VinylSd,288.0,1,2,CBlock,1.0,2.0,0.0,2.0,247,1.0,0,485,732,GasA,3,1,SBrkr,778,0,1790,1,0,1,2,4,1,1,8,5,1,Attchd,1.0,484,2.0,2.0,2,148,0,0,0,147,0,0,11,WD,Normal,165150,0,34,0
626,20,RL,87.0,10000,Pave,2,Lvl,AllPub,Corner,2,2,Norm,Norm,1Fam,1Story,6,6,Hip,CompShg,Wd Sdng,Wd Sdng,261.0,1,2,CBlock,1.0,2.0,0.0,0.0,0,1.0,0,1116,1116,GasA,2,1,SBrkr,0,0,1116,0,0,1,1,3,1,1,5,1,0,Attchd,0.0,440,2.0,2.0,2,0,0,0,0,385,0,0,2,WD,Normal,160000,0,48,0
627,20,RL,,12342,Pave,2,Lvl,AllPub,Inside,2,2,Norm,Norm,1Fam,1Story,5,5,Hip,CompShg,Wd Sdng,Wd Sdng,0.0,1,2,CBlock,1.0,2.0,0.0,0.0,0,1.0,0,978,978,GasA,2,1,SBrkr,0,0,1422,0,0,1,0,3,1,1,6,6,1,Attchd,1.0,286,2.0,2.0,2,0,0,36,0,0,0,600,8,WD,Normal,139900,1,29,0
628,80,RL,80.0,9600,Pave,3,Lvl,AllPub,Inside,2,2,Norm,Norm,1Fam,SLvl,6,6,Gable,CompShg,AsbShng,AsbShng,164.0,1,2,CBlock,1.0,2.0,2.0,3.0,674,0.0,132,350,1156,GasA,4,1,SBrkr,0,0,1520,1,0,1,0,3,1,1,7,1,2,Basment,1.0,364,2.0,2.0,2,0,0,189,0,0,0,0,3,WD,Normal,153000,1,38,0
629,60,RL,70.0,11606,Pave,2,HLS,AllPub,Inside,0,2,Norm,Norm,1Fam,2Story,5,5,Gable,CompShg,Plywood,Plywood,192.0,1,2,PConc,2.0,2.0,2.0,2.0,650,1.0,0,390,1040,GasA,2,1,SBrkr,1040,0,2080,0,1,1,2,5,1,0,9,1,2,Attchd,0.0,504,2.0,2.0,2,335,0,0,0,0,0,0,9,WD,Family,135000,0,38,0
630,80,RL,82.0,9020,Pave,3,Lvl,AllPub,Corner,2,2,Feedr,Norm,1Fam,SLvl,6,5,Gable,WdShngl,Plywood,Wd Sdng,259.0,1,2,CBlock,1.0,2.0,3.0,5.0,624,2.0,336,288,1248,GasA,2,1,SBrkr,0,0,1350,1,0,1,1,3,1,1,6,1,0,Attchd,1.0,520,2.0,2.0,2,176,0,0,0,0,0,0,6,WD,Normal,168500,0,44,0
631,70,RM,50.0,9000,Pave,3,Lvl,AllPub,Corner,2,1,Artery,Norm,1Fam,2Story,5,6,Gable,CompShg,VinylSd,VinylSd,0.0,1,2,BrkTil,0.0,1.0,0.0,0.0,0,1.0,0,636,636,GasA,2,1,FuseA,661,0,1750,0,0,1,0,3,1,3,8,1,0,Detchd,0.0,240,1.0,0.0,0,0,0,293,0,0,0,0,6,WD,Abnorml,124000,1,15,0
632,120,RL,34.0,4590,Pave,3,Lvl,AllPub,Inside,2,2,Norm,Norm,Twnhs,1Story,8,5,Gable,CompShg,VinylSd,VinylSd,108.0,2,2,PConc,2.0,3.0,1.0,5.0,24,1.0,0,1530,1554,GasA,4,1,SBrkr,0,0,1554,0,0,2,0,2,1,2,6,1,1,Attchd,1.0,627,2.0,2.0,2,156,73,0,0,0,0,0,8,WD,Normal,209500,0,1,0
633,20,RL,85.0,11900,Pave,3,Lvl,AllPub,Inside,2,1,Norm,Norm,1Fam,1Story,7,5,Hip,CompShg,Plywood,Plywood,209.0,1,3,CBlock,1.0,2.0,0.0,4.0,822,1.0,0,564,1386,GasA,2,1,SBrkr,0,0,1411,0,0,2,0,3,1,1,6,1,1,Attchd,2.0,544,2.0,2.0,2,192,0,0,0,0,0,0,4,WD,Family,82500,0,32,0
634,20,RL,80.0,9250,Pave,3,Lvl,AllPub,Corner,2,2,Norm,Norm,1Fam,1Story,5,7,Gable,CompShg,Wd Sdng,Wd Sdng,0.0,1,2,CBlock,1.0,2.0,0.0,3.0,480,0.0,468,108,1056,GasA,2,1,SBrkr,0,0,1056,0,1,1,0,3,1,1,6,1,0,Attchd,0.0,260,2.0,2.0,2,390,0,0,0,0,0,0,7,WD,Normal,139400,1,2,0
635,90,RL,64.0,6979,Pave,3,Lvl,AllPub,Inside,2,1,Norm,Norm,Duplex,SFoyer,6,5,Gable,CompShg,Plywood,Plywood,0.0,1,2,CBlock,1.0,2.0,0.0,5.0,1056,1.0,0,0,1056,GasA,3,1,SBrkr,0,0,1056,2,0,0,0,0,2,1,4,1,0,Detchd,0.0,576,2.0,2.0,2,264,56,0,0,0,0,600,6,WD,Normal,144000,0,30,0
636,190,RH,60.0,10896,Pave,3,Bnk,AllPub,Inside,2,3,Feedr,Norm,2fmCon,2.5Fin,6,7,Hip,CompShg,VinylSd,VinylSd,0.0,0,2,CBlock,1.0,1.0,0.0,1.0,256,1.0,0,1184,1440,GasA,4,1,FuseA,1440,515,3395,0,0,2,0,8,2,0,14,1,0,,,0,,,0,0,110,0,0,0,0,0,3,WD,Abnorml,200000,1,12,0
637,30,RM,51.0,6120,Pave,3,Lvl,AllPub,Inside,2,1,Norm,Norm,1Fam,1Story,2,3,Gable,CompShg,AsbShng,AsbShng,0.0,0,1,BrkTil,1.0,1.0,0.0,0.0,0,1.0,0,264,264,Grav,1,0,FuseA,0,0,800,0,0,1,0,1,1,0,4,3,1,,,0,,,0,0,0,0,0,0,0,0,1,ConLw,Normal,60000,1,59,0
638,190,RM,50.0,6000,Pave,3,Lvl,AllPub,Inside,2,1,Norm,Norm,2fmCon,1.5Fin,5,4,Gable,CompShg,Wd Sdng,Wd Sdng,0.0,1,2,CBlock,1.0,2.0,0.0,0.0,0,1.0,0,811,811,GasA,2,1,FuseA,576,0,1387,0,0,2,0,3,2,2,7,1,0,BuiltIn,0.0,256,2.0,2.0,2,0,0,0,0,0,0,0,11,WD,Normal,93000,0,55,0
639,30,RL,67.0,8777,Pave,3,Lvl,AllPub,Inside,2,3,Feedr,Norm,1Fam,1Story,5,7,Gable,CompShg,MetalSd,Wd Sdng,0.0,1,2,CBlock,0.0,2.0,0.0,0.0,0,1.0,0,796,796,GasA,3,1,FuseA,0,0,796,0,0,1,0,2,1,1,4,1,0,,,0,,,1,328,0,164,0,0,0,0,5,WD,Normal,85000,1,58,0
640,120,RL,53.0,3982,Pave,3,Lvl,AllPub,Inside,2,3,Norm,Norm,TwnhsE,1Story,8,5,Hip,CompShg,VinylSd,VinylSd,0.0,2,2,PConc,2.0,3.0,2.0,5.0,1154,1.0,0,366,1520,GasA,4,1,SBrkr,0,0,1567,1,0,2,0,1,1,3,7,1,1,Attchd,2.0,648,2.0,2.0,2,312,0,0,0,0,0,0,10,New,Partial,264561,0,0,1
641,120,RL,62.0,12677,Pave,2,Lvl,AllPub,Inside,2,2,Norm,Norm,TwnhsE,1Story,8,5,Hip,CompShg,MetalSd,MetalSd,472.0,3,2,PConc,3.0,2.0,3.0,5.0,1218,1.0,0,300,1518,GasA,4,1,SBrkr,0,0,1518,0,0,1,1,1,1,3,6,1,1,Attchd,1.0,588,2.0,2.0,2,185,140,0,0,0,0,0,4,WD,Normal,274000,1,4,0
642,60,FV,,7050,Pave,3,Lvl,AllPub,Inside,2,1,Norm,Norm,1Fam,2Story,7,5,Gable,CompShg,VinylSd,VinylSd,0.0,2,2,PConc,2.0,2.0,0.0,5.0,738,1.0,0,319,1057,GasA,4,1,SBrkr,872,0,1929,1,0,2,1,3,1,2,7,1,1,Attchd,2.0,650,2.0,2.0,2,0,235,0,0,0,0,0,5,WD,Normal,226000,0,6,0
643,80,RL,75.0,13860,Pave,3,Lvl,AllPub,Inside,2,2,Norm,Norm,1Fam,SLvl,8,7,Gable,CompShg,Plywood,Wd Sdng,0.0,2,2,CBlock,2.0,2.0,3.0,5.0,1410,1.0,0,542,1952,GasA,3,1,SBrkr,704,0,2704,1,0,2,1,4,1,3,9,1,3,Attchd,2.0,538,2.0,2.0,2,269,111,0,0,0,0,0,7,WD,Normal,345000,1,14,0
644,60,RL,80.0,10793,Pave,3,Lvl,AllPub,Inside,2,1,RRAn,Norm,1Fam,2Story,5,5,Mansard,CompShg,WdShing,HdBoard,263.0,1,2,CBlock,1.0,2.0,0.0,2.0,493,3.0,287,0,780,GasA,4,1,SBrkr,840,0,1620,0,0,2,1,4,1,1,7,6,0,Attchd,2.0,462,2.0,2.0,2,208,0,0,0,0,0,0,4,WD,Normal,152000,0,38,0
645,20,FV,85.0,9187,Pave,3,Lvl,AllPub,Inside,2,1,Norm,Norm,1Fam,1Story,9,5,Gable,CompShg,CemntBd,CmentBd,162.0,3,2,PConc,3.0,2.0,1.0,5.0,1121,1.0,0,645,1766,GasA,4,1,SBrkr,0,0,1766,1,0,2,1,2,1,3,7,1,1,Attchd,2.0,478,2.0,2.0,2,195,130,0,0,0,0,0,10,New,Partial,370878,0,0,1
646,20,RL,,10530,Pave,2,Lvl,AllPub,Corner,2,2,Norm,Norm,1Fam,1Story,6,5,Hip,CompShg,Plywood,Plywood,0.0,1,2,CBlock,1.0,2.0,0.0,4.0,282,0.0,35,664,981,GasA,2,1,SBrkr,0,0,981,1,0,1,1,3,1,1,5,1,0,Detchd,0.0,576,2.0,2.0,2,0,312,40,0,0,0,0,3,WD,Normal,143250,0,36,0
647,20,RL,60.0,7200,Pave,3,Lvl,AllPub,Inside,2,2,Norm,Norm,1Fam,1Story,5,5,Hip,CompShg,MetalSd,MetalSd,0.0,1,2,CBlock,,,,,0,,0,0,0,GasA,3,1,SBrkr,0,0,1048,0,0,1,0,3,1,1,7,6,0,Detchd,0.0,420,2.0,2.0,2,0,27,0,0,0,0,0,7,WD,Normal,98300,0,58,0
648,20,RL,85.0,10452,Pave,2,Lvl,AllPub,Inside,2,3,Norm,Norm,1Fam,1Story,6,5,Hip,CompShg,Wd Sdng,Wd Sdng,216.0,1,2,CBlock,1.0,2.0,1.0,2.0,500,1.0,0,594,1094,GasA,4,1,SBrkr,0,0,1094,0,0,1,0,3,1,1,5,1,2,Attchd,1.0,495,2.0,2.0,2,0,0,0,0,287,0,0,6,WD,Normal,155000,0,55,0
649,60,RL,70.0,7700,Pave,3,Lvl,AllPub,Inside,2,2,PosN,Norm,1Fam,2Story,6,5,Gable,CompShg,MetalSd,MetalSd,351.0,1,2,CBlock,1.0,2.0,0.0,0.0,0,1.0,0,756,756,GasA,2,1,SBrkr,788,0,1839,0,0,1,1,4,1,1,7,1,1,Attchd,0.0,442,2.0,2.0,2,0,124,216,0,0,0,0,6,WD,Normal,155000,0,44,0
650,180,RM,21.0,1936,Pave,3,Lvl,AllPub,Inside,2,2,Norm,Norm,Twnhs,SFoyer,4,6,Gable,CompShg,CemntBd,CmentBd,0.0,1,2,CBlock,2.0,2.0,2.0,3.0,131,5.0,499,0,630,GasA,3,1,SBrkr,0,0,630,1,0,1,0,1,1,1,3,1,0,,,0,,,2,0,0,0,0,0,0,0,12,WD,Normal,84500,0,37,0
651,60,FV,65.0,8125,Pave,3,Lvl,AllPub,Inside,2,1,Norm,Norm,1Fam,2Story,7,6,Gable,CompShg,CemntBd,CmentBd,,2,2,PConc,2.0,2.0,0.0,0.0,0,1.0,0,813,813,GasA,4,1,SBrkr,843,0,1665,0,0,2,1,3,1,2,7,1,0,Attchd,1.0,562,2.0,2.0,2,0,0,0,0,0,0,0,5,WD,Normal,205950,0,1,0
652,70,RL,60.0,9084,Pave,3,Lvl,AllPub,Inside,2,3,Artery,Norm,1Fam,2Story,4,5,Gable,CompShg,MetalSd,MetalSd,0.0,1,2,CBlock,1.0,2.0,1.0,0.0,0,1.0,0,755,755,GasA,2,1,SBrkr,755,0,1510,1,0,1,0,4,1,1,7,1,1,Detchd,0.0,296,1.0,0.0,1,120,0,0,0,0,0,0,10,WD,Normal,108000,1,59,0
653,60,RL,70.0,8750,Pave,3,Lvl,AllPub,Inside,2,0,Norm,Norm,1Fam,2Story,7,5,Gable,CompShg,VinylSd,VinylSd,0.0,2,2,PConc,2.0,2.0,0.0,0.0,0,1.0,0,880,880,GasA,4,1,SBrkr,807,0,1716,0,0,2,1,2,1,2,7,1,1,Attchd,1.0,512,2.0,2.0,2,0,120,0,0,0,0,0,7,WD,Normal,191000,0,13,0
654,50,RM,60.0,10320,Pave,3,Lvl,AllPub,Inside,2,2,Norm,Norm,1Fam,1.5Fin,6,7,Gable,CompShg,MetalSd,MetalSd,0.0,1,2,CBlock,1.0,2.0,0.0,0.0,0,1.0,0,756,756,GasA,4,1,SBrkr,713,0,1469,0,0,1,0,3,1,1,7,1,0,Detchd,0.0,216,2.0,2.0,2,57,0,239,0,0,0,0,6,WD,Normal,135000,1,13,0
655,20,RL,91.0,10437,Pave,2,Lvl,AllPub,Inside,2,1,Norm,Norm,1Fam,1Story,8,6,Hip,CompShg,MetalSd,MetalSd,660.0,2,3,PConc,2.0,2.0,3.0,5.0,1696,1.0,0,413,2109,GasA,4,1,SBrkr,0,0,2113,1,0,2,1,2,1,2,7,1,1,Attchd,2.0,839,2.0,2.0,2,236,46,0,0,0,0,0,8,WD,Normal,350000,0,13,0
656,160,RM,21.0,1680,Pave,3,Lvl,AllPub,Inside,2,3,Norm,Norm,Twnhs,2Story,6,5,Gable,CompShg,HdBoard,ImStucc,381.0,1,2,CBlock,1.0,2.0,0.0,0.0,0,1.0,0,525,525,GasA,2,1,SBrkr,567,0,1092,0,0,1,1,3,1,1,6,1,0,Detchd,0.0,264,2.0,2.0,2,0,0,0,0,0,0,0,3,WD,Family,88000,0,39,0
657,20,RL,72.0,10007,Pave,2,Lvl,AllPub,Inside,2,2,Norm,Norm,1Fam,1Story,5,7,Gable,CompShg,HdBoard,HdBoard,54.0,2,2,CBlock,1.0,2.0,0.0,4.0,806,1.0,0,247,1053,GasA,4,1,SBrkr,0,0,1053,1,0,1,1,3,1,2,5,1,0,Attchd,1.0,312,2.0,2.0,2,0,0,0,0,0,0,0,8,WD,Normal,145500,1,2,0
658,70,RL,60.0,7200,Pave,3,HLS,AllPub,Inside,1,0,Norm,Norm,1Fam,2Story,7,6,Gable,CompShg,Stucco,Wd Shng,0.0,1,1,BrkTil,2.0,2.0,0.0,0.0,0,1.0,0,776,776,GasA,2,1,SBrkr,651,0,1502,0,0,1,1,3,1,1,6,1,1,Attchd,1.0,270,2.0,2.0,1,0,0,112,0,0,0,0,2,WD,Normal,149000,1,8,0
659,50,RL,78.0,17503,Pave,3,Lvl,AllPub,Inside,2,2,Artery,Norm,1Fam,1.5Fin,6,5,Gable,CompShg,VinylSd,VinylSd,0.0,1,2,CBlock,1.0,2.0,0.0,0.0,0,1.0,0,912,912,GasA,2,1,SBrkr,546,0,1458,0,1,1,0,3,1,1,6,1,1,Attchd,0.0,330,2.0,2.0,2,192,0,0,0,0,0,0,1,WD,Abnorml,97500,1,60,0
660,20,RL,75.0,9937,Pave,3,Lvl,AllPub,Corner,2,3,Norm,Norm,1Fam,1Story,5,7,Hip,CompShg,MetalSd,MetalSd,0.0,1,3,PConc,1.0,2.0,0.0,3.0,637,1.0,0,849,1486,GasA,4,1,SBrkr,0,0,1486,1,0,1,0,3,1,1,7,1,0,Detchd,2.0,480,2.0,2.0,2,0,0,0,0,0,0,0,3,WD,Normal,167000,1,10,0
661,60,RL,,12384,Pave,3,Lvl,AllPub,CulDSac,2,1,Norm,Norm,1Fam,2Story,7,7,Gable,CompShg,Plywood,Plywood,233.0,1,2,CBlock,2.0,2.0,0.0,0.0,0,1.0,0,793,793,GasA,2,1,SBrkr,793,0,1935,0,0,2,1,3,1,1,7,1,1,Attchd,1.0,550,2.0,2.0,2,0,113,252,0,0,0,0,11,WD,Normal,197900,0,31,0
662,60,RL,52.0,46589,Pave,1,Lvl,AllPub,CulDSac,2,1,Norm,Norm,1Fam,2Story,8,7,Hip,CompShg,VinylSd,VinylSd,528.0,2,2,PConc,2.0,3.0,0.0,5.0,1361,2.0,180,88,1629,GasA,4,1,SBrkr,762,0,2448,1,0,2,1,4,1,2,8,1,1,Attchd,1.0,711,2.0,2.0,2,517,76,0,0,0,0,0,7,WD,Normal,402000,1,4,0
663,20,RL,120.0,13560,Pave,3,Lvl,AllPub,Corner,2,2,Norm,Norm,1Fam,1Story,6,3,Hip,CompShg,Wd Sdng,Wd Sdng,216.0,1,2,CBlock,0.0,1.0,0.0,0.0,0,1.0,0,1392,1392,GasA,3,1,SBrkr,0,0,1392,1,0,1,0,2,1,1,5,2,2,Attchd,1.0,576,2.0,2.0,2,0,0,240,0,0,0,0,7,WD,Normal,110000,0,41,0
664,85,RL,90.0,10012,Pave,3,Lvl,AllPub,Inside,2,3,Norm,Norm,1Fam,SFoyer,4,5,Gable,CompShg,Plywood,Plywood,0.0,1,2,CBlock,2.0,2.0,2.0,3.0,920,2.0,180,38,1138,GasA,2,1,SBrkr,0,0,1181,1,0,2,0,3,1,1,6,1,0,Detchd,1.0,588,2.0,2.0,2,0,0,180,0,0,0,0,4,WD,Normal,137500,0,36,0
665,20,RL,49.0,20896,Pave,1,Lvl,AllPub,CulDSac,2,1,RRAn,Norm,1Fam,1Story,8,5,Gable,CompShg,VinylSd,VinylSd,0.0,2,2,PConc,3.0,2.0,1.0,5.0,1721,1.0,0,356,2077,GasA,4,1,SBrkr,0,0,2097,1,0,1,1,1,1,3,8,1,1,Attchd,2.0,1134,2.0,2.0,2,192,267,0,0,0,0,0,1,New,Partial,423000,1,0,0
666,60,RL,106.0,11194,Pave,2,Lvl,AllPub,Corner,2,3,Norm,Norm,1Fam,2Story,8,5,Gable,CompShg,VinylSd,VinylSd,40.0,2,2,PConc,2.0,2.0,0.0,0.0,0,1.0,0,1406,1406,GasA,4,1,SBrkr,482,0,1936,0,0,2,1,3,1,2,7,1,1,Attchd,1.0,504,2.0,2.0,2,188,124,0,0,0,0,0,11,WD,Normal,230500,0,6,0
667,60,RL,,18450,Pave,2,Lvl,AllPub,Inside,2,2,Norm,Norm,1Fam,2Story,6,5,Flat,Tar&Grv,Plywood,Plywood,113.0,1,3,CBlock,2.0,2.0,0.0,1.0,187,2.0,723,111,1021,GasA,2,1,SBrkr,915,0,2380,0,0,2,1,3,1,1,7,0,1,CarPort,0.0,596,2.0,2.0,2,0,265,0,0,0,0,0,8,WD,Abnorml,129000,1,28,0
668,20,RL,65.0,8125,Pave,3,Lvl,AllPub,Inside,2,2,Norm,Norm,1Fam,1Story,6,5,Gable,CompShg,HdBoard,HdBoard,258.0,1,2,PConc,2.0,2.0,0.0,5.0,1138,1.0,0,270,1408,GasA,4,1,SBrkr,0,0,1679,1,0,2,0,3,1,2,7,1,1,Attchd,1.0,575,2.0,2.0,2,224,42,0,0,0,0,0,10,WD,Normal,193500,1,10,0
669,20,RL,,14175,Pave,3,Bnk,AllPub,Corner,1,2,Norm,Norm,1Fam,1Story,5,6,Gable,CompShg,CemntBd,Wd Sdng,0.0,1,2,CBlock,1.0,2.0,0.0,2.0,988,1.0,0,200,1188,GasA,3,1,SBrkr,0,0,1437,1,0,1,1,3,1,1,6,5,1,Detchd,0.0,576,2.0,2.0,2,304,0,0,0,0,0,0,11,WD,Normal,168000,1,19,0
670,30,RL,80.0,11600,Pave,3,Lvl,AllPub,Inside,2,0,Norm,Norm,1Fam,1Story,4,5,Gable,CompShg,MetalSd,MetalSd,0.0,1,2,BrkTil,0.0,2.0,0.0,0.0,0,1.0,0,700,700,GasA,4,1,SBrkr,0,0,1180,0,0,1,0,2,1,0,5,1,1,Detchd,0.0,252,2.0,1.0,2,0,0,67,0,0,0,0,7,WD,Normal,137500,1,56,0
671,60,RL,64.0,8633,Pave,3,Lvl,AllPub,FR2,2,0,Norm,Norm,1Fam,2Story,6,5,Gable,CompShg,VinylSd,VinylSd,0.0,2,2,PConc,2.0,2.0,0.0,5.0,193,1.0,0,545,738,GasA,4,1,SBrkr,738,0,1476,1,0,2,1,3,1,2,7,1,0,Attchd,2.0,540,2.0,2.0,2,100,35,0,0,0,0,0,2,WD,Normal,173500,0,4,0
672,70,RH,54.0,6629,Pave,3,Lvl,AllPub,Inside,2,3,Artery,Norm,1Fam,2Story,6,6,Gambrel,CompShg,Wd Sdng,Wd Sdng,0.0,1,3,BrkTil,1.0,2.0,0.0,3.0,551,1.0,0,121,672,GasA,2,0,SBrkr,672,0,1369,1,0,2,0,3,1,1,6,1,0,Detchd,0.0,300,2.0,2.0,2,147,0,0,0,0,0,0,7,WD,Normal,103600,1,59,0
673,20,RL,,11250,Pave,2,Lvl,AllPub,Inside,2,0,Norm,Norm,1Fam,1Story,6,6,Gable,CompShg,Plywood,Plywood,0.0,2,2,CBlock,2.0,2.0,0.0,4.0,767,1.0,0,441,1208,GasA,2,1,SBrkr,0,0,1208,1,0,1,1,3,1,1,6,1,1,Attchd,1.0,546,2.0,2.0,2,198,42,0,0,0,0,0,6,WD,Normal,165000,0,29,0
674,20,RL,110.0,14442,Pave,3,Lvl,AllPub,Inside,2,0,Norm,Norm,1Fam,1Story,6,7,Hip,CompShg,CemntBd,CmentBd,106.0,1,2,PConc,1.0,2.0,0.0,5.0,1186,1.0,0,291,1477,GasA,4,1,SBrkr,0,0,1839,1,0,2,0,3,1,2,7,1,2,Attchd,2.0,416,2.0,2.0,2,0,87,0,0,200,0,0,6,WD,Normal,257500,1,3,0
675,20,RL,80.0,9200,Pave,3,Lvl,AllPub,Inside,2,2,Norm,Norm,1Fam,1Story,6,6,Gable,CompShg,HdBoard,HdBoard,0.0,1,2,CBlock,1.0,2.0,0.0,2.0,892,1.0,0,244,1136,GasA,2,1,SBrkr,0,0,1136,1,0,1,0,3,1,1,5,1,1,Attchd,1.0,384,2.0,2.0,2,426,0,0,0,0,0,0,7,WD,Normal,140000,0,43,0
676,160,RL,24.0,2289,Pave,3,Lvl,AllPub,Inside,2,3,Norm,Norm,Twnhs,2Story,6,6,Gable,CompShg,Plywood,Brk Cmn,0.0,1,2,CBlock,1.0,2.0,0.0,4.0,311,1.0,0,544,855,GasA,2,1,SBrkr,586,0,1441,0,0,2,1,3,1,1,7,1,1,Attchd,0.0,440,2.0,2.0,2,28,0,0,0,0,0,0,4,WD,Normal,148500,0,31,0
677,70,RM,60.0,9600,Pave,3,Lvl,AllPub,Inside,2,1,Norm,Norm,1Fam,2Story,4,2,Gable,CompShg,AsbShng,Stucco,0.0,1,2,BrkTil,1.0,1.0,0.0,0.0,0,1.0,0,1095,1095,GasW,1,0,SBrkr,679,0,1774,1,0,2,0,4,2,1,8,5,0,2Types,0.0,779,1.0,1.0,0,0,0,90,0,0,0,0,5,WD,Normal,87000,1,56,0
678,30,RL,52.0,9022,Pave,3,Lvl,AllPub,Inside,2,1,Norm,Norm,1Fam,1Story,5,8,Gable,CompShg,VinylSd,VinylSd,0.0,2,2,BrkTil,1.0,2.0,0.0,0.0,0,1.0,0,768,768,GasA,4,1,SBrkr,0,0,792,0,0,1,0,2,1,2,5,1,0,Detchd,0.0,240,1.0,1.0,0,316,0,120,0,0,0,0,5,WD,Normal,109500,1,3,0
679,20,RL,80.0,11844,Pave,2,Lvl,AllPub,Inside,2,3,Norm,Norm,1Fam,1Story,8,5,Hip,CompShg,VinylSd,VinylSd,464.0,2,2,PConc,3.0,2.0,1.0,0.0,0,1.0,0,2046,2046,GasA,4,1,SBrkr,0,0,2046,0,0,2,1,3,1,2,7,1,1,Attchd,2.0,834,2.0,2.0,2,322,82,0,0,0,0,0,7,New,Partial,372500,0,1,0
680,20,RL,,9945,Pave,2,Lvl,AllPub,Inside,2,2,Norm,Norm,1Fam,1Story,5,5,Hip,CompShg,Wd Sdng,Wd Sdng,57.0,1,2,CBlock,1.0,2.0,0.0,2.0,827,1.0,0,161,988,GasA,2,1,SBrkr,0,0,988,1,0,1,0,3,1,1,5,1,0,Detchd,0.0,572,2.0,2.0,2,0,0,0,0,0,0,0,10,WD,Normal,128500,0,46,0
681,120,RL,50.0,8012,Pave,3,Lvl,AllPub,Inside,2,2,Norm,Norm,TwnhsE,1Story,6,5,Gable,CompShg,Plywood,Plywood,0.0,1,2,CBlock,2.0,2.0,0.0,3.0,543,3.0,119,261,923,GasA,2,1,SBrkr,0,0,923,0,0,2,0,2,1,1,5,1,1,Attchd,1.0,264,2.0,2.0,2,80,0,0,0,0,0,0,5,WD,Normal,143000,0,30,0
682,50,RH,55.0,4500,Pave,1,Bnk,AllPub,Inside,2,3,Norm,Norm,1Fam,1.5Fin,5,5,Gable,CompShg,VinylSd,Stucco,0.0,1,2,BrkTil,1.0,2.0,0.0,2.0,182,1.0,0,611,793,GasA,4,1,SBrkr,672,0,1520,0,0,1,0,3,1,1,6,1,0,Detchd,0.0,281,2.0,2.0,2,0,0,56,0,0,0,0,7,WD,Abnorml,159434,1,9,0
683,120,RL,,2887,Pave,3,HLS,AllPub,Inside,2,3,Norm,Norm,1Fam,1Story,6,5,Gable,CompShg,Wd Sdng,Wd Sdng,0.0,1,2,PConc,2.0,2.0,1.0,5.0,1003,1.0,0,288,1291,GasA,4,1,SBrkr,0,0,1291,1,0,1,0,2,1,2,6,1,1,Attchd,0.0,431,2.0,2.0,2,307,0,0,0,0,0,0,11,WD,Normal,173000,1,11,0
684,20,RL,90.0,11248,Pave,2,Lvl,AllPub,Corner,2,0,Norm,Norm,1Fam,1Story,9,5,Hip,CompShg,VinylSd,VinylSd,215.0,2,2,PConc,2.0,2.0,2.0,5.0,1059,1.0,0,567,1626,GasA,4,1,SBrkr,0,0,1668,1,0,2,0,3,1,2,7,1,1,Attchd,2.0,702,2.0,2.0,2,257,45,0,0,0,0,0,7,WD,Normal,285000,0,5,0
685,60,RL,58.0,16770,Pave,1,Lvl,AllPub,CulDSac,2,1,Norm,Norm,1Fam,2Story,7,5,Gable,CompShg,VinylSd,VinylSd,30.0,2,2,PConc,2.0,2.0,0.0,0.0,0,1.0,0,1195,1195,GasA,3,1,SBrkr,644,0,1839,0,0,2,1,4,1,1,7,1,0,Attchd,2.0,486,2.0,2.0,2,0,81,0,0,0,0,0,6,WD,Normal,221000,0,12,0
686,160,RL,,5062,Pave,2,Lvl,AllPub,CulDSac,2,3,Norm,Norm,TwnhsE,2Story,7,5,Gable,CompShg,HdBoard,HdBoard,0.0,2,2,CBlock,2.0,2.0,1.0,5.0,828,0.0,182,180,1190,GasA,3,1,SBrkr,900,0,2090,1,0,2,0,3,1,2,6,6,1,Attchd,2.0,577,2.0,2.0,2,219,0,0,0,0,0,0,9,WD,Normal,207500,0,23,0
687,60,FV,84.0,10207,Pave,3,Lvl,AllPub,Inside,2,1,Norm,Norm,1Fam,2Story,7,6,Gable,CompShg,VinylSd,VinylSd,0.0,2,2,PConc,2.0,2.0,0.0,0.0,0,1.0,0,874,874,GasA,4,1,SBrkr,887,0,1761,0,0,3,0,3,1,2,7,1,0,Attchd,2.0,578,2.0,2.0,2,144,105,0,0,0,0,0,8,New,Partial,227875,0,0,1
688,160,FV,,5105,Pave,1,Lvl,AllPub,FR2,2,1,Norm,Norm,TwnhsE,2Story,7,5,Gable,CompShg,MetalSd,MetalSd,0.0,2,2,PConc,2.0,2.0,0.0,5.0,239,1.0,0,312,551,GasA,4,1,SBrkr,551,0,1102,0,0,2,1,2,1,2,4,1,0,Detchd,0.0,480,2.0,2.0,2,0,60,0,0,0,0,0,3,WD,Normal,148800,0,3,0
689,20,RL,60.0,8089,Pave,3,HLS,AllPub,Inside,2,3,Norm,Norm,1Fam,1Story,8,6,Gable,CompShg,MetalSd,MetalSd,0.0,2,2,PConc,2.0,2.0,2.0,5.0,945,1.0,0,474,1419,GasA,4,1,SBrkr,0,0,1419,1,0,2,0,2,1,2,7,1,1,Attchd,1.0,567,2.0,2.0,2,140,0,0,0,0,0,0,10,New,Partial,392000,0,0,1
690,120,RL,61.0,7577,Pave,2,Lvl,AllPub,Corner,2,2,Norm,Norm,TwnhsE,1Story,6,5,Gable,CompShg,VinylSd,VinylSd,256.0,2,2,PConc,2.0,2.0,2.0,4.0,20,1.0,0,1342,1362,GasA,4,1,SBrkr,0,0,1362,0,0,2,0,2,1,2,6,1,1,Attchd,1.0,460,2.0,2.0,2,192,28,0,0,0,0,0,6,WD,Normal,194700,1,1,0
691,120,RM,,4426,Pave,3,Lvl,AllPub,Inside,2,0,Norm,Norm,TwnhsE,1Story,6,5,Gable,CompShg,VinylSd,VinylSd,147.0,2,2,PConc,2.0,2.0,3.0,5.0,697,1.0,0,151,848,GasA,4,1,SBrkr,0,0,848,1,0,1,0,1,1,2,3,1,1,Attchd,1.0,420,2.0,2.0,2,149,0,0,0,0,0,0,5,WD,Normal,141000,0,4,0
692,60,RL,104.0,21535,Pave,2,Lvl,AllPub,Corner,2,1,Norm,Norm,1Fam,2Story,10,6,Gable,WdShngl,HdBoard,HdBoard,1170.0,3,2,PConc,3.0,2.0,3.0,5.0,1455,1.0,0,989,2444,GasA,4,1,SBrkr,1872,0,4316,0,1,3,1,4,1,3,10,1,2,Attchd,2.0,832,2.0,2.0,2,382,50,0,0,0,0,0,1,WD,Normal,755000,1,12,0
693,60,RL,42.0,26178,Pave,2,Lvl,AllPub,Inside,1,3,Norm,Norm,1Fam,2Story,7,5,Hip,CompShg,MetalSd,MetalSd,293.0,2,2,PConc,2.0,2.0,3.0,5.0,965,1.0,0,245,1210,GasA,4,1,SBrkr,1281,0,2519,1,0,2,1,4,1,2,9,1,2,Attchd,1.0,628,2.0,2.0,2,320,27,0,0,0,0,0,4,WD,Normal,335000,1,16,0
694,30,RL,60.0,5400,Pave,3,Lvl,AllPub,Corner,0,1,Norm,Norm,1Fam,1Story,5,6,Gable,CompShg,MetalSd,MetalSd,0.0,1,2,BrkTil,1.0,2.0,0.0,0.0,0,1.0,0,1073,1073,GasA,4,1,SBrkr,0,0,1073,0,0,1,0,2,1,1,4,1,0,Detchd,0.0,326,2.0,2.0,2,0,0,112,0,0,0,0,12,WD,Abnorml,108480,1,38,0
695,50,RM,51.0,6120,Pave,3,Lvl,AllPub,Corner,2,1,Norm,Norm,1Fam,1.5Fin,5,6,Gable,CompShg,Wd Sdng,Wd Sdng,0.0,1,1,BrkTil,1.0,2.0,0.0,0.0,0,1.0,0,927,927,GasA,2,1,SBrkr,472,0,1539,0,0,1,1,3,1,1,5,1,0,Detchd,0.0,576,2.0,2.0,2,112,0,0,0,0,0,0,4,WD,Normal,141500,1,59,0
696,20,RL,54.0,13811,Pave,2,Lvl,AllPub,Inside,2,3,Norm,Norm,1Fam,1Story,6,6,Gable,CompShg,HdBoard,HdBoard,72.0,1,2,CBlock,2.0,3.0,0.0,5.0,980,0.0,40,92,1112,GasA,3,1,SBrkr,0,0,1137,1,0,2,0,2,1,2,5,1,1,Attchd,0.0,551,2.0,2.0,2,125,0,0,0,0,0,0,7,WD,Normal,176000,0,19,0
697,30,RM,50.0,6000,Pave,3,Lvl,AllPub,Inside,2,1,Norm,Norm,1Fam,1Story,5,7,Gable,CompShg,Wd Sdng,Wd Shng,0.0,1,2,CBlock,1.0,2.0,0.0,1.0,616,1.0,0,0,616,GasA,3,1,SBrkr,0,0,616,0,0,1,0,2,1,1,4,1,0,Detchd,0.0,205,2.0,2.0,2,0,0,129,0,0,0,0,6,WD,Normal,89000,1,56,0
698,20,RL,57.0,6420,Pave,2,Lvl,AllPub,Inside,2,3,Norm,Norm,1Fam,1Story,5,7,Gable,CompShg,Wd Sdng,Wd Sdng,0.0,1,2,PConc,3.0,3.0,1.0,1.0,210,4.0,551,219,980,GasA,1,1,FuseA,0,0,1148,0,1,1,0,2,1,1,6,1,0,Detchd,0.0,308,2.0,2.0,2,0,0,0,0,0,0,0,9,WD,Normal,123500,0,54,0
699,20,RL,65.0,8450,Pave,3,Lvl,AllPub,Inside,2,2,RRAe,Norm,1Fam,1Story,5,8,Gable,CompShg,MetalSd,MetalSd,0.0,1,3,CBlock,1.0,2.0,0.0,5.0,553,3.0,117,224,894,GasA,4,1,SBrkr,0,0,894,1,0,1,0,3,1,1,5,1,1,Detchd,0.0,336,2.0,2.0,2,416,144,0,0,0,0,0,4,WD,Normal,138500,1,1,0
700,120,FV,59.0,4282,Pave,1,Lvl,AllPub,Inside,2,1,Norm,Norm,TwnhsE,1Story,7,5,Gable,CompShg,MetalSd,MetalSd,0.0,2,2,PConc,2.0,2.0,1.0,5.0,16,1.0,0,1375,1391,GasA,4,1,SBrkr,0,0,1391,0,0,2,0,2,1,2,5,1,0,Attchd,1.0,530,2.0,2.0,2,156,158,0,0,0,0,0,7,WD,Normal,196000,0,4,0
701,20,RL,85.0,14331,Pave,3,Lvl,AllPub,Inside,2,3,Norm,Norm,1Fam,1Story,8,5,Hip,CompShg,VinylSd,VinylSd,630.0,2,2,PConc,3.0,2.0,3.0,5.0,1274,1.0,0,526,1800,GasA,4,1,SBrkr,0,0,1800,1,0,2,0,3,1,2,7,1,1,Attchd,2.0,765,2.0,2.0,2,270,78,0,0,0,0,0,5,WD,Normal,312500,0,4,0
702,20,RL,80.0,9600,Pave,3,Lvl,AllPub,Inside,2,1,Norm,Norm,1Fam,1Story,7,5,Hip,CompShg,HdBoard,HdBoard,168.0,1,2,CBlock,1.0,2.0,0.0,0.0,0,1.0,0,1164,1164,GasA,2,1,SBrkr,0,0,1164,0,0,1,1,3,1,1,6,1,0,Attchd,0.0,528,2.0,2.0,2,0,0,0,0,0,0,0,7,COD,Normal,140000,0,37,0
703,60,RL,82.0,12438,Pave,2,Lvl,AllPub,Inside,2,3,Norm,Norm,1Fam,2Story,8,5,Hip,CompShg,VinylSd,VinylSd,466.0,3,2,PConc,3.0,3.0,0.0,0.0,0,1.0,0,1234,1234,GasA,4,1,SBrkr,1312,0,2576,0,0,2,1,4,1,3,10,1,1,BuiltIn,2.0,666,2.0,2.0,2,324,100,0,0,0,0,0,7,New,Partial,361919,0,0,1
704,190,RM,76.0,7630,Pave,3,Lvl,AllPub,Inside,2,1,Feedr,Norm,2fmCon,2Story,5,9,Gable,CompShg,Wd Sdng,Wd Sdng,0.0,1,3,BrkTil,2.0,2.0,0.0,0.0,0,1.0,0,360,360,GasA,3,1,SBrkr,780,0,1812,0,0,2,0,4,2,2,8,1,1,Detchd,0.0,672,2.0,2.0,0,344,0,40,0,0,0,0,5,WD,Normal,140000,1,14,0
705,20,RL,70.0,8400,Pave,3,Lvl,AllPub,Inside,2,0,Norm,Norm,1Fam,1Story,7,5,Gable,CompShg,VinylSd,VinylSd,109.0,2,2,PConc,2.0,2.0,2.0,5.0,712,1.0,0,761,1473,GasA,4,1,SBrkr,0,0,1484,1,0,2,0,3,1,2,7,1,0,Attchd,1.0,606,2.0,2.0,2,0,35,0,144,0,0,0,5,WD,Normal,213000,1,5,0
706,190,RM,70.0,5600,Pave,3,Lvl,AllPub,Inside,2,2,Norm,Norm,2fmCon,2Story,4,5,Hip,CompShg,VinylSd,Wd Shng,0.0,0,1,Slab,,,,,0,,0,0,0,GasA,1,0,SBrkr,720,0,1092,0,0,2,0,3,2,0,7,4,0,,,0,,,0,0,0,0,0,0,0,3500,7,WD,Normal,55000,1,60,0
707,20,RL,,115149,Pave,1,Low,AllPub,CulDSac,0,3,Norm,Norm,1Fam,1Story,7,5,Gable,CompShg,Plywood,Plywood,351.0,1,2,CBlock,2.0,2.0,3.0,5.0,1219,1.0,0,424,1643,GasA,2,1,SBrkr,0,0,1824,1,0,2,0,2,1,2,5,1,2,Attchd,0.0,739,2.0,2.0,2,380,48,0,0,0,0,0,6,WD,Normal,302000,1,5,0
708,120,RL,48.0,6240,Pave,3,Lvl,AllPub,Inside,2,2,Norm,Norm,TwnhsE,1Story,8,5,Hip,CompShg,MetalSd,MetalSd,176.0,2,2,PConc,2.0,2.0,0.0,5.0,863,1.0,0,461,1324,GasA,4,1,SBrkr,0,0,1324,1,0,2,0,2,1,2,6,1,1,Attchd,2.0,550,2.0,2.0,2,192,38,0,0,0,0,0,12,WD,Normal,254000,0,3,0
709,60,RL,65.0,9018,Pave,2,Lvl,AllPub,Inside,2,3,Norm,Norm,1Fam,2Story,7,5,Hip,CompShg,VinylSd,VinylSd,0.0,2,2,PConc,2.0,2.0,2.0,0.0,0,1.0,0,728,728,GasA,4,1,SBrkr,728,0,1456,0,0,2,1,3,1,2,8,1,1,Attchd,2.0,400,2.0,2.0,2,100,24,0,0,0,0,0,7,New,Partial,179540,0,0,1
710,20,RL,,7162,Pave,2,Lvl,AllPub,Inside,2,2,Norm,Norm,1Fam,1Story,5,7,Gable,CompShg,HdBoard,HdBoard,41.0,1,2,PConc,1.0,2.0,0.0,0.0,0,1.0,0,876,876,GasA,2,1,SBrkr,0,0,904,0,0,1,0,3,1,1,6,1,0,Attchd,0.0,408,2.0,2.0,2,0,0,0,0,0,0,0,12,WD,Abnorml,109900,0,42,0
711,30,RL,56.0,4130,Pave,2,Lvl,AllPub,Inside,2,1,Norm,Norm,1Fam,1Story,3,6,Gable,CompShg,VinylSd,VinylSd,0.0,2,2,CBlock,1.0,2.0,0.0,0.0,0,1.0,0,270,270,GasA,3,1,SBrkr,0,0,729,0,0,1,0,2,1,1,5,2,0,,,0,,,0,0,0,0,0,0,0,0,7,WD,Normal,52000,1,5,0
712,50,C (all),66.0,8712,Pave,3,HLS,AllPub,Inside,1,2,Norm,Norm,1Fam,1.5Fin,4,7,Gable,CompShg,MetalSd,MetalSd,0.0,1,2,Stone,1.0,2.0,1.0,0.0,0,1.0,0,859,859,GasA,3,1,SBrkr,319,0,1178,0,0,1,0,2,1,1,7,1,0,Detchd,1.0,384,2.0,2.0,0,68,0,98,0,0,0,0,1,WD,Abnorml,102776,1,60,0
713,120,RL,40.0,4671,Pave,2,HLS,AllPub,Inside,2,3,Norm,Norm,TwnhsE,1Story,8,5,Gable,CompShg,HdBoard,HdBoard,0.0,2,2,PConc,2.0,2.0,1.0,5.0,767,1.0,0,461,1228,GasA,3,1,SBrkr,0,0,1228,1,0,2,0,2,1,2,5,1,1,Attchd,2.0,472,2.0,2.0,2,168,120,0,0,0,0,0,10,WD,Normal,189000,1,19,0
714,190,RL,60.0,9873,Pave,3,Lvl,AllPub,Inside,2,1,RRAn,Norm,2fmCon,1Story,4,5,Gable,CompShg,HdBoard,HdBoard,160.0,1,2,CBlock,1.0,2.0,2.0,4.0,789,1.0,0,171,960,GasW,2,0,SBrkr,0,0,960,1,0,1,0,3,1,1,6,1,0,Detchd,0.0,576,2.0,2.0,2,0,288,0,0,0,0,0,5,WD,Normal,129000,0,36,0
715,60,RL,,13517,Pave,2,Lvl,AllPub,CulDSac,2,2,RRAe,Norm,1Fam,2Story,6,8,Gable,CompShg,HdBoard,Plywood,289.0,2,2,CBlock,1.0,2.0,0.0,5.0,533,1.0,0,192,725,GasA,4,1,SBrkr,754,0,1479,0,0,2,1,3,1,2,6,1,0,Attchd,1.0,475,2.0,2.0,2,0,44,0,0,0,0,0,3,WD,Normal,130500,1,5,0
716,20,RL,78.0,10140,Pave,3,Lvl,AllPub,Inside,2,1,Norm,Norm,1Fam,1Story,6,5,Hip,CompShg,HdBoard,HdBoard,174.0,1,2,CBlock,2.0,2.0,0.0,0.0,0,1.0,0,1064,1064,GasA,2,1,SBrkr,0,0,1350,0,0,2,0,3,1,1,7,1,1,Attchd,1.0,478,2.0,2.0,2,0,0,0,0,0,0,0,8,WD,Normal,165000,0,35,0
717,70,RM,60.0,10800,Pave,3,Bnk,AllPub,Inside,2,1,Norm,Norm,1Fam,2Story,7,8,Gable,CompShg,Wd Sdng,VinylSd,0.0,1,3,BrkTil,1.0,2.0,0.0,0.0,0,1.0,0,718,718,GasA,4,1,SBrkr,978,0,2554,0,0,1,1,3,1,1,8,1,0,Detchd,0.0,704,2.0,2.0,1,0,48,143,0,0,0,0,7,WD,Normal,159500,1,9,0
718,20,RL,80.0,10000,Pave,3,Lvl,AllPub,Inside,2,1,Norm,Norm,1Fam,1Story,5,6,Gable,CompShg,HdBoard,HdBoard,0.0,1,2,CBlock,2.0,2.0,0.0,3.0,1084,1.0,0,92,1176,GasA,3,1,SBrkr,0,0,1178,0,1,1,1,3,1,2,5,1,1,Attchd,0.0,439,2.0,2.0,2,224,0,0,0,0,0,0,11,WD,Normal,157000,1,8,0
719,60,RL,96.0,10542,Pave,3,Lvl,AllPub,Inside,2,1,Norm,Norm,1Fam,2Story,7,5,Hip,CompShg,Wd Sdng,ImStucc,651.0,2,2,PConc,2.0,2.0,3.0,5.0,1173,1.0,0,138,1311,GasA,4,1,SBrkr,1093,0,2418,1,0,2,1,3,1,2,9,1,1,Attchd,1.0,983,2.0,2.0,2,250,154,216,0,0,0,0,8,WD,Normal,341000,1,14,0
720,20,RL,69.0,9920,Pave,2,Lvl,AllPub,Inside,2,0,Norm,Norm,1Fam,1Story,5,6,Gable,CompShg,HdBoard,Plywood,0.0,1,2,CBlock,2.0,2.0,3.0,4.0,523,1.0,0,448,971,GasA,2,1,SBrkr,0,0,971,0,0,1,1,3,1,1,5,1,1,Attchd,0.0,300,2.0,2.0,2,0,0,0,0,0,0,0,5,WD,Normal,128500,0,37,0
721,120,RL,,6563,Pave,2,Low,AllPub,CulDSac,1,3,Norm,Norm,1Fam,1Story,8,5,Gable,CompShg,HdBoard,HdBoard,0.0,2,2,PConc,2.0,2.0,3.0,5.0,1148,1.0,0,594,1742,GasA,2,1,SBrkr,0,0,1742,1,0,2,0,2,1,2,5,1,1,Attchd,1.0,564,2.0,2.0,2,114,28,234,0,0,0,0,12,WD,Normal,275000,0,21,0
722,120,RM,,4426,Pave,3,Lvl,AllPub,Inside,2,0,Norm,Norm,TwnhsE,1Story,6,5,Gable,CompShg,VinylSd,VinylSd,169.0,2,2,PConc,2.0,2.0,2.0,5.0,662,1.0,0,186,848,GasA,4,1,SBrkr,0,0,848,1,0,1,0,1,1,2,3,1,0,Attchd,1.0,420,2.0,2.0,2,160,0,0,0,0,0,0,5,WD,Normal,143000,0,6,0
723,20,RL,70.0,8120,Pave,3,Lvl,AllPub,Inside,2,2,Norm,Norm,1Fam,1Story,4,7,Gable,CompShg,MetalSd,MetalSd,0.0,1,3,CBlock,1.0,2.0,0.0,4.0,191,1.0,0,673,864,GasA,4,1,SBrkr,0,0,864,0,0,1,0,3,1,1,5,1,0,Detchd,0.0,463,2.0,2.0,2,0,0,0,0,0,0,0,7,WD,Normal,124500,0,39,0
724,50,RL,60.0,8172,Pave,3,Lvl,AllPub,Inside,2,3,Norm,Norm,1Fam,1.5Fin,4,6,Gable,CompShg,MetalSd,MetalSd,0.0,1,2,PConc,1.0,2.0,0.0,0.0,0,1.0,0,941,941,GasA,4,1,SBrkr,473,0,1470,0,0,2,0,4,1,1,7,1,0,Detchd,0.0,548,2.0,2.0,2,0,0,0,0,156,0,0,5,WD,Normal,135000,1,36,0
725,20,RL,86.0,13286,Pave,2,Lvl,AllPub,Inside,2,3,Norm,Norm,1Fam,1Story,9,5,Hip,CompShg,CemntBd,CmentBd,340.0,3,2,PConc,3.0,2.0,0.0,5.0,1234,1.0,0,464,1698,GasA,4,1,SBrkr,0,0,1698,1,0,2,0,3,1,3,8,1,1,Attchd,2.0,768,2.0,2.0,2,327,64,0,0,0,0,0,2,WD,Normal,320000,1,1,0
726,20,RL,60.0,6960,Pave,3,Lvl,AllPub,Inside,2,2,Norm,Norm,1Fam,1Story,4,6,Gable,CompShg,HdBoard,Plywood,0.0,1,2,CBlock,1.0,2.0,0.0,4.0,375,3.0,239,250,864,GasA,2,1,SBrkr,0,0,864,0,0,1,0,3,1,2,5,1,0,Detchd,0.0,660,2.0,2.0,2,96,0,0,0,0,0,500,11,WD,Normal,120500,0,39,0
727,20,RL,,21695,Pave,2,Lvl,AllPub,Corner,2,0,Norm,Norm,1Fam,1Story,6,9,Hip,CompShg,Wd Sdng,Plywood,260.0,2,3,CBlock,2.0,2.0,0.0,5.0,808,1.0,0,72,880,GasA,4,1,SBrkr,0,0,1680,1,0,2,0,3,1,2,5,1,1,Attchd,2.0,540,2.0,2.0,2,292,44,0,182,0,0,0,12,WD,Normal,222000,1,2,0
728,20,RL,64.0,7314,Pave,3,Lvl,AllPub,Inside,2,0,Norm,Norm,1Fam,1Story,7,5,Gable,CompShg,VinylSd,VinylSd,82.0,2,2,PConc,2.0,2.0,2.0,5.0,724,1.0,0,508,1232,GasA,4,1,SBrkr,0,0,1232,1,0,2,0,2,1,2,6,1,0,Attchd,1.0,632,2.0,2.0,2,132,0,0,0,0,0,0,2,WD,Normal,194500,0,2,0
729,90,RL,85.0,11475,Pave,3,Lvl,AllPub,Corner,2,2,Norm,Norm,Duplex,1Story,5,5,Gable,CompShg,VinylSd,VinylSd,95.0,1,2,CBlock,1.0,2.0,0.0,0.0,0,1.0,0,1584,1584,GasA,2,1,SBrkr,0,0,1776,1,0,2,0,4,2,1,9,1,0,Detchd,0.0,888,2.0,2.0,2,0,25,0,0,0,0,0,7,COD,Abnorml,110000,0,51,0
730,30,RM,52.0,6240,Pave,3,Lvl,AllPub,Inside,2,2,Norm,Norm,1Fam,1.5Fin,4,5,Gable,CompShg,MetalSd,MetalSd,0.0,1,2,CBlock,1.0,2.0,0.0,3.0,152,1.0,0,628,780,GasA,2,1,FuseA,0,360,1208,0,0,1,0,2,1,1,5,1,0,Detchd,0.0,539,2.0,2.0,2,0,23,112,0,0,0,0,1,WD,Normal,103000,1,59,0
731,120,RL,39.0,5389,Pave,2,Lvl,AllPub,Inside,2,3,Norm,Norm,TwnhsE,1Story,8,5,Gable,CompShg,CemntBd,CmentBd,0.0,2,2,PConc,2.0,2.0,0.0,5.0,1180,1.0,0,415,1595,GasA,4,1,SBrkr,0,0,1616,1,0,2,0,2,1,2,5,1,1,Attchd,1.0,608,2.0,2.0,2,237,152,0,0,0,0,0,3,WD,Normal,236500,1,14,0
732,80,RL,73.0,9590,Pave,2,Lvl,AllPub,Corner,2,3,Norm,Norm,1Fam,SLvl,7,5,Gable,CompShg,VinylSd,VinylSd,442.0,2,2,PConc,3.0,2.0,2.0,5.0,786,1.0,0,82,868,GasA,4,1,SBrkr,0,0,1146,1,0,2,0,3,1,2,6,1,1,Attchd,2.0,438,2.0,2.0,2,160,22,0,0,0,0,0,5,WD,Normal,187500,0,4,0
733,60,RL,75.0,11404,Pave,2,Lvl,AllPub,Inside,2,0,Norm,Norm,1Fam,2Story,7,5,Gable,CompShg,VinylSd,VinylSd,202.0,2,2,PConc,2.0,2.0,2.0,4.0,252,1.0,0,901,1153,GasA,4,1,SBrkr,878,0,2031,0,0,2,1,3,1,2,8,1,1,Attchd,2.0,541,2.0,2.0,2,192,84,0,0,0,0,0,7,WD,Normal,222500,1,9,0
734,20,RL,80.0,10000,Pave,3,Lvl,AllPub,Corner,2,2,Feedr,Norm,1Fam,1Story,5,6,Hip,CompShg,HdBoard,HdBoard,0.0,1,2,CBlock,1.0,2.0,0.0,3.0,594,1.0,0,270,864,GasA,4,1,SBrkr,0,0,1144,1,0,1,0,3,1,1,6,1,1,Attchd,1.0,264,2.0,2.0,2,165,0,0,0,0,0,400,3,WD,Normal,131400,1,26,0
735,20,RL,,8978,Pave,2,Lvl,AllPub,Corner,2,2,Norm,Norm,1Fam,1Story,5,5,Gable,CompShg,Plywood,Plywood,0.0,1,2,PConc,1.0,2.0,0.0,0.0,0,1.0,0,948,948,GasA,2,1,SBrkr,0,0,948,0,0,1,0,3,1,1,6,1,0,Attchd,0.0,300,2.0,2.0,2,147,0,0,0,0,0,0,5,WD,Family,108000,0,39,0
736,75,RM,60.0,10800,Pave,3,Lvl,AllPub,Inside,2,1,Norm,Norm,1Fam,2.5Unf,7,7,Gable,CompShg,Wd Sdng,Wd Sdng,0.0,1,2,BrkTil,2.0,2.0,1.0,2.0,390,1.0,0,490,880,GasW,1,0,SBrkr,888,0,1768,0,0,1,1,2,1,1,6,1,2,Detchd,0.0,320,2.0,2.0,0,0,341,0,0,0,0,0,10,WD,Normal,163000,1,36,0
737,90,RL,60.0,8544,Pave,3,Lvl,AllPub,Inside,2,2,Norm,Norm,Duplex,1Story,3,4,Gable,CompShg,Stucco,Stone,0.0,1,2,CBlock,,,,,0,,0,0,0,GasA,3,0,FuseF,0,0,1040,0,0,2,0,2,2,1,6,1,0,Detchd,0.0,400,2.0,2.0,2,0,0,0,0,0,0,0,7,WD,Normal,93500,0,56,0
738,60,RL,72.0,10463,Pave,2,HLS,AllPub,CulDSac,2,3,Norm,Norm,1Fam,2Story,8,5,Gable,CompShg,VinylSd,VinylSd,0.0,2,2,PConc,2.0,2.0,0.0,0.0,0,1.0,0,893,893,GasA,4,1,SBrkr,900,0,1801,0,0,2,1,3,1,2,8,1,1,Attchd,2.0,800,2.0,2.0,2,0,116,0,0,0,0,0,6,WD,Normal,239900,0,1,0
739,90,RL,60.0,10800,Pave,3,Lvl,AllPub,Inside,2,3,Norm,Norm,Duplex,1Story,5,5,Gable,CompShg,Plywood,Plywood,0.0,1,2,CBlock,2.0,3.0,3.0,5.0,1200,1.0,0,0,1200,GasA,2,1,SBrkr,0,0,1200,3,0,3,0,3,1,1,5,1,0,,,0,,,2,120,0,0,0,0,0,0,3,WD,Alloca,179000,1,21,0
740,60,RL,65.0,9313,Pave,2,Lvl,AllPub,Inside,2,0,Norm,Norm,1Fam,2Story,7,5,Gable,CompShg,VinylSd,VinylSd,0.0,2,2,PConc,2.0,2.0,0.0,0.0,0,1.0,0,864,864,GasA,4,1,SBrkr,864,0,1728,0,0,2,1,3,1,2,7,1,0,Attchd,1.0,572,2.0,2.0,2,187,56,0,0,0,0,0,4,WD,Normal,190000,0,5,0
741,70,RM,60.0,9600,Pave,3,Lvl,AllPub,Inside,2,1,Norm,Norm,1Fam,2Story,5,7,Gable,CompShg,Wd Sdng,Wd Shng,0.0,1,3,BrkTil,0.0,1.0,0.0,0.0,0,1.0,0,264,264,GasA,4,1,SBrkr,664,0,1432,0,0,2,0,2,1,1,7,1,0,Detchd,0.0,360,2.0,3.0,2,270,0,112,0,0,0,0,5,WD,Abnorml,132000,1,5,0
742,20,RL,65.0,6768,Pave,2,Lvl,AllPub,Inside,2,2,Feedr,Norm,1Fam,1Story,6,8,Hip,CompShg,HdBoard,HdBoard,0.0,1,3,CBlock,1.0,2.0,1.0,5.0,832,1.0,0,80,912,GasA,3,1,SBrkr,0,0,912,1,1,1,0,3,1,2,5,1,0,Detchd,0.0,288,2.0,2.0,2,168,0,0,0,0,0,0,5,WD,Normal,142000,1,12,0
743,20,RL,65.0,8450,Pave,3,Lvl,AllPub,Inside,2,2,Norm,Norm,1Fam,1Story,7,5,Gable,CompShg,VinylSd,VinylSd,108.0,1,2,PConc,2.0,2.0,0.0,0.0,0,1.0,0,1349,1349,GasA,4,1,SBrkr,0,0,1349,0,0,2,0,3,1,1,6,1,0,Attchd,0.0,539,2.0,2.0,2,120,55,0,0,0,0,0,12,WD,Normal,179000,1,6,0
744,80,RL,70.0,12886,Pave,2,Lvl,AllPub,Inside,2,2,Norm,Norm,1Fam,SLvl,5,6,Gable,CompShg,HdBoard,HdBoard,0.0,1,2,CBlock,2.0,2.0,2.0,4.0,444,1.0,0,76,520,GasA,4,1,SBrkr,0,0,1464,0,1,2,0,3,1,1,6,5,1,Attchd,1.0,480,2.0,2.0,2,302,0,0,0,100,0,0,10,WD,Normal,175000,1,10,0
745,120,RL,41.0,5395,Pave,2,HLS,AllPub,Inside,2,3,Norm,Norm,TwnhsE,1Story,8,5,Gable,CompShg,HdBoard,HdBoard,0.0,2,2,PConc,2.0,2.0,0.0,5.0,733,1.0,0,604,1337,GasA,3,1,SBrkr,0,0,1337,1,0,2,0,2,1,2,5,1,1,Attchd,1.0,462,2.0,2.0,2,96,0,70,168,0,0,0,10,WD,Normal,180000,0,15,0
746,60,RL,,8963,Pave,2,Lvl,AllPub,Inside,2,1,Norm,Norm,1Fam,2Story,8,9,Hip,CompShg,VinylSd,VinylSd,289.0,3,3,CBlock,1.0,3.0,0.0,5.0,575,4.0,80,487,1142,GasA,4,1,SBrkr,1540,0,2715,0,1,3,1,4,1,2,11,1,2,BuiltIn,2.0,831,2.0,2.0,2,0,204,0,0,0,0,0,7,WD,Normal,299800,1,12,0
747,60,RL,,8795,Pave,2,Lvl,AllPub,Inside,2,3,Norm,Norm,1Fam,2Story,7,5,Gable,CompShg,VinylSd,VinylSd,0.0,2,2,PConc,2.0,2.0,0.0,5.0,300,1.0,0,652,952,GasA,4,1,SBrkr,1276,0,2256,0,0,2,1,4,1,2,8,1,1,BuiltIn,2.0,554,2.0,2.0,2,224,54,0,0,0,0,0,4,WD,Normal,236000,0,9,0
748,70,RM,65.0,11700,Pave,2,Lvl,AllPub,Corner,2,1,Norm,Norm,1Fam,2Story,7,7,Mansard,CompShg,Stucco,Stucco,0.0,2,2,Stone,1.0,1.0,0.0,0.0,0,1.0,0,1240,1240,GasW,2,0,SBrkr,1320,0,2640,0,0,1,1,4,1,2,8,1,1,Detchd,0.0,864,2.0,2.0,0,181,0,386,0,0,0,0,5,WD,Normal,265979,1,6,0
749,20,RL,59.0,10593,Pave,2,Lvl,AllPub,Inside,2,1,Norm,Norm,1Fam,1Story,7,5,Hip,CompShg,VinylSd,VinylSd,338.0,2,2,PConc,2.0,2.0,0.0,5.0,919,1.0,0,801,1720,GasA,4,1,SBrkr,0,0,1720,1,0,2,0,3,1,2,7,1,1,Attchd,2.0,527,2.0,2.0,2,240,56,154,0,0,0,0,3,WD,Normal,260400,0,14,0
750,50,RL,50.0,8405,Pave,3,Lvl,AllPub,Inside,2,3,Norm,Norm,1Fam,1.5Fin,4,3,Gable,CompShg,WdShing,Wd Shng,0.0,1,2,Slab,,,,,0,,0,0,0,Wall,2,0,FuseF,441,0,1529,0,0,2,0,4,1,1,9,4,0,Detchd,0.0,240,2.0,2.0,0,92,0,185,0,0,0,0,4,WD,Normal,98000,1,59,0
751,50,RM,55.0,8800,Pave,3,Lvl,AllPub,Corner,2,1,Norm,Norm,1Fam,1.5Fin,4,7,Gable,CompShg,Wd Sdng,Wd Sdng,0.0,1,2,BrkTil,1.0,1.0,0.0,0.0,0,1.0,0,576,576,GasA,3,1,SBrkr,348,0,1140,0,0,1,0,3,1,1,7,5,0,,,0,,,0,0,160,0,0,0,0,0,6,WD,Normal,96500,1,6,0
752,60,RL,,7750,Pave,3,Lvl,AllPub,Inside,2,3,RRAn,Norm,1Fam,2Story,7,5,Gable,CompShg,VinylSd,VinylSd,0.0,2,2,PConc,2.0,2.0,0.0,0.0,0,1.0,0,660,660,GasA,4,1,SBrkr,660,0,1320,0,0,2,1,3,1,2,6,1,0,Attchd,2.0,400,2.0,2.0,2,0,48,0,0,0,0,0,8,WD,Normal,162000,0,4,0
753,20,RL,79.0,9236,Pave,2,Lvl,AllPub,Inside,2,0,Norm,Norm,1Fam,1Story,6,5,Gable,CompShg,VinylSd,VinylSd,0.0,1,3,PConc,2.0,2.0,3.0,5.0,1200,1.0,0,279,1479,GasA,4,1,SBrkr,0,0,1494,1,0,2,0,3,1,2,6,1,0,Attchd,1.0,576,2.0,2.0,2,168,27,0,0,0,0,0,7,WD,Normal,217000,0,9,0
754,60,RL,80.0,10240,Pave,3,Lvl,AllPub,Inside,2,2,Norm,Norm,1Fam,2Story,8,5,Gable,CompShg,VinylSd,VinylSd,178.0,2,2,PConc,2.0,2.0,1.0,0.0,0,1.0,0,1030,1030,GasA,3,1,SBrkr,1060,0,2098,0,0,2,1,3,1,3,8,1,1,Attchd,1.0,878,2.0,2.0,2,192,52,0,0,0,0,0,3,WD,Normal,275500,0,1,0
755,20,RL,61.0,7930,Pave,3,Lvl,AllPub,Inside,2,2,Norm,Norm,1Fam,1Story,6,8,Gable,CompShg,Plywood,Plywood,0.0,1,2,CBlock,1.0,2.0,0.0,5.0,439,0.0,472,115,1026,GasA,3,1,SBrkr,0,0,1026,1,0,1,0,3,1,2,5,1,0,Detchd,1.0,440,2.0,2.0,2,171,48,0,0,0,0,0,7,WD,Normal,156000,1,4,0
756,160,FV,34.0,3230,Pave,3,Lvl,AllPub,Inside,2,1,Norm,Norm,TwnhsE,2Story,6,5,Gable,CompShg,MetalSd,MetalSd,894.0,1,2,PConc,2.0,2.0,0.0,5.0,381,1.0,0,348,729,GasA,3,1,SBrkr,729,0,1471,0,0,2,1,3,1,1,6,1,0,Detchd,0.0,440,2.0,2.0,2,0,24,0,0,0,0,0,3,WD,Normal,172500,0,10,0
757,60,RL,68.0,10769,Pave,2,Lvl,AllPub,Inside,2,0,Norm,Norm,1Fam,2Story,8,5,Gable,CompShg,VinylSd,VinylSd,0.0,2,2,PConc,2.0,2.0,2.0,5.0,20,1.0,0,846,866,GasA,4,1,SBrkr,902,0,1768,0,0,2,1,3,1,2,7,1,0,Attchd,1.0,578,2.0,2.0,2,144,105,0,0,0,0,0,4,WD,Normal,212000,0,2,0
758,60,RL,,11616,Pave,2,Lvl,AllPub,CulDSac,2,2,Norm,Norm,1Fam,2Story,6,5,Hip,CompShg,HdBoard,HdBoard,328.0,1,2,CBlock,1.0,2.0,1.0,2.0,438,1.0,0,234,672,GasA,2,1,SBrkr,714,0,1386,0,0,2,1,3,1,1,6,1,1,Attchd,2.0,440,2.0,2.0,2,335,0,0,0,0,0,0,4,WD,Abnorml,158900,0,32,0
759,160,FV,24.0,2280,Pave,3,Lvl,AllPub,Inside,2,1,Norm,Norm,Twnhs,2Story,7,5,Gable,CompShg,MetalSd,MetalSd,360.0,1,2,PConc,2.0,2.0,0.0,4.0,549,1.0,0,195,744,GasA,3,1,SBrkr,744,0,1501,0,0,2,1,3,1,1,6,1,0,Detchd,0.0,440,2.0,2.0,2,0,0,0,0,0,0,0,8,WD,Normal,179400,0,9,0
760,60,RL,65.0,12257,Pave,2,Lvl,AllPub,Inside,2,1,Norm,Norm,1Fam,2Story,8,5,Gable,CompShg,VinylSd,VinylSd,513.0,2,2,PConc,2.0,2.0,2.0,1.0,56,4.0,64,1198,1318,GasA,4,1,SBrkr,1203,0,2531,0,0,2,1,4,1,2,9,1,1,Attchd,1.0,752,2.0,2.0,2,222,98,0,0,0,0,0,11,WD,Normal,290000,0,12,0
761,20,RL,70.0,9100,Pave,3,Lvl,AllPub,Inside,2,2,Norm,Norm,1Fam,1Story,6,6,Hip,CompShg,Wd Sdng,Wd Sdng,0.0,1,2,CBlock,1.0,2.0,0.0,2.0,612,1.0,0,252,864,GasA,4,1,SBrkr,0,0,864,0,0,1,0,2,1,1,5,1,0,Detchd,0.0,300,4.0,4.0,2,0,0,0,0,0,0,450,10,WD,Normal,127500,0,50,0
762,30,RM,60.0,6911,Pave,3,Lvl,AllPub,FR2,2,1,Feedr,Norm,1Fam,1Story,5,5,Gable,CompShg,Wd Sdng,Wd Sdng,0.0,1,2,PConc,1.0,2.0,1.0,1.0,405,1.0,0,740,1145,GasA,2,1,SBrkr,0,0,1301,0,0,1,0,2,1,0,5,6,0,Detchd,0.0,440,2.0,2.0,2,0,0,0,0,0,0,0,10,WD,Normal,100000,1,59,0
763,60,FV,72.0,8640,Pave,3,Lvl,AllPub,Inside,2,1,Norm,Norm,1Fam,2Story,7,5,Gable,CompShg,VinylSd,VinylSd,0.0,1,2,PConc,2.0,2.0,1.0,5.0,24,1.0,0,732,756,GasA,4,1,SBrkr,783,0,1547,0,0,2,1,3,1,2,7,1,0,Attchd,0.0,614,2.0,2.0,2,169,45,0,0,0,0,0,6,Con,Normal,215200,0,1,0
764,60,RL,82.0,9430,Pave,3,Lvl,AllPub,Inside,2,1,Norm,Norm,1Fam,2Story,8,5,Gable,CompShg,VinylSd,VinylSd,673.0,2,2,PConc,2.0,2.0,1.0,5.0,1163,1.0,0,89,1252,GasA,4,1,SBrkr,1097,0,2365,1,0,2,1,3,1,2,8,1,1,Attchd,1.0,856,2.0,2.0,2,0,128,0,0,180,0,0,7,WD,Normal,337000,0,10,0
765,120,RL,30.0,9549,Pave,2,Lvl,AllPub,CulDSac,2,0,Norm,Norm,TwnhsE,1Story,8,5,Hip,CompShg,BrkFace,BrkFace,0.0,2,3,PConc,2.0,3.0,2.0,1.0,437,5.0,1057,0,1494,GasA,4,1,SBrkr,0,0,1494,1,0,1,1,2,1,3,6,1,1,Attchd,2.0,481,2.0,2.0,2,0,30,0,0,216,0,0,4,WD,Normal,270000,1,10,0
766,20,RL,75.0,14587,Pave,2,Lvl,AllPub,Inside,2,1,Norm,Norm,1Fam,1Story,9,5,Gable,CompShg,VinylSd,VinylSd,284.0,2,2,PConc,2.0,2.0,0.0,0.0,0,1.0,0,1498,1498,GasA,4,1,SBrkr,0,0,1506,0,0,2,0,2,1,3,6,1,1,Attchd,2.0,592,2.0,2.0,2,0,174,0,0,0,0,0,8,New,Partial,264132,0,0,1
767,60,RL,80.0,10421,Pave,3,Lvl,AllPub,Inside,2,1,Norm,Norm,1Fam,2Story,7,5,Gable,CompShg,HdBoard,HdBoard,42.0,1,2,CBlock,2.0,2.0,0.0,5.0,394,1.0,0,586,980,GasA,2,1,SBrkr,734,0,1714,0,0,2,1,3,1,1,7,1,1,Attchd,0.0,496,2.0,2.0,2,228,66,156,0,0,0,500,3,WD,Normal,196500,0,22,0
768,50,RL,75.0,12508,Pave,2,Lvl,AllPub,Inside,2,1,Norm,Norm,1Fam,1.5Fin,6,7,Gable,CompShg,VinylSd,VinylSd,0.0,1,2,CBlock,2.0,2.0,1.0,4.0,660,1.0,0,323,983,GasA,4,1,SBrkr,767,0,1750,1,0,2,0,4,1,1,7,4,0,Attchd,0.0,423,2.0,2.0,2,245,0,156,0,0,0,1300,7,WD,Normal,160000,1,23,0
769,20,RL,70.0,9100,Pave,3,Lvl,AllPub,Inside,2,0,Norm,Norm,1Fam,1Story,7,5,Hip,CompShg,VinylSd,VinylSd,0.0,2,2,PConc,2.0,2.0,0.0,5.0,24,1.0,0,1836,1860,GasA,4,1,SBrkr,0,0,1836,0,0,2,0,3,1,2,8,1,1,Attchd,2.0,484,2.0,2.0,2,120,33,0,0,0,0,0,10,WD,Normal,216837,1,1,0
770,60,RL,47.0,53504,Pave,1,HLS,AllPub,CulDSac,1,3,Norm,Norm,1Fam,2Story,8,5,Hip,CompShg,CemntBd,Wd Shng,603.0,3,2,PConc,2.0,2.0,3.0,4.0,1416,1.0,0,234,1650,GasA,4,1,SBrkr,1589,0,3279,1,0,3,1,4,1,3,12,4,1,BuiltIn,2.0,841,2.0,2.0,2,503,36,0,0,210,0,0,6,WD,Normal,538000,0,7,0
771,85,RL,,7252,Pave,2,Lvl,AllPub,CulDSac,2,2,Norm,Norm,1Fam,SFoyer,5,5,Hip,CompShg,Wd Sdng,Wd Sdng,0.0,1,2,CBlock,2.0,2.0,2.0,5.0,685,1.0,0,173,858,GasA,2,1,SBrkr,0,0,858,1,0,1,0,2,1,1,5,1,0,Detchd,0.0,576,2.0,2.0,2,120,0,0,0,0,0,0,4,WD,Normal,134900,0,27,0
772,20,RL,67.0,8877,Pave,3,Lvl,AllPub,Inside,2,3,Norm,Norm,1Fam,1Story,4,5,Gable,CompShg,Wd Sdng,Wd Sdng,0.0,1,2,CBlock,0.0,1.0,0.0,1.0,836,1.0,0,0,836,GasA,2,1,FuseF,0,0,1220,0,0,1,0,2,1,1,6,1,0,Detchd,0.0,396,2.0,2.0,2,0,0,0,0,0,0,0,4,COD,Normal,102000,0,55,0
773,80,RL,94.0,7819,Pave,3,Lvl,AllPub,Inside,2,3,Norm,Norm,1Fam,SLvl,6,5,Gable,CompShg,Plywood,Plywood,0.0,1,2,CBlock,1.0,2.0,2.0,4.0,422,3.0,127,480,1029,GasA,2,1,SBrkr,0,0,1117,1,0,1,0,3,1,1,6,1,1,Detchd,0.0,672,2.0,2.0,2,144,0,0,0,0,0,0,3,WD,Abnorml,107000,0,34,0
774,20,RL,70.0,10150,Pave,3,Lvl,AllPub,Inside,2,2,Feedr,Norm,1Fam,1Story,5,5,Gable,CompShg,Wd Sdng,Wd Sdng,1.0,1,2,CBlock,1.0,2.0,0.0,2.0,456,1.0,0,456,912,GasA,4,1,FuseA,0,0,912,0,0,1,0,2,1,1,5,1,0,Attchd,1.0,275,2.0,2.0,2,0,0,0,0,0,0,0,7,COD,Normal,114500,0,49,0
775,20,RL,110.0,14226,Pave,3,Lvl,AllPub,Corner,2,2,Norm,Norm,1Fam,1Story,8,5,Hip,CompShg,VinylSd,VinylSd,375.0,2,2,PConc,2.0,2.0,2.0,0.0,0,1.0,0,1935,1935,GasA,3,1,SBrkr,0,0,1973,0,0,2,0,3,1,2,9,1,1,Attchd,2.0,895,2.0,2.0,2,315,45,0,0,0,0,0,7,New,Partial,395000,0,1,0
776,120,RM,32.0,4500,Pave,3,Lvl,AllPub,FR2,2,1,Norm,Norm,TwnhsE,1Story,6,5,Hip,CompShg,VinylSd,VinylSd,320.0,1,2,PConc,3.0,2.0,0.0,5.0,866,1.0,0,338,1204,GasA,4,1,SBrkr,0,0,1204,1,0,2,0,2,1,1,5,1,0,Attchd,2.0,412,2.0,2.0,2,0,247,0,0,0,0,0,6,WD,Normal,162000,0,11,0
777,20,RL,86.0,11210,Pave,2,Lvl,AllPub,Inside,2,0,Norm,Norm,1Fam,1Story,7,5,Gable,CompShg,VinylSd,VinylSd,240.0,2,2,PConc,2.0,2.0,2.0,5.0,20,1.0,0,1594,1614,GasA,4,1,SBrkr,0,0,1614,0,0,2,0,3,1,2,7,1,0,Attchd,1.0,865,2.0,2.0,2,144,59,0,0,0,0,0,7,New,Partial,221500,1,0,0
778,20,RL,100.0,13350,Pave,2,Lvl,AllPub,Inside,2,2,Norm,Norm,1Fam,1Story,5,5,Hip,CompShg,HdBoard,Plywood,0.0,1,2,CBlock,1.0,2.0,0.0,4.0,762,1.0,0,102,864,GasA,2,1,SBrkr,0,0,894,1,0,1,0,3,1,1,5,1,1,Attchd,0.0,440,2.0,2.0,2,241,0,0,0,0,0,0,6,WD,Normal,142500,0,32,0
779,90,RH,60.0,8400,Pave,3,Lvl,AllPub,Inside,2,2,Feedr,Norm,Duplex,1Story,5,5,Gable,CompShg,Plywood,Plywood,320.0,1,2,Slab,,,,,0,,0,0,0,GasA,2,1,SBrkr,0,0,2020,0,0,2,0,4,2,1,10,1,2,Detchd,0.0,630,2.0,2.0,2,0,0,0,0,0,0,0,10,WD,Normal,144000,0,30,0
780,90,RL,78.0,10530,Pave,3,Lvl,AllPub,Inside,2,1,Norm,Norm,Duplex,SFoyer,6,5,Gable,CompShg,Plywood,ImStucc,90.0,1,2,CBlock,2.0,2.0,3.0,5.0,975,1.0,0,0,975,GasA,2,1,SBrkr,0,0,1004,1,0,1,0,2,1,1,4,1,0,Attchd,0.0,504,2.0,2.0,2,0,0,0,0,0,0,0,5,WD,Normal,135000,0,29,0
781,20,RL,63.0,7875,Pave,3,Lvl,AllPub,Inside,2,3,Norm,Norm,1Fam,1Story,7,5,Gable,CompShg,HdBoard,HdBoard,38.0,1,2,PConc,2.0,3.0,0.0,0.0,0,1.0,0,1237,1237,GasA,3,1,SBrkr,0,0,1253,0,0,2,0,3,1,1,6,1,1,Attchd,2.0,402,2.0,2.0,2,220,21,0,0,0,0,0,6,WD,Normal,176000,1,11,0
782,60,RL,65.0,7153,Pave,3,Lvl,AllPub,Inside,2,2,Norm,Norm,1Fam,2Story,6,5,Gable,CompShg,VinylSd,VinylSd,0.0,2,3,PConc,2.0,2.0,0.0,4.0,387,1.0,0,374,761,GasA,4,1,SBrkr,793,0,1603,0,0,2,1,3,1,2,7,1,0,Attchd,1.0,484,2.0,2.0,2,0,124,0,0,0,0,0,7,WD,Normal,175900,0,14,0
783,20,RL,67.0,16285,Pave,1,Lvl,AllPub,Inside,2,0,Norm,Norm,1Fam,1Story,7,5,Gable,CompShg,VinylSd,VinylSd,0.0,2,2,PConc,2.0,2.0,0.0,0.0,0,1.0,0,1413,1413,GasA,4,1,SBrkr,0,0,1430,0,0,2,0,3,1,2,6,1,0,Attchd,1.0,605,2.0,2.0,2,0,33,0,0,0,0,0,6,WD,Normal,187100,1,7,0
784,85,RL,,9101,Pave,2,Lvl,AllPub,Corner,2,1,Norm,Norm,1Fam,SFoyer,5,6,Gable,CompShg,Plywood,Plywood,104.0,1,3,PConc,2.0,2.0,2.0,5.0,1097,1.0,0,0,1097,GasA,4,1,SBrkr,0,0,1110,1,0,1,0,1,1,2,4,1,1,Attchd,2.0,602,2.0,2.0,2,303,30,0,0,0,0,0,7,WD,Normal,165500,0,31,0
785,75,RM,35.0,6300,Pave,3,Lvl,AllPub,Inside,2,1,Norm,Norm,1Fam,2.5Unf,6,6,Gable,CompShg,Wd Sdng,Wd Shng,0.0,1,2,CBlock,1.0,2.0,0.0,0.0,0,1.0,0,742,742,GasA,4,1,SBrkr,742,0,1484,0,0,2,0,3,1,1,9,1,1,,,0,,,2,0,291,134,0,0,0,0,6,WD,Normal,128000,1,7,0
786,20,RL,,9790,Pave,3,Lvl,AllPub,Inside,2,1,Feedr,Norm,1Fam,1Story,6,5,Gable,CompShg,BrkFace,Wd Sdng,0.0,1,2,CBlock,1.0,2.0,0.0,2.0,251,0.0,630,491,1372,GasA,2,1,SBrkr,0,0,1342,0,0,2,0,3,1,1,7,1,1,Attchd,0.0,457,2.0,2.0,2,0,0,0,0,197,0,0,9,WD,Normal,161500,0,42,0
787,50,RM,60.0,10800,Pave,3,Lvl,AllPub,Inside,2,1,Artery,Norm,1Fam,1.5Fin,5,6,Gable,CompShg,MetalSd,MetalSd,0.0,1,3,PConc,0.0,2.0,0.0,1.0,686,1.0,0,0,686,GasA,2,1,SBrkr,686,0,1652,1,0,2,0,4,1,1,7,1,0,Detchd,0.0,416,2.0,2.0,2,0,0,196,0,0,0,1200,6,WD,Normal,139000,1,60,0
788,60,RL,76.0,10142,Pave,2,Lvl,AllPub,Inside,2,2,Norm,Norm,1Fam,2Story,7,5,Gable,CompShg,VinylSd,VinylSd,0.0,2,2,PConc,2.0,2.0,0.0,5.0,656,1.0,0,300,956,GasA,4,1,SBrkr,1128,0,2084,1,0,2,1,4,1,2,8,1,0,BuiltIn,1.0,618,2.0,2.0,2,0,45,0,0,0,0,0,1,WD,Normal,233000,0,6,0
789,20,RM,50.0,6000,Pave,3,Lvl,AllPub,Corner,2,1,Norm,Norm,1Fam,1Story,4,7,Gable,CompShg,MetalSd,MetalSd,0.0,1,2,CBlock,1.0,2.0,0.0,0.0,0,1.0,0,901,901,GasA,4,1,SBrkr,0,0,901,0,0,1,0,2,1,1,4,1,0,Detchd,0.0,281,1.0,2.0,2,0,0,0,0,0,0,0,8,WD,Normal,107900,1,8,0
790,60,RL,,12205,Pave,2,Low,AllPub,Inside,2,3,Norm,Norm,1Fam,2Story,6,8,Gable,CompShg,HdBoard,HdBoard,157.0,1,2,CBlock,1.0,1.0,3.0,1.0,568,1.0,0,264,832,GasA,3,1,SBrkr,1111,0,2087,0,0,2,1,5,1,2,9,1,0,Attchd,2.0,444,2.0,2.0,2,133,168,0,0,0,0,0,7,WD,Normal,187500,1,0,0
791,120,RL,43.0,3182,Pave,3,Lvl,AllPub,Inside,2,3,Norm,Norm,TwnhsE,1Story,7,5,Gable,CompShg,VinylSd,VinylSd,11.0,2,2,PConc,2.0,2.0,0.0,5.0,16,1.0,0,1129,1145,GasA,4,1,SBrkr,0,0,1145,0,0,2,0,2,1,2,5,1,1,Attchd,2.0,397,2.0,2.0,2,100,16,0,0,0,0,0,9,WD,Normal,160200,1,3,0
792,80,RL,,11333,Pave,2,Lvl,AllPub,Corner,2,1,Norm,Norm,1Fam,SLvl,6,5,Gable,CompShg,HdBoard,HdBoard,0.0,1,2,PConc,2.0,2.0,2.0,4.0,539,1.0,0,490,1029,GasA,2,1,SBrkr,0,0,1062,1,0,1,0,3,1,1,5,1,2,Attchd,1.0,539,2.0,2.0,2,120,0,0,0,0,0,0,5,WD,Normal,146800,0,31,0
793,60,RL,92.0,9920,Pave,2,Lvl,AllPub,CulDSac,2,1,Norm,Norm,1Fam,2Story,7,5,Gable,CompShg,MetalSd,MetalSd,0.0,2,2,PConc,2.0,2.0,2.0,5.0,862,1.0,0,255,1117,GasA,4,1,SBrkr,886,0,2013,1,0,2,1,3,1,1,8,1,1,Attchd,0.0,455,2.0,2.0,2,180,130,0,0,0,0,0,6,WD,Normal,269790,1,10,0
794,20,RL,76.0,9158,Pave,3,Lvl,AllPub,Inside,2,1,Norm,Norm,1Fam,1Story,8,5,Gable,CompShg,CemntBd,CmentBd,140.0,2,2,PConc,2.0,2.0,2.0,0.0,0,1.0,0,1496,1496,GasA,4,1,SBrkr,0,0,1496,0,0,2,0,3,1,2,7,1,0,Attchd,2.0,474,2.0,2.0,2,168,130,0,0,0,0,0,6,New,Partial,225000,0,0,1
795,60,RL,,10832,Pave,2,Lvl,AllPub,Corner,2,3,Norm,Norm,1Fam,2Story,7,5,Gable,CompShg,MetalSd,MetalSd,0.0,2,2,PConc,2.0,2.0,0.0,0.0,0,1.0,0,712,712,GasA,4,1,SBrkr,809,0,1895,0,0,2,1,3,1,2,7,1,1,Attchd,2.0,409,2.0,2.0,2,143,46,0,0,0,0,500,10,WD,Normal,194500,1,12,0
796,60,RL,70.0,8400,Pave,3,Lvl,AllPub,Inside,2,2,Norm,Norm,1Fam,2Story,6,6,Gable,CompShg,HdBoard,HdBoard,130.0,1,2,CBlock,2.0,2.0,0.0,0.0,0,1.0,0,650,650,GasA,2,1,SBrkr,676,0,1564,0,0,2,1,3,1,1,7,1,1,Attchd,0.0,476,2.0,2.0,2,0,50,0,0,204,0,0,4,WD,Normal,171000,1,29,0
797,20,RL,71.0,8197,Pave,3,Lvl,AllPub,Inside,2,2,Norm,Norm,1Fam,1Story,6,5,Gable,CompShg,Plywood,Plywood,148.0,1,2,CBlock,1.0,2.0,0.0,0.0,0,1.0,0,660,660,GasA,4,1,SBrkr,0,0,1285,0,0,1,1,3,1,1,7,1,1,Attchd,1.0,528,2.0,2.0,2,138,0,0,0,0,0,0,4,WD,Normal,143500,0,30,0
798,20,RL,57.0,7677,Pave,3,Lvl,AllPub,Inside,2,2,Norm,Norm,1Fam,1Story,5,5,Gable,CompShg,VinylSd,VinylSd,0.0,1,2,CBlock,1.0,2.0,0.0,3.0,570,1.0,0,203,773,GasA,3,1,SBrkr,0,0,773,0,0,1,0,2,1,1,4,1,0,Attchd,0.0,240,2.0,2.0,2,0,0,0,0,0,0,0,4,WD,Abnorml,110000,0,55,0
799,60,RL,104.0,13518,Pave,3,Lvl,AllPub,Inside,2,2,Norm,Norm,1Fam,2Story,9,5,Hip,CompShg,VinylSd,VinylSd,860.0,3,2,PConc,3.0,2.0,0.0,0.0,0,1.0,0,1926,1926,GasA,4,1,SBrkr,1174,0,3140,0,0,3,1,4,1,3,11,1,2,BuiltIn,2.0,820,2.0,2.0,2,144,78,0,0,0,0,0,7,New,Partial,485000,1,0,0
800,50,RL,60.0,7200,Pave,3,Lvl,AllPub,Corner,2,3,Feedr,Norm,1Fam,1.5Fin,5,7,Gable,CompShg,Wd Sdng,Wd Sdng,252.0,1,2,BrkTil,2.0,2.0,0.0,4.0,569,1.0,0,162,731,GasA,4,1,SBrkr,787,0,1768,1,0,1,1,3,1,2,7,1,2,Detchd,0.0,240,2.0,2.0,2,0,0,264,0,0,0,0,6,WD,Normal,175000,1,57,0
801,60,RL,79.0,12798,Pave,2,HLS,AllPub,Inside,1,3,Feedr,Norm,1Fam,2Story,6,5,Gable,CompShg,VinylSd,VinylSd,0.0,1,2,PConc,2.0,2.0,3.0,5.0,462,1.0,0,154,616,GasA,3,1,SBrkr,1072,0,1688,1,0,2,1,4,1,2,8,1,0,Attchd,1.0,603,2.0,2.0,2,403,114,185,0,0,0,400,5,WD,Normal,200000,0,11,0
802,30,RM,40.0,4800,Pave,3,Lvl,AllPub,Inside,2,2,Norm,Norm,1Fam,1Story,4,7,Gable,CompShg,MetalSd,MetalSd,0.0,1,2,CBlock,1.0,2.0,0.0,1.0,197,1.0,0,999,1196,GasA,4,1,FuseA,0,0,1196,1,0,1,0,2,1,1,5,1,0,Detchd,0.0,440,2.0,2.0,2,0,0,0,0,0,0,0,7,WD,Normal,109900,1,17,0
803,60,RL,63.0,8199,Pave,3,Lvl,AllPub,Inside,2,0,Norm,Norm,1Fam,2Story,7,5,Gable,CompShg,WdShing,Wd Shng,0.0,2,2,PConc,2.0,2.0,2.0,5.0,648,1.0,0,80,728,GasA,4,1,SBrkr,728,0,1456,1,0,2,1,3,1,2,7,1,1,Attchd,2.0,410,2.0,2.0,2,36,18,0,0,0,0,0,10,WD,Normal,189000,0,3,0
804,60,RL,107.0,13891,Pave,3,Lvl,AllPub,Inside,2,2,Norm,Norm,1Fam,2Story,9,5,Hip,CompShg,VinylSd,VinylSd,424.0,3,2,PConc,3.0,2.0,3.0,0.0,0,1.0,0,1734,1734,GasA,4,1,SBrkr,1088,0,2822,0,0,3,1,4,1,3,12,1,1,BuiltIn,1.0,1020,2.0,2.0,2,52,170,0,0,192,0,0,1,New,Partial,582933,1,0,0
805,20,RL,75.0,9000,Pave,3,Lvl,AllPub,Inside,2,2,Norm,Norm,1Fam,1Story,5,5,Gable,CompShg,Wd Sdng,Wd Sdng,0.0,1,2,CBlock,1.0,2.0,0.0,1.0,812,1.0,0,124,936,GasA,2,1,SBrkr,0,0,1128,0,0,1,0,2,1,1,5,6,0,Attchd,0.0,286,2.0,2.0,2,0,0,0,0,0,0,0,6,WD,Family,118000,0,52,0
806,20,RL,91.0,12274,Pave,2,Lvl,AllPub,FR2,2,1,Norm,Norm,1Fam,1Story,7,5,Gable,CompShg,VinylSd,VinylSd,256.0,2,2,PConc,2.0,2.0,0.0,0.0,0,1.0,0,1417,1417,GasA,4,1,SBrkr,0,0,1428,0,0,2,0,3,1,3,6,1,0,Attchd,1.0,554,2.0,2.0,2,0,60,0,0,0,0,0,7,New,Partial,227680,0,0,1
807,80,RL,75.0,9750,Pave,3,Lvl,AllPub,Inside,2,2,Norm,Norm,1Fam,SLvl,5,5,Gable,CompShg,VinylSd,VinylSd,0.0,1,2,PConc,1.0,2.0,2.0,4.0,400,2.0,480,100,980,GasA,3,1,SBrkr,0,0,980,0,0,2,0,3,1,1,6,1,0,Attchd,2.0,384,2.0,2.0,2,68,0,0,0,0,0,0,10,WD,Normal,135500,0,39,0
808,70,RL,144.0,21384,Pave,3,Lvl,AllPub,Inside,2,1,Norm,Norm,1Fam,2Story,5,6,Gable,CompShg,Wd Sdng,Wd Sdng,0.0,1,2,CBlock,1.0,2.0,3.0,5.0,1309,1.0,0,15,1324,GasA,4,1,SBrkr,504,0,1576,2,0,1,1,3,1,2,6,1,1,Attchd,1.0,528,2.0,2.0,2,0,312,0,0,0,0,0,5,WD,Normal,223500,1,5,0
809,80,RL,85.0,13400,Pave,3,Lvl,AllPub,Inside,2,2,Norm,Norm,1Fam,SLvl,5,5,Gable,CompShg,VinylSd,VinylSd,1047.0,1,2,CBlock,1.0,2.0,2.0,4.0,516,3.0,128,380,1024,GasA,2,1,SBrkr,0,0,1086,1,0,1,0,3,1,1,6,1,1,Attchd,1.0,484,2.0,2.0,2,0,0,0,0,0,0,0,6,WD,Normal,159950,0,40,0
810,75,RM,90.0,8100,Pave,3,Lvl,AllPub,Corner,2,1,Norm,Norm,1Fam,2.5Unf,5,5,Hip,CompShg,AsbShng,AsbShng,0.0,1,2,PConc,1.0,2.0,0.0,0.0,0,1.0,0,849,849,GasA,2,0,FuseA,1063,0,2138,0,0,2,0,2,3,1,11,1,0,Detchd,0.0,360,1.0,0.0,0,40,156,0,0,0,0,0,11,WD,Normal,106000,1,44,0
811,20,RL,78.0,10140,Pave,3,Lvl,AllPub,Inside,2,1,Norm,Norm,1Fam,1Story,6,6,Hip,CompShg,HdBoard,HdBoard,99.0,1,2,CBlock,1.0,2.0,0.0,4.0,663,0.0,377,0,1040,GasA,1,1,SBrkr,0,0,1309,1,0,1,1,3,1,2,5,1,1,Attchd,1.0,484,2.0,2.0,2,265,0,0,0,0,648,0,1,WD,Normal,181000,1,7,0
812,120,RM,,4438,Pave,3,Lvl,AllPub,Inside,2,0,Norm,Norm,TwnhsE,1Story,6,5,Gable,CompShg,VinylSd,VinylSd,169.0,2,2,PConc,2.0,2.0,3.0,5.0,662,1.0,0,186,848,GasA,4,1,SBrkr,0,0,848,1,0,1,0,1,1,2,4,1,1,Attchd,2.0,420,2.0,2.0,2,140,0,0,0,0,0,0,6,ConLD,Normal,144500,0,4,0
813,20,C (all),66.0,8712,Grvl,3,Bnk,AllPub,Inside,1,2,Norm,Norm,1Fam,1Story,5,5,Hip,CompShg,Wd Sdng,Wd Sdng,0.0,0,2,CBlock,1.0,2.0,2.0,0.0,0,1.0,0,540,540,GasA,2,0,FuseA,0,0,1044,0,0,1,0,2,1,0,4,1,0,Basment,0.0,504,2.0,2.0,0,0,0,0,0,0,0,54,6,WD,Alloca,55993,0,58,0
814,20,RL,75.0,9750,Pave,3,Lvl,AllPub,Inside,2,2,Norm,Norm,1Fam,1Story,6,6,Gable,CompShg,MetalSd,MetalSd,243.0,1,2,CBlock,1.0,2.0,0.0,2.0,608,1.0,0,834,1442,GasA,3,1,SBrkr,0,0,1442,0,0,1,1,4,1,1,7,1,0,Attchd,1.0,301,2.0,2.0,2,0,0,275,0,0,0,500,4,COD,Normal,157900,0,49,0
815,50,RL,45.0,8248,Pave,3,Lvl,AllPub,Inside,2,3,Norm,Norm,1Fam,1.5Fin,5,7,Gable,CompShg,Stucco,Stucco,0.0,1,2,BrkTil,1.0,2.0,0.0,0.0,0,1.0,0,686,686,GasW,3,1,SBrkr,564,0,1250,0,1,1,1,3,1,0,7,1,0,Detchd,0.0,280,2.0,2.0,1,207,0,96,0,0,0,0,7,WD,Normal,116000,1,56,0
816,20,RL,48.0,12137,Pave,1,Lvl,AllPub,CulDSac,2,0,Norm,Norm,1Fam,1Story,7,5,Gable,CompShg,VinylSd,VinylSd,442.0,1,2,PConc,2.0,2.0,0.0,0.0,0,1.0,0,1649,1649,GasA,4,1,SBrkr,0,0,1661,0,0,2,0,3,1,2,6,1,0,Attchd,1.0,598,2.0,2.0,2,0,34,0,0,0,0,0,5,WD,Normal,224900,0,12,0
817,20,RL,,11425,Pave,2,Lvl,AllPub,Corner,2,2,Norm,Norm,1Fam,1Story,5,6,Gable,CompShg,BrkFace,BrkFace,0.0,1,2,CBlock,1.0,2.0,0.0,3.0,486,1.0,0,522,1008,GasA,3,1,SBrkr,0,0,1008,0,0,1,0,2,1,1,4,1,1,Attchd,1.0,275,2.0,2.0,2,0,0,120,0,0,0,0,7,WD,Normal,137000,0,52,0
818,20,RL,,13265,Pave,2,Lvl,AllPub,CulDSac,2,1,Norm,Norm,1Fam,1Story,8,5,Hip,CompShg,CemntBd,CmentBd,148.0,2,2,PConc,2.0,2.0,0.0,5.0,1218,1.0,0,350,1568,GasA,4,1,SBrkr,0,0,1689,1,0,2,0,3,1,2,7,1,2,Attchd,1.0,857,2.0,2.0,2,150,59,0,0,0,0,0,7,WD,Normal,271000,0,6,0
819,80,RL,80.0,8816,Pave,3,Lvl,AllPub,Inside,2,3,Norm,Norm,1Fam,SLvl,6,7,Gable,CompShg,HdBoard,HdBoard,80.0,1,2,CBlock,1.0,2.0,2.0,5.0,504,1.0,0,506,1010,GasA,3,1,SBrkr,0,0,1052,1,0,1,0,3,1,1,6,1,0,Attchd,0.0,440,2.0,2.0,2,0,0,0,0,0,0,0,6,WD,Normal,155000,0,39,0
820,120,RL,44.0,6371,Pave,2,Lvl,AllPub,Inside,2,2,Norm,Norm,TwnhsE,1Story,7,5,Gable,CompShg,VinylSd,VinylSd,128.0,2,2,PConc,2.0,2.0,1.0,5.0,733,1.0,0,625,1358,GasA,4,1,SBrkr,0,0,1358,1,0,2,0,2,1,2,6,1,1,Attchd,1.0,484,2.0,2.0,2,192,35,0,0,0,0,0,6,New,Partial,224000,1,0,0
821,60,RL,72.0,7226,Pave,2,Lvl,AllPub,CulDSac,2,0,Norm,Norm,1Fam,2Story,7,5,Gable,CompShg,VinylSd,VinylSd,0.0,2,2,PConc,2.0,2.0,0.0,0.0,0,1.0,0,798,798,GasA,4,1,SBrkr,842,0,1640,0,0,2,1,3,1,2,6,1,0,Attchd,1.0,595,2.0,2.0,2,0,45,0,0,0,0,0,6,WD,Normal,183000,0,5,0
822,20,RM,60.0,6000,Pave,3,Bnk,AllPub,Inside,1,1,Norm,Norm,2fmCon,1Story,4,4,Gable,CompShg,MetalSd,MetalSd,0.0,0,2,CBlock,0.0,2.0,0.0,0.0,0,1.0,0,936,936,GasA,2,0,SBrkr,0,0,936,0,0,1,0,2,1,1,4,5,0,Detchd,0.0,576,2.0,2.0,2,0,32,112,0,0,0,0,2,WD,Normal,93000,0,56,0
823,60,RL,,12394,Pave,2,Lvl,AllPub,Corner,2,3,Norm,Norm,1Fam,2Story,7,5,Gable,CompShg,VinylSd,VinylSd,0.0,2,2,PConc,2.0,2.0,3.0,0.0,0,1.0,0,847,847,GasA,4,1,SBrkr,886,0,1733,0,0,2,1,3,1,2,7,1,1,BuiltIn,2.0,433,2.0,2.0,2,100,48,0,0,0,0,0,10,WD,Family,225000,0,4,0
824,50,RL,60.0,9900,Pave,3,Lvl,AllPub,Inside,2,3,Norm,Norm,1Fam,1.5Fin,6,7,Gable,CompShg,VinylSd,VinylSd,0.0,1,2,BrkTil,1.0,2.0,0.0,0.0,0,1.0,0,778,778,GasA,2,1,SBrkr,545,0,1489,0,0,2,0,3,1,1,7,1,1,Detchd,0.0,240,2.0,2.0,2,335,0,0,0,0,0,0,7,WD,Normal,139500,1,59,0
825,20,FV,81.0,11216,Pave,3,Lvl,AllPub,Inside,2,1,Norm,Norm,1Fam,1Story,8,5,Gable,CompShg,VinylSd,VinylSd,0.0,2,2,PConc,2.0,3.0,0.0,0.0,0,1.0,0,1489,1489,GasA,4,1,SBrkr,0,0,1489,0,0,2,0,3,1,2,7,1,1,Attchd,1.0,776,2.0,2.0,2,0,140,0,0,0,0,0,6,New,Partial,232600,0,0,1
826,20,RL,114.0,14803,Pave,3,Lvl,AllPub,Inside,2,2,PosN,PosN,1Fam,1Story,10,5,Hip,CompShg,CemntBd,CmentBd,816.0,3,2,PConc,3.0,2.0,2.0,5.0,1636,1.0,0,442,2078,GasA,4,1,SBrkr,0,0,2084,1,0,2,0,2,1,3,7,1,1,Attchd,2.0,1220,2.0,2.0,2,188,45,0,0,0,0,0,6,New,Partial,385000,1,0,0
827,45,RM,50.0,6130,Pave,3,Lvl,AllPub,Inside,2,1,Norm,Norm,1Fam,1.5Unf,5,6,Gable,CompShg,MetalSd,MetalSd,0.0,1,2,BrkTil,1.0,2.0,0.0,4.0,784,1.0,0,0,784,GasA,3,1,SBrkr,0,0,784,1,0,1,0,2,1,2,5,1,0,,,0,,,2,0,0,116,0,0,0,0,5,WD,Normal,109500,1,58,0
828,20,RL,65.0,8529,Pave,2,Lvl,AllPub,Inside,2,2,Norm,Norm,1Fam,1Story,7,5,Gable,CompShg,VinylSd,VinylSd,0.0,2,2,PConc,2.0,2.0,0.0,5.0,20,1.0,0,1434,1454,GasA,4,1,SBrkr,0,0,1434,0,0,2,0,3,1,2,6,1,1,Attchd,1.0,527,2.0,2.0,2,290,39,0,0,0,0,0,4,WD,Normal,189000,0,8,0
829,60,RL,,28698,Pave,1,Low,AllPub,CulDSac,0,3,Norm,Norm,1Fam,2Story,5,5,Flat,Tar&Grv,Plywood,Plywood,0.0,1,2,PConc,1.0,3.0,3.0,1.0,249,4.0,764,0,1013,GasA,2,1,SBrkr,966,0,2126,0,1,2,1,3,1,1,7,5,0,Attchd,2.0,538,2.0,2.0,2,486,0,0,0,225,0,0,6,WD,Abnorml,185000,0,42,0
830,160,FV,24.0,2544,Pave,3,Lvl,AllPub,Inside,2,1,Norm,Norm,Twnhs,2Story,7,5,Gable,CompShg,MetalSd,MetalSd,0.0,2,2,PConc,2.0,2.0,0.0,0.0,0,1.0,0,600,600,GasA,4,1,SBrkr,623,80,1223,0,0,2,1,2,1,2,4,1,0,Detchd,1.0,480,2.0,2.0,2,0,166,0,0,0,0,0,7,WD,Normal,147400,0,1,0
831,20,RL,80.0,11900,Pave,2,Lvl,AllPub,Corner,2,2,Norm,Norm,1Fam,1Story,6,5,Gable,CompShg,HdBoard,HdBoard,387.0,1,2,CBlock,1.0,2.0,0.0,2.0,1040,1.0,0,352,1392,GasA,2,1,FuseA,0,0,1392,1,0,1,1,3,1,1,6,1,2,Attchd,1.0,458,2.0,2.0,2,0,0,0,0,192,0,0,6,WD,Normal,166000,0,51,0
832,160,FV,30.0,3180,Pave,3,Lvl,AllPub,Inside,2,1,Norm,Norm,TwnhsE,2Story,7,5,Gable,CompShg,MetalSd,MetalSd,0.0,1,2,PConc,2.0,2.0,0.0,0.0,0,1.0,0,600,600,GasA,4,1,SBrkr,600,80,1200,0,0,2,1,2,1,2,4,1,0,Detchd,1.0,480,2.0,2.0,2,0,166,0,0,0,0,0,6,WD,Normal,151000,0,1,0
833,60,RL,44.0,9548,Pave,2,Lvl,AllPub,CulDSac,2,0,Norm,Norm,1Fam,2Story,7,6,Gable,CompShg,VinylSd,VinylSd,223.0,2,2,PConc,2.0,2.0,0.0,5.0,483,1.0,0,458,941,GasA,4,1,SBrkr,888,0,1829,1,0,2,1,3,1,2,7,1,1,Attchd,1.0,613,2.0,2.0,2,192,39,0,0,0,0,0,1,WD,Normal,237000,0,7,0
834,20,RL,100.0,10004,Pave,3,Lvl,AllPub,Inside,2,2,Norm,Norm,1Fam,1Story,6,6,Gable,CompShg,HdBoard,Plywood,180.0,1,2,CBlock,1.0,2.0,0.0,2.0,196,3.0,345,975,1516,GasA,2,1,SBrkr,0,0,1516,0,0,1,1,3,1,1,6,1,0,Attchd,1.0,472,2.0,2.0,2,0,0,0,0,152,0,0,2,WD,Normal,167000,0,45,0
835,20,RL,75.0,7875,Pave,3,Lvl,AllPub,Inside,2,2,Norm,Norm,1Fam,1Story,5,6,Gable,CompShg,VinylSd,VinylSd,136.0,1,2,CBlock,1.0,2.0,0.0,2.0,572,1.0,0,572,1144,GasA,3,1,SBrkr,0,0,1144,1,0,1,0,3,1,1,6,1,0,Attchd,0.0,456,2.0,2.0,2,0,0,0,0,0,0,0,9,WD,Normal,139950,0,47,0
836,20,RL,60.0,9600,Pave,3,Lvl,AllPub,Inside,2,2,Norm,Norm,1Fam,1Story,4,7,Gable,CompShg,VinylSd,HdBoard,0.0,1,2,CBlock,2.0,2.0,0.0,3.0,442,1.0,0,625,1067,GasA,2,1,SBrkr,0,0,1067,0,0,2,0,2,1,2,4,5,0,Attchd,0.0,436,2.0,2.0,2,290,0,0,0,0,0,0,2,WD,Normal,128000,1,15,0
837,30,RM,90.0,8100,Pave,3,Lvl,AllPub,Inside,2,1,Norm,Norm,1Fam,1Story,5,6,Gable,CompShg,VinylSd,VinylSd,0.0,1,2,BrkTil,1.0,2.0,0.0,2.0,338,1.0,0,1221,1559,GasA,3,1,SBrkr,0,0,1559,1,0,1,0,2,1,1,5,5,0,Detchd,0.0,812,2.0,2.0,2,0,116,230,0,0,0,0,6,COD,Normal,153500,1,34,0
838,160,RM,21.0,1680,Pave,3,Lvl,AllPub,Inside,2,3,Norm,Norm,Twnhs,2Story,6,5,Gable,CompShg,HdBoard,HdBoard,158.0,1,2,CBlock,1.0,2.0,0.0,3.0,330,1.0,0,153,483,GasA,2,1,SBrkr,504,0,987,1,0,1,1,2,1,1,5,1,0,Detchd,0.0,264,2.0,2.0,2,0,0,0,0,0,0,0,11,WD,Normal,100000,0,35,0
839,20,RL,75.0,9525,Pave,3,Lvl,AllPub,Inside,2,0,Norm,Norm,1Fam,1Story,5,6,Gable,CompShg,VinylSd,VinylSd,0.0,1,2,PConc,2.0,2.0,0.0,0.0,0,1.0,0,1099,1099,GasA,4,1,SBrkr,0,0,1099,0,0,1,1,3,1,2,6,1,0,Attchd,0.0,352,2.0,2.0,2,278,0,0,0,0,0,0,6,WD,Normal,144000,1,2,0
840,50,RL,70.0,11767,Pave,3,Lvl,AllPub,Inside,2,3,Norm,Norm,1Fam,1.5Fin,5,6,Gable,CompShg,MetalSd,MetalSd,0.0,1,2,CBlock,1.0,2.0,0.0,3.0,352,1.0,0,416,768,GasA,4,1,SBrkr,432,0,1200,0,0,1,0,3,1,1,6,1,0,Detchd,0.0,240,2.0,2.0,2,0,0,0,0,0,0,0,5,WD,Normal,130500,1,13,0
841,70,RH,,12155,Pave,2,Lvl,AllPub,Inside,2,3,Norm,Norm,1Fam,2Story,6,8,Gable,CompShg,Wd Sdng,Wd Sdng,0.0,1,2,BrkTil,1.0,2.0,0.0,3.0,156,1.0,0,516,672,GasA,2,0,SBrkr,672,0,1482,0,0,2,0,4,1,0,7,1,0,Detchd,0.0,400,2.0,2.0,1,0,0,254,0,0,0,0,3,WD,Normal,140000,1,58,0
842,70,RM,60.0,10440,Pave,3,Lvl,AllPub,Inside,2,1,Norm,Norm,1Fam,2Story,5,8,Gable,CompShg,MetalSd,MetalSd,0.0,1,2,PConc,1.0,2.0,0.0,0.0,0,1.0,0,650,650,GasA,3,1,SBrkr,581,0,1539,0,0,2,0,3,1,2,8,1,1,Detchd,0.0,686,3.0,2.0,1,70,78,68,0,0,0,0,6,WD,Normal,157500,1,6,0
843,80,RL,82.0,9020,Pave,3,Lvl,AllPub,Inside,2,2,Norm,Norm,1Fam,SLvl,6,7,Gable,CompShg,HdBoard,HdBoard,183.0,1,2,CBlock,1.0,2.0,3.0,2.0,312,4.0,539,276,1127,GasA,2,1,SBrkr,0,0,1165,1,0,1,1,3,1,1,6,1,0,Attchd,1.0,490,3.0,3.0,2,0,129,0,0,0,0,0,5,WD,Normal,174900,0,42,0
844,90,RL,80.0,8000,Pave,3,Lvl,AllPub,Corner,2,2,Artery,Norm,Duplex,1Story,5,4,Gable,CompShg,BrkFace,BrkFace,0.0,1,2,CBlock,1.0,2.0,0.0,0.0,0,1.0,0,1800,1800,GasA,4,0,SBrkr,0,0,1800,0,0,2,0,6,2,1,10,1,0,,,0,,,2,0,0,0,0,0,0,0,7,WD,Normal,141000,0,46,0
845,50,RM,100.0,12665,Pave,2,Lvl,AllPub,Inside,2,1,Artery,Norm,1Fam,1.5Fin,5,8,Gable,CompShg,Wd Sdng,Wd Sdng,0.0,1,2,BrkTil,1.0,2.0,1.0,0.0,0,1.0,0,876,876,GasA,3,1,SBrkr,540,0,1416,0,0,1,1,4,1,1,7,1,1,Detchd,0.0,720,2.0,2.0,2,418,0,194,0,0,0,0,6,WD,Normal,153900,1,58,0
846,85,RL,,16647,Pave,2,Lvl,AllPub,CulDSac,2,2,RRAe,Norm,1Fam,SFoyer,5,5,Gable,CompShg,HdBoard,HdBoard,0.0,1,2,CBlock,2.0,2.0,3.0,4.0,1390,1.0,0,0,1390,GasA,2,1,SBrkr,0,0,1701,1,0,2,0,3,1,1,6,5,2,Basment,2.0,611,2.0,2.0,2,0,0,0,0,0,0,0,1,WD,Normal,171000,1,26,0
847,60,RL,75.0,9317,Pave,3,Lvl,AllPub,Inside,2,2,Norm,Norm,1Fam,2Story,7,5,Gable,CompShg,HdBoard,HdBoard,137.0,2,2,PConc,2.0,2.0,0.0,4.0,513,1.0,0,227,740,GasA,4,1,SBrkr,769,0,1775,1,0,2,1,3,1,2,7,1,1,Attchd,0.0,425,2.0,2.0,2,234,72,192,0,0,0,0,7,WD,Normal,213000,0,16,0
848,20,RL,36.0,15523,Pave,2,Lvl,AllPub,CulDSac,2,0,Norm,Norm,1Fam,1Story,5,6,Gable,CompShg,HdBoard,Plywood,0.0,1,2,CBlock,1.0,2.0,2.0,3.0,460,1.0,0,404,864,GasA,4,1,SBrkr,0,0,864,1,0,1,0,3,1,1,5,1,1,Attchd,0.0,338,2.0,2.0,2,0,0,0,0,0,0,0,8,WD,Normal,133500,0,37,0
849,50,RL,75.0,45600,Pave,1,Bnk,AllPub,Inside,2,3,Norm,Norm,1Fam,1.5Fin,6,8,Gable,CompShg,Wd Sdng,Wd Sdng,0.0,1,2,BrkTil,1.0,2.0,0.0,0.0,0,1.0,0,907,907,GasA,2,1,SBrkr,1051,0,2358,0,0,3,0,5,1,1,10,1,1,Detchd,0.0,360,1.0,2.0,2,486,40,0,0,175,0,0,9,WD,Normal,240000,1,11,0
850,80,RL,80.0,9600,Pave,3,Lvl,AllPub,FR2,2,0,Feedr,Norm,1Fam,SLvl,6,7,Hip,CompShg,Plywood,Plywood,360.0,2,3,CBlock,1.0,2.0,0.0,0.0,0,1.0,0,528,528,GasA,4,1,SBrkr,761,0,1855,0,0,2,1,3,1,1,7,1,1,Attchd,1.0,512,2.0,2.0,2,113,100,0,0,0,0,0,8,WD,Normal,187000,1,13,0
851,120,RM,36.0,4435,Pave,3,Lvl,AllPub,Inside,2,0,Norm,Norm,TwnhsE,1Story,6,5,Gable,CompShg,VinylSd,VinylSd,170.0,2,2,PConc,2.0,2.0,2.0,5.0,659,1.0,0,189,848,GasA,4,1,SBrkr,0,0,848,1,0,1,0,1,1,2,3,1,0,Attchd,2.0,420,2.0,2.0,2,140,0,0,0,0,0,0,11,WD,Normal,131500,0,4,0
852,120,RL,,3196,Pave,3,Lvl,AllPub,Inside,2,3,Norm,Norm,TwnhsE,1Story,8,5,Gable,CompShg,VinylSd,VinylSd,40.0,2,2,PConc,2.0,2.0,3.0,0.0,0,1.0,0,1273,1273,GasA,4,1,SBrkr,0,0,1456,0,0,2,0,2,1,2,7,1,1,Attchd,2.0,400,2.0,2.0,2,143,20,0,0,0,0,0,5,WD,Normal,215000,0,3,0
853,75,RL,53.0,7128,Pave,3,Lvl,AllPub,Inside,2,0,Norm,Norm,1Fam,2.5Unf,7,5,Gable,CompShg,MetalSd,MetalSd,0.0,1,3,CBlock,1.0,2.0,0.0,2.0,364,1.0,0,554,918,GasA,3,1,SBrkr,728,0,1646,0,0,2,0,4,1,1,7,1,2,Detchd,0.0,240,2.0,2.0,2,0,0,0,0,126,0,0,8,WD,Normal,164000,1,57,0
854,80,RL,,12095,Pave,2,Lvl,AllPub,Corner,2,2,Norm,Norm,1Fam,SLvl,6,6,Gable,CompShg,MetalSd,HdBoard,115.0,1,3,CBlock,1.0,2.0,3.0,2.0,564,1.0,0,563,1127,GasA,2,1,SBrkr,0,0,1445,0,0,1,1,3,1,1,7,1,1,Attchd,1.0,645,2.0,2.0,2,180,0,0,0,0,0,0,8,WD,Normal,158000,0,45,0
855,20,RL,102.0,17920,Pave,3,Lvl,AllPub,Inside,2,2,Norm,Norm,1Fam,1Story,5,4,Hip,CompShg,Wd Sdng,Plywood,0.0,1,2,CBlock,1.0,2.0,1.0,4.0,306,2.0,1085,372,1763,GasA,2,1,SBrkr,0,0,1779,1,0,1,1,3,1,1,6,1,1,Attchd,0.0,454,2.0,2.0,2,0,418,0,0,312,0,0,7,WD,Abnorml,170000,1,32,0
856,20,RL,,6897,Pave,2,Lvl,AllPub,Corner,2,2,Norm,Norm,1Fam,1Story,5,8,Gable,CompShg,HdBoard,HdBoard,0.0,1,3,CBlock,1.0,2.0,0.0,4.0,659,1.0,0,381,1040,GasA,4,1,SBrkr,0,0,1040,1,0,1,1,3,1,1,6,1,0,Detchd,0.0,260,2.0,2.0,2,0,104,0,0,0,0,0,4,WD,Normal,127000,1,0,0
857,80,RL,,10970,Pave,2,Low,AllPub,Inside,1,0,Norm,Norm,1Fam,SLvl,6,6,Gable,CompShg,Plywood,HdBoard,0.0,1,2,CBlock,2.0,3.0,3.0,5.0,505,0.0,435,0,940,GasA,2,1,SBrkr,0,0,1026,1,0,1,0,3,1,1,5,1,0,Detchd,0.0,576,2.0,1.0,2,0,0,34,0,0,0,0,10,WD,Normal,147000,0,30,0
858,60,RL,65.0,8125,Pave,3,Lvl,AllPub,Inside,2,3,Norm,Norm,1Fam,2Story,6,5,Gable,CompShg,HdBoard,HdBoard,0.0,1,2,PConc,2.0,2.0,0.0,0.0,0,1.0,0,702,702,GasA,3,1,SBrkr,779,0,1481,0,0,2,1,3,1,1,6,1,1,Attchd,2.0,343,2.0,2.0,2,0,36,0,0,0,0,0,3,WD,Normal,174000,1,14,0
859,20,RL,80.0,10400,Pave,3,Lvl,AllPub,Inside,2,1,Norm,Norm,1Fam,1Story,7,5,Gable,CompShg,HdBoard,HdBoard,189.0,1,2,CBlock,2.0,2.0,0.0,0.0,0,1.0,0,1090,1090,GasA,2,1,SBrkr,0,0,1370,0,0,2,0,3,1,1,6,1,1,Attchd,1.0,479,2.0,2.0,2,0,0,0,0,0,0,0,6,WD,Family,152000,0,33,0
860,60,RL,,11029,Pave,2,Lvl,AllPub,Corner,2,1,PosA,Norm,1Fam,2Story,6,7,Gable,CompShg,HdBoard,HdBoard,220.0,1,2,CBlock,1.0,2.0,1.0,3.0,619,1.0,0,435,1054,GasA,2,1,SBrkr,1142,0,2654,1,0,2,1,4,1,2,9,1,1,Attchd,0.0,619,2.0,2.0,2,0,65,0,0,222,0,0,8,WD,Normal,250000,1,22,0
861,50,RL,55.0,7642,Pave,3,Lvl,AllPub,Corner,2,0,Norm,Norm,1Fam,1.5Fin,7,8,Gable,CompShg,Wd Sdng,Wd Sdng,0.0,2,2,BrkTil,1.0,2.0,0.0,0.0,0,1.0,0,912,912,GasA,3,1,SBrkr,514,0,1426,0,0,1,1,3,1,2,7,1,1,Detchd,0.0,216,2.0,2.0,2,0,240,0,0,0,0,0,6,WD,Normal,189950,1,9,0
862,190,RL,75.0,11625,Pave,3,Lvl,AllPub,Inside,2,2,Norm,Norm,2fmCon,1Story,5,4,Hip,CompShg,Plywood,HdBoard,0.0,1,2,PConc,1.0,2.0,1.0,3.0,841,1.0,0,198,1039,GasA,4,1,SBrkr,0,0,1039,1,0,1,1,3,1,1,6,1,0,Attchd,0.0,504,2.0,2.0,2,0,0,0,0,0,0,0,4,WD,Normal,131500,0,45,0
863,20,RL,81.0,9672,Pave,3,Lvl,AllPub,Corner,2,2,Norm,Norm,1Fam,1Story,6,5,Hip,CompShg,HdBoard,Plywood,0.0,1,2,PConc,2.0,2.0,0.0,5.0,338,1.0,0,702,1040,GasA,2,1,SBrkr,0,0,1097,0,0,2,0,3,1,1,6,1,0,Attchd,0.0,480,2.0,2.0,2,0,0,0,0,0,0,0,5,WD,Normal,152000,1,25,0
864,20,RL,70.0,7931,Pave,3,Lvl,AllPub,Inside,2,2,Norm,Norm,1Fam,1Story,5,5,Hip,CompShg,BrkFace,Plywood,0.0,1,2,CBlock,1.0,2.0,0.0,3.0,1148,1.0,0,0,1148,GasA,2,1,SBrkr,0,0,1148,1,0,1,0,3,1,1,6,1,0,Attchd,0.0,672,2.0,2.0,2,0,0,0,0,0,0,0,7,WD,Normal,132500,0,50,0
865,20,FV,72.0,8640,Pave,3,Lvl,AllPub,Inside,2,1,Norm,Norm,1Fam,1Story,7,5,Gable,CompShg,VinylSd,VinylSd,0.0,2,2,PConc,3.0,2.0,0.0,0.0,0,1.0,0,1372,1372,GasA,4,1,SBrkr,0,0,1372,0,0,2,0,3,1,2,6,1,0,Attchd,2.0,529,2.0,2.0,2,0,140,0,0,0,0,0,5,New,Partial,250580,1,0,0
866,20,RL,,8750,Pave,2,Lvl,AllPub,Inside,2,2,Norm,Norm,1Fam,1Story,5,6,Gable,CompShg,MetalSd,MetalSd,76.0,1,2,CBlock,1.0,2.0,0.0,3.0,828,1.0,0,174,1002,GasA,2,1,SBrkr,0,0,1002,1,0,1,0,3,1,1,5,1,0,Detchd,0.0,902,2.0,2.0,2,0,0,0,0,0,0,0,8,WD,Normal,148500,0,39,0
867,20,RL,67.0,10656,Pave,2,HLS,AllPub,Inside,2,3,Norm,Norm,1Fam,1Story,8,5,Gable,CompShg,VinylSd,VinylSd,274.0,2,2,PConc,2.0,2.0,2.0,0.0,0,1.0,0,1638,1638,GasA,4,1,SBrkr,0,0,1646,0,0,2,0,3,1,2,6,1,1,Attchd,1.0,870,2.0,2.0,2,192,80,0,0,0,0,0,11,New,Partial,248900,1,0,0
868,20,RL,85.0,6970,Pave,3,Lvl,AllPub,Corner,2,2,Feedr,Norm,1Fam,1Story,4,5,Gable,CompShg,VinylSd,VinylSd,0.0,1,2,CBlock,1.0,2.0,0.0,4.0,932,1.0,0,108,1040,GasA,2,1,SBrkr,0,0,1120,1,0,1,1,3,1,0,5,1,0,Attchd,1.0,544,2.0,2.0,2,168,0,0,0,0,0,400,5,WD,Normal,129000,0,46,0
869,60,RL,,14762,Pave,1,Lvl,AllPub,Corner,2,3,Feedr,Norm,1Fam,2Story,5,6,Gable,CompShg,Plywood,Plywood,0.0,1,2,Slab,,,,,0,,0,0,0,GasA,3,1,SBrkr,720,53,2320,0,0,2,0,2,1,1,7,1,1,Attchd,0.0,672,2.0,2.0,1,120,144,0,0,0,0,0,5,WD,Normal,169000,1,56,0
870,60,RL,80.0,9938,Pave,3,Lvl,AllPub,Inside,2,2,Norm,Norm,1Fam,2Story,7,5,Gable,CompShg,MetalSd,MetalSd,246.0,2,2,PConc,2.0,2.0,0.0,5.0,750,1.0,0,300,1050,GasA,4,1,SBrkr,887,0,1949,1,0,2,1,3,1,2,8,1,1,Attchd,2.0,574,2.0,2.0,2,156,90,0,0,0,0,0,6,WD,Normal,236000,1,16,0
871,20,RL,60.0,6600,Pave,3,Lvl,AllPub,Inside,2,2,PosN,Norm,1Fam,1Story,5,5,Hip,CompShg,MetalSd,MetalSd,0.0,1,2,CBlock,1.0,2.0,0.0,0.0,0,1.0,0,894,894,GasA,3,0,SBrkr,0,0,894,0,0,1,0,2,1,1,5,1,0,Detchd,0.0,308,2.0,2.0,2,0,0,0,0,0,0,0,8,WD,Normal,109500,0,47,0
872,60,RL,70.0,8750,Pave,3,Lvl,AllPub,Inside,2,0,Norm,Norm,1Fam,2Story,6,5,Gable,CompShg,VinylSd,VinylSd,116.0,1,2,PConc,2.0,2.0,0.0,5.0,505,1.0,0,299,804,GasA,4,1,SBrkr,878,0,1682,0,0,2,1,3,1,2,7,1,0,Attchd,1.0,523,2.0,2.0,2,0,77,0,0,0,0,0,6,WD,Normal,200500,0,12,0
873,20,RL,74.0,8892,Pave,3,Lvl,AllPub,Corner,2,2,Norm,Norm,1Fam,1Story,5,7,Gable,CompShg,WdShing,Wd Shng,0.0,2,2,Stone,1.0,2.0,2.0,0.0,0,1.0,0,105,105,GasA,3,1,SBrkr,0,0,910,0,0,1,0,3,1,2,5,1,0,Attchd,0.0,414,2.0,2.0,2,196,0,150,0,0,0,0,10,WD,Normal,116000,1,12,0
874,40,RL,60.0,12144,Pave,3,Lvl,AllPub,Inside,2,2,Norm,Norm,1Fam,1Story,5,7,Gable,CompShg,HdBoard,HdBoard,0.0,2,2,CBlock,1.0,2.0,0.0,2.0,375,1.0,0,457,832,GasA,3,1,SBrkr,0,232,1268,0,0,1,0,3,1,1,6,1,1,Attchd,0.0,288,2.0,2.0,2,0,28,0,0,0,0,0,9,WD,Normal,133000,1,59,0
875,50,RM,52.0,5720,Pave,3,Lvl,AllPub,Inside,2,1,Artery,Norm,1Fam,1.5Fin,5,6,Gable,CompShg,Wd Sdng,Wd Sdng,0.0,1,2,CBlock,1.0,2.0,0.0,0.0,0,1.0,0,676,676,GasA,4,1,SBrkr,455,0,1131,0,0,1,1,3,1,1,5,1,0,Detchd,0.0,200,2.0,2.0,2,26,0,0,0,0,0,0,8,WD,Abnorml,66500,1,59,0
876,60,FV,75.0,9000,Pave,3,Lvl,AllPub,Inside,2,1,Norm,Norm,1Fam,2Story,8,5,Gable,CompShg,CemntBd,CmentBd,0.0,2,2,PConc,2.0,2.0,2.0,5.0,64,1.0,0,1120,1184,GasA,4,1,SBrkr,1426,0,2610,0,0,2,1,4,1,3,11,1,1,BuiltIn,2.0,550,2.0,2.0,2,208,364,0,0,0,0,0,8,New,Partial,303477,0,0,1
877,20,RL,94.0,25286,Pave,3,HLS,AllPub,Inside,1,1,Norm,Norm,1Fam,1Story,4,5,Gable,CompShg,HdBoard,Plywood,0.0,1,2,PConc,1.0,2.0,3.0,4.0,633,1.0,0,431,1064,GasA,3,1,SBrkr,0,0,1040,1,0,1,0,3,1,1,5,1,0,Attchd,0.0,648,2.0,2.0,2,0,0,0,0,0,0,0,1,WD,Normal,132250,0,44,0
878,60,RL,74.0,8834,Pave,3,Lvl,AllPub,Inside,2,2,Norm,Norm,1Fam,2Story,9,5,Hip,CompShg,VinylSd,VinylSd,216.0,2,2,PConc,3.0,2.0,0.0,5.0,1170,1.0,0,292,1462,GasA,4,1,SBrkr,762,0,2224,1,0,2,1,4,1,3,10,1,1,Attchd,2.0,738,2.0,2.0,2,184,0,0,0,0,0,0,6,WD,Normal,350000,1,4,0
879,85,RL,88.0,11782,Pave,2,Lvl,AllPub,Inside,2,2,Norm,Norm,1Fam,SFoyer,5,7,Gable,CompShg,HdBoard,HdBoard,0.0,1,2,CBlock,1.0,2.0,2.0,4.0,899,1.0,0,210,1109,GasA,2,1,SBrkr,0,0,1155,1,0,1,0,3,1,2,6,5,0,Detchd,0.0,576,2.0,2.0,2,192,0,0,0,0,0,400,6,WD,Normal,148000,1,15,0
880,20,RL,,7000,Pave,2,Lvl,AllPub,CulDSac,2,0,Norm,Norm,1Fam,1Story,5,8,Gable,CompShg,VinylSd,VinylSd,90.0,2,3,CBlock,1.0,2.0,0.0,4.0,646,1.0,0,218,864,GasA,4,1,SBrkr,0,0,864,1,0,1,0,3,1,1,6,1,0,Attchd,0.0,336,2.0,2.0,2,0,0,0,0,0,0,0,7,WD,Normal,136500,1,4,0
881,20,RL,60.0,7024,Pave,3,Lvl,AllPub,Inside,2,3,Norm,Norm,1Fam,1Story,5,5,Gable,CompShg,VinylSd,VinylSd,0.0,1,2,PConc,3.0,3.0,0.0,4.0,980,1.0,0,110,1090,GasA,3,1,SBrkr,0,0,1090,1,0,1,1,2,1,1,5,1,0,Attchd,2.0,450,2.0,2.0,2,0,49,0,0,0,0,0,6,WD,Normal,157000,1,1,0
882,50,RL,44.0,13758,Pave,2,Lvl,AllPub,CulDSac,2,3,Norm,Norm,1Fam,1.5Fin,7,5,Gable,CompShg,HdBoard,HdBoard,117.0,2,3,CBlock,2.0,2.0,1.0,1.0,902,1.0,0,254,1156,GasA,4,1,SBrkr,530,0,1717,0,0,2,1,3,1,2,7,1,1,Attchd,1.0,400,2.0,2.0,2,168,36,0,0,0,0,0,4,WD,Normal,187500,1,16,0
883,60,RL,,9636,Pave,2,Lvl,AllPub,Corner,2,3,Norm,Norm,1Fam,2Story,6,5,Gable,CompShg,VinylSd,VinylSd,0.0,1,2,PConc,2.0,2.0,0.0,0.0,0,1.0,0,808,808,GasA,3,1,SBrkr,785,0,1593,0,0,2,1,3,1,1,7,1,1,BuiltIn,1.0,389,2.0,2.0,2,342,40,0,0,0,0,0,12,WD,Normal,178000,1,16,0
884,75,RL,60.0,6204,Pave,3,Bnk,AllPub,Inside,2,3,Norm,Norm,1Fam,2.5Fin,4,5,Gable,CompShg,Wd Sdng,Wd Sdng,0.0,2,2,PConc,1.0,1.0,0.0,0.0,0,1.0,0,795,795,GasA,2,0,SBrkr,795,481,2230,1,0,1,0,5,1,1,10,1,0,Detchd,0.0,440,2.0,3.0,2,0,188,0,0,0,0,0,3,WD,Normal,118500,1,56,0
885,20,RL,65.0,7150,Pave,3,Lvl,AllPub,Inside,2,2,Norm,Norm,1Fam,1Story,5,5,Gable,CompShg,HdBoard,HdBoard,60.0,1,2,CBlock,1.0,2.0,0.0,3.0,432,1.0,0,460,892,GasA,2,1,SBrkr,0,0,892,0,0,1,0,3,1,1,5,1,0,Attchd,1.0,288,2.0,2.0,2,0,0,0,0,0,0,0,7,WD,Normal,100000,0,42,0
886,120,FV,50.0,5119,Pave,2,Lvl,AllPub,CulDSac,2,1,Norm,Norm,TwnhsE,1Story,9,5,Gable,CompShg,MetalSd,MetalSd,60.0,2,2,PConc,3.0,2.0,2.0,5.0,1238,1.0,0,460,1698,GasA,4,1,SBrkr,0,0,1709,1,0,2,0,2,1,2,5,1,1,Attchd,2.0,506,2.0,2.0,2,97,65,0,0,0,0,0,1,CWD,Abnorml,328900,1,8,0
887,90,RL,70.0,8393,Pave,3,Lvl,AllPub,Corner,2,2,Norm,Norm,Duplex,1Story,5,5,Gable,CompShg,MetalSd,MetalSd,122.0,1,2,CBlock,1.0,2.0,0.0,1.0,528,1.0,0,1098,1626,GasA,4,1,SBrkr,0,0,1712,0,0,2,0,4,2,1,8,1,0,Attchd,2.0,588,2.0,2.0,2,272,54,0,0,0,0,0,6,WD,Family,145000,1,1,0
888,50,RL,59.0,16466,Pave,2,Lvl,AllPub,Inside,2,3,Norm,Norm,1Fam,1.5Fin,5,7,Gable,CompShg,MetalSd,MetalSd,0.0,1,3,PConc,1.0,2.0,0.0,0.0,0,1.0,0,816,816,GasA,2,1,SBrkr,521,0,1393,0,0,1,1,3,1,1,8,1,0,Attchd,0.0,300,2.0,2.0,2,121,0,0,0,265,0,0,4,WD,Normal,135500,0,53,0
889,20,RL,95.0,15865,Pave,2,Lvl,AllPub,Inside,1,2,Norm,Norm,1Fam,1Story,8,6,Flat,Tar&Grv,Wd Sdng,Wd Sdng,0.0,2,3,PConc,1.0,3.0,3.0,4.0,351,2.0,823,1043,2217,GasA,4,1,SBrkr,0,0,2217,1,0,2,0,4,1,2,8,1,1,Attchd,0.0,621,2.0,2.0,2,81,207,0,0,224,0,0,10,WD,Normal,268000,0,37,0
890,20,RL,128.0,12160,Pave,3,Lvl,AllPub,Inside,2,2,Feedr,Norm,1Fam,1Story,6,4,Hip,CompShg,Wd Sdng,Wd Sdng,90.0,1,2,CBlock,1.0,2.0,0.0,3.0,1024,1.0,0,481,1505,GasA,4,1,SBrkr,0,0,1505,1,0,1,0,2,1,1,6,1,1,Attchd,1.0,505,2.0,2.0,2,0,0,0,162,0,0,0,2,WD,Normal,149500,0,56,0
891,50,RL,60.0,8064,Pave,3,Lvl,AllPub,Corner,2,2,Artery,Norm,1Fam,1.5Fin,5,7,Gable,CompShg,MetalSd,MetalSd,0.0,1,3,CBlock,1.0,2.0,1.0,0.0,0,1.0,0,672,672,GasA,4,1,SBrkr,252,0,924,0,0,1,0,3,1,1,6,1,1,Detchd,0.0,576,2.0,2.0,2,0,0,0,0,0,0,2000,7,WD,Normal,122900,1,1,0
892,60,RL,70.0,11184,Pave,3,Lvl,AllPub,Inside,2,2,Norm,Norm,1Fam,2Story,6,5,Hip,CompShg,HdBoard,HdBoard,92.0,1,2,CBlock,1.0,2.0,0.0,1.0,226,2.0,500,192,918,GasA,3,1,SBrkr,765,0,1683,0,0,2,1,3,1,1,7,1,1,Attchd,1.0,440,2.0,2.0,2,243,0,0,0,0,0,0,7,WD,Normal,172500,0,31,0
893,20,RL,70.0,8414,Pave,3,Lvl,AllPub,Inside,2,2,Norm,Norm,1Fam,1Story,6,8,Hip,CompShg,HdBoard,HdBoard,0.0,1,2,CBlock,1.0,2.0,0.0,5.0,663,1.0,0,396,1059,GasA,2,1,SBrkr,0,0,1068,0,1,1,0,3,1,1,6,1,0,Attchd,1.0,264,2.0,2.0,2,192,0,0,0,0,0,0,2,WD,Normal,154500,1,3,0
894,20,RL,,13284,Pave,3,Lvl,AllPub,Inside,2,2,PosN,Norm,1Fam,1Story,5,5,Gable,CompShg,Wd Sdng,Plywood,0.0,1,2,PConc,2.0,2.0,1.0,3.0,1064,1.0,0,319,1383,GasA,2,1,SBrkr,0,0,1383,1,0,1,0,3,1,1,6,1,1,Attchd,0.0,354,2.0,2.0,2,511,116,0,0,0,0,0,6,WD,Normal,165000,0,54,0
895,90,RL,64.0,7018,Pave,3,Bnk,AllPub,Inside,2,2,Norm,Norm,Duplex,1Story,5,5,Gable,CompShg,Plywood,Plywood,0.0,1,2,Slab,,,,,0,,0,0,0,GasA,2,1,SBrkr,0,0,1535,0,0,2,0,4,2,1,8,1,0,Attchd,0.0,400,2.0,2.0,2,0,0,0,0,0,0,0,6,WD,Alloca,118858,0,30,0
896,60,RL,71.0,7056,Pave,3,Lvl,AllPub,Inside,2,2,Norm,Norm,1Fam,2Story,6,5,Hip,CompShg,HdBoard,HdBoard,415.0,1,2,CBlock,1.0,2.0,0.0,3.0,400,1.0,0,380,780,GasA,2,1,SBrkr,813,0,1796,1,0,1,1,4,1,1,8,1,1,Attchd,1.0,483,2.0,2.0,2,0,50,0,0,0,0,0,10,WD,Normal,140000,0,45,0
897,30,RM,50.0,8765,Pave,3,Lvl,AllPub,Inside,2,2,Norm,Norm,1Fam,1Story,4,6,Gable,CompShg,Wd Sdng,Wd Sdng,0.0,1,2,BrkTil,1.0,2.0,0.0,4.0,285,1.0,0,666,951,GasA,4,0,SBrkr,0,0,951,0,0,1,0,2,1,1,6,1,0,Detchd,0.0,327,2.0,2.0,2,0,28,0,0,0,0,0,4,WD,Abnorml,106500,1,56,0
898,90,RL,64.0,7018,Pave,3,Lvl,AllPub,Inside,2,2,Feedr,Norm,Duplex,2Story,5,5,Gable,CompShg,Plywood,Plywood,0.0,1,2,Slab,,,,,0,,0,0,0,GasA,2,1,SBrkr,1120,0,2240,0,0,2,0,6,2,1,12,1,0,Detchd,0.0,528,2.0,2.0,2,154,0,0,0,0,0,0,6,WD,Alloca,142953,0,30,0
899,20,RL,100.0,12919,Pave,2,Lvl,AllPub,Inside,2,2,Norm,Norm,1Fam,1Story,9,5,Hip,CompShg,VinylSd,VinylSd,760.0,3,2,PConc,3.0,2.0,3.0,5.0,2188,1.0,0,142,2330,GasA,4,1,SBrkr,0,0,2364,1,0,2,1,2,1,3,11,1,2,Attchd,2.0,820,2.0,2.0,2,0,67,0,0,0,0,0,3,New,Partial,611657,1,0,0
900,20,RL,65.0,6993,Pave,3,Lvl,AllPub,Inside,2,2,Feedr,Norm,1Fam,1Story,5,7,Gable,CompShg,HdBoard,Plywood,0.0,1,2,CBlock,1.0,2.0,0.0,3.0,465,1.0,0,447,912,GasA,2,1,SBrkr,0,0,1236,0,0,1,0,3,1,1,6,1,1,Attchd,0.0,288,2.0,2.0,2,0,0,0,0,0,0,0,6,WD,Normal,135000,1,12,0
901,20,RL,,7340,Pave,2,Lvl,AllPub,Inside,2,2,Norm,Norm,1Fam,1Story,4,6,Gable,CompShg,HdBoard,HdBoard,0.0,1,2,CBlock,1.0,2.0,0.0,4.0,322,1.0,0,536,858,GasA,2,1,SBrkr,0,0,858,0,0,1,0,2,1,1,4,1,0,Detchd,0.0,684,2.0,2.0,2,0,0,0,0,0,0,0,6,WD,Normal,110000,0,36,0
902,20,RL,64.0,8712,Pave,2,Lvl,AllPub,Inside,2,2,Norm,Norm,1Fam,1Story,5,7,Hip,CompShg,MetalSd,MetalSd,0.0,1,3,CBlock,1.0,2.0,1.0,3.0,860,1.0,0,132,992,GasA,2,1,SBrkr,0,0,1306,1,0,1,0,2,1,1,5,1,0,Detchd,0.0,756,2.0,2.0,2,0,0,0,0,0,0,0,5,WD,Normal,153000,1,9,0
903,60,RL,63.0,7875,Pave,3,Lvl,AllPub,Inside,2,3,Norm,Norm,1Fam,2Story,7,5,Gable,CompShg,VinylSd,VinylSd,0.0,2,2,PConc,2.0,2.0,0.0,0.0,0,1.0,0,783,783,GasA,4,1,SBrkr,702,0,1509,0,0,2,1,3,1,2,8,1,1,Attchd,2.0,393,2.0,2.0,2,0,75,0,0,0,0,0,7,WD,Normal,180000,0,3,0
904,20,RL,50.0,14859,Pave,2,HLS,AllPub,CulDSac,2,3,Norm,Norm,1Fam,1Story,7,5,Hip,CompShg,VinylSd,VinylSd,27.0,2,2,PConc,2.0,2.0,0.0,0.0,0,1.0,0,1670,1670,GasA,4,1,SBrkr,0,0,1670,0,0,2,0,3,1,2,7,1,1,Attchd,1.0,690,2.0,2.0,2,144,60,0,0,0,0,0,8,New,Partial,240000,0,0,1
905,20,RL,,6173,Pave,2,Lvl,AllPub,Inside,2,2,Norm,Norm,1Fam,1Story,5,6,Gable,CompShg,HdBoard,Wd Sdng,75.0,1,2,CBlock,1.0,2.0,0.0,5.0,599,1.0,0,277,876,GasA,2,1,SBrkr,0,0,902,0,0,1,0,3,1,1,6,1,0,Attchd,0.0,288,2.0,2.0,2,0,0,0,0,0,0,0,8,WD,Normal,125500,0,40,0
906,20,RL,80.0,9920,Pave,3,Lvl,AllPub,Inside,2,2,Norm,Norm,1Fam,1Story,5,5,Gable,CompShg,HdBoard,HdBoard,110.0,1,2,CBlock,1.0,2.0,0.0,2.0,354,0.0,290,412,1056,GasA,2,1,SBrkr,0,0,1063,1,0,1,0,3,1,1,6,1,0,Attchd,1.0,280,2.0,2.0,2,0,0,164,0,0,0,0,2,WD,Normal,128000,0,56,0
907,20,RL,116.0,13501,Pave,2,Lvl,AllPub,Corner,2,1,Norm,Norm,1Fam,1Story,8,5,Gable,CompShg,VinylSd,VinylSd,208.0,2,2,PConc,2.0,2.0,0.0,5.0,63,1.0,0,1560,1623,GasA,4,1,SBrkr,0,0,1636,1,0,2,0,3,1,2,8,1,1,Attchd,1.0,865,2.0,2.0,2,0,60,0,0,0,0,0,6,WD,Normal,255000,0,1,0
908,50,RL,86.0,11500,Pave,2,Lvl,AllPub,Inside,2,0,Norm,Norm,1Fam,1.5Fin,7,7,Gable,CompShg,BrkFace,BrkFace,0.0,2,2,CBlock,2.0,2.0,0.0,2.0,223,1.0,0,794,1017,GasA,3,1,SBrkr,1037,0,2057,0,0,1,1,3,1,2,6,1,1,Attchd,2.0,180,1.0,2.0,2,0,0,0,0,322,0,0,6,WD,Normal,250000,1,19,0
909,20,RL,,8885,Pave,2,Low,AllPub,Inside,1,1,Norm,Norm,1Fam,1Story,5,5,Gable,CompShg,HdBoard,HdBoard,0.0,1,2,CBlock,2.0,2.0,2.0,3.0,301,4.0,324,239,864,GasA,2,1,SBrkr,0,0,902,1,0,1,0,2,1,1,5,1,0,Attchd,0.0,484,2.0,2.0,2,164,0,0,0,0,0,0,6,WD,Normal,131000,0,23,0
910,60,RL,149.0,12589,Pave,1,Lvl,AllPub,Inside,2,3,Norm,Norm,1Fam,2Story,6,5,Gable,CompShg,VinylSd,VinylSd,0.0,2,2,PConc,2.0,2.0,0.0,0.0,0,1.0,0,742,742,GasA,4,1,SBrkr,742,0,1484,0,0,2,1,3,1,2,8,1,1,Attchd,2.0,390,2.0,2.0,2,36,24,0,0,0,0,0,6,WD,Normal,174000,0,4,0
911,90,RL,80.0,11600,Pave,3,Lvl,AllPub,Corner,2,2,Feedr,Norm,Duplex,2Story,5,5,Gable,CompShg,MetalSd,MetalSd,361.0,1,2,CBlock,1.0,2.0,0.0,2.0,443,1.0,0,662,1105,GasA,2,1,FuseA,1169,0,2274,0,0,2,0,5,2,1,12,1,0,Detchd,0.0,480,2.0,2.0,2,0,0,0,0,0,0,0,1,WD,Normal,154300,0,50,0
912,20,RL,,9286,Pave,2,Lvl,AllPub,CulDSac,1,0,Norm,Norm,1Fam,1Story,5,7,Gable,CompShg,HdBoard,Plywood,0.0,1,2,CBlock,2.0,3.0,2.0,4.0,196,1.0,0,1072,1268,GasA,2,1,SBrkr,0,0,1268,0,0,1,1,3,1,2,5,1,0,Detchd,0.0,252,2.0,2.0,2,173,0,0,0,0,0,0,10,WD,Normal,143500,1,20,0
913,30,RM,51.0,6120,Pave,3,Lvl,AllPub,Inside,2,1,Norm,Norm,1Fam,1Story,5,7,Gable,CompShg,MetalSd,MetalSd,0.0,1,2,BrkTil,1.0,2.0,0.0,2.0,489,1.0,0,279,768,GasA,2,0,SBrkr,0,0,1015,0,0,1,0,3,1,1,6,6,0,Detchd,0.0,450,2.0,2.0,2,0,0,112,0,120,0,620,7,WD,Abnorml,88000,1,56,0
914,90,RH,82.0,6270,Pave,3,HLS,AllPub,Inside,2,0,Norm,Norm,Duplex,2Story,5,6,Gable,CompShg,MetalSd,MetalSd,0.0,1,2,CBlock,1.0,2.0,0.0,3.0,284,1.0,0,717,1001,GasA,2,0,FuseA,1001,0,2002,0,0,2,0,4,2,1,8,1,0,2Types,0.0,871,2.0,2.0,2,0,0,0,0,0,0,0,8,WD,Normal,145000,1,57,0
915,160,FV,30.0,3000,Pave,3,Lvl,AllPub,Inside,2,1,Norm,Norm,TwnhsE,2Story,6,5,Gable,CompShg,VinylSd,VinylSd,76.0,2,2,PConc,2.0,2.0,2.0,5.0,294,1.0,0,318,612,GasA,4,1,SBrkr,612,0,1224,0,0,2,1,2,1,2,4,1,0,Detchd,1.0,528,2.0,2.0,2,0,234,0,0,0,0,0,6,New,Partial,173733,0,0,1
916,160,RM,21.0,2001,Pave,3,Lvl,AllPub,Inside,2,2,Norm,Norm,Twnhs,2Story,4,5,Gable,CompShg,CemntBd,CmentBd,80.0,1,2,CBlock,1.0,2.0,0.0,0.0,0,1.0,0,546,546,GasA,1,1,SBrkr,546,0,1092,0,0,1,1,3,1,1,6,1,0,Attchd,0.0,286,2.0,2.0,2,0,0,0,0,0,0,0,1,WD,Normal,75000,0,37,0
917,20,C (all),50.0,9000,Pave,3,Lvl,AllPub,Inside,2,2,Norm,Norm,1Fam,1Story,2,3,Gable,CompShg,AsbShng,AsbShng,0.0,1,2,CBlock,1.0,2.0,2.0,3.0,50,1.0,0,430,480,GasA,2,0,FuseA,0,0,480,1,0,0,0,1,1,1,4,1,0,Detchd,0.0,308,2.0,2.0,2,0,0,0,0,0,0,0,10,WD,Abnorml,35311,1,56,0
918,20,RL,,17140,Pave,3,Lvl,AllPub,Inside,2,3,Norm,Norm,1Fam,1Story,4,6,Gable,CompShg,VinylSd,VinylSd,0.0,1,2,CBlock,1.0,2.0,0.0,4.0,1059,1.0,0,75,1134,GasA,4,1,FuseA,0,0,1229,0,0,1,0,3,1,1,6,1,0,Attchd,1.0,284,2.0,2.0,2,0,0,0,0,0,0,0,4,WD,Normal,135000,0,53,0
919,60,RL,103.0,13125,Pave,2,Lvl,AllPub,Corner,2,2,Norm,Norm,1Fam,2Story,7,5,Gable,CompShg,HdBoard,HdBoard,0.0,2,2,PConc,3.0,2.0,1.0,3.0,48,5.0,634,422,1104,GasA,4,1,SBrkr,1215,0,2127,1,0,2,1,4,1,2,8,1,1,Attchd,1.0,833,2.0,2.0,2,72,192,224,0,0,0,0,11,WD,Normal,238000,0,16,0
920,20,RL,87.0,11029,Pave,2,Lvl,AllPub,Corner,2,2,Norm,Norm,1Fam,1Story,6,8,Hip,CompShg,MetalSd,MetalSd,0.0,3,2,CBlock,2.0,2.0,0.0,4.0,528,3.0,411,245,1184,GasA,4,1,SBrkr,0,0,1414,1,0,1,0,3,1,1,6,6,1,Attchd,0.0,601,2.0,2.0,2,0,51,0,0,190,0,0,5,WD,Normal,176500,1,6,0
921,60,RL,70.0,8462,Pave,2,Lvl,AllPub,Inside,2,2,Norm,Norm,1Fam,2Story,6,5,Gable,CompShg,HdBoard,HdBoard,105.0,2,3,PConc,2.0,3.0,0.0,5.0,814,1.0,0,114,928,GasA,4,1,SBrkr,785,0,1721,0,1,2,1,3,1,2,7,1,0,Attchd,1.0,471,2.0,2.0,2,300,87,0,0,0,0,0,7,WD,Normal,201000,0,13,0
922,90,RL,67.0,8777,Pave,3,Lvl,AllPub,Inside,2,3,Feedr,Norm,Duplex,1.5Fin,5,7,Gable,CompShg,MetalSd,MetalSd,0.0,1,2,CBlock,1.0,2.0,0.0,4.0,1084,1.0,0,188,1272,GasA,3,1,SBrkr,928,0,2200,2,0,2,2,4,2,1,9,1,0,,,0,,,0,0,70,0,0,0,0,0,9,WD,Normal,145900,1,5,0
923,20,RL,65.0,10237,Pave,3,Lvl,AllPub,Inside,2,3,RRAn,Norm,1Fam,1Story,6,5,Gable,CompShg,VinylSd,VinylSd,0.0,2,2,PConc,2.0,2.0,0.0,5.0,28,1.0,0,1288,1316,GasA,4,1,SBrkr,0,0,1316,0,0,2,0,3,1,2,6,1,1,Attchd,2.0,397,2.0,2.0,2,100,0,0,23,0,0,0,10,New,Partial,169990,1,0,0
924,120,RL,50.0,8012,Pave,3,Lvl,AllPub,Inside,2,2,Norm,Norm,TwnhsE,1Story,6,5,Gable,CompShg,Plywood,Plywood,0.0,2,2,PConc,2.0,2.0,0.0,1.0,165,5.0,841,598,1604,GasA,4,1,SBrkr,0,0,1617,1,0,2,0,2,1,2,5,1,1,Attchd,1.0,533,2.0,2.0,2,0,69,0,0,0,0,0,7,WD,Normal,193000,1,14,0
925,20,RL,79.0,10240,Pave,3,Lvl,AllPub,Inside,2,1,Norm,Norm,1Fam,1Story,6,6,Gable,CompShg,Plywood,Plywood,157.0,1,3,CBlock,2.0,2.0,0.0,3.0,625,0.0,1061,0,1686,GasA,2,1,SBrkr,0,0,1686,1,0,2,0,3,1,1,7,1,1,Attchd,0.0,612,2.0,2.0,2,384,131,0,0,0,0,0,5,WD,Normal,207500,0,26,0
926,20,RL,,15611,Pave,2,Lvl,AllPub,Corner,2,1,Norm,Norm,1Fam,1Story,5,6,Gable,CompShg,VinylSd,VinylSd,0.0,1,2,PConc,2.0,2.0,2.0,4.0,767,0.0,93,266,1126,GasA,2,1,SBrkr,0,0,1126,0,1,2,0,3,1,3,6,1,0,Attchd,1.0,540,2.0,2.0,2,180,0,0,0,0,0,0,3,WD,Abnorml,175000,0,31,0
927,60,RL,93.0,11999,Pave,3,Lvl,AllPub,Inside,2,2,Norm,Norm,1Fam,2Story,8,5,Hip,CompShg,VinylSd,VinylSd,340.0,2,2,PConc,2.0,2.0,0.0,0.0,0,1.0,0,1181,1181,GasA,4,1,SBrkr,1140,0,2374,0,0,2,1,4,1,3,10,1,1,BuiltIn,2.0,656,2.0,2.0,2,104,100,0,0,0,0,0,5,WD,Normal,285000,1,3,0
928,60,RL,,9900,Pave,3,Lvl,AllPub,Inside,2,1,Feedr,Norm,1Fam,2Story,7,5,Gable,CompShg,MetalSd,MetalSd,342.0,1,2,CBlock,1.0,2.0,0.0,3.0,552,1.0,0,280,832,GasA,3,1,SBrkr,880,0,1978,0,0,2,1,4,1,1,9,1,1,Attchd,1.0,486,2.0,2.0,2,0,43,0,0,0,0,0,4,WD,Normal,176000,0,40,0
929,20,RL,,11838,Pave,3,Lvl,AllPub,Inside,2,0,Norm,Norm,1Fam,1Story,8,5,Hip,CompShg,VinylSd,VinylSd,0.0,2,2,PConc,2.0,2.0,2.0,0.0,0,1.0,0,1753,1753,GasA,4,1,SBrkr,0,0,1788,0,0,2,0,3,1,3,7,1,1,Attchd,1.0,522,2.0,2.0,2,202,151,0,0,0,0,0,6,WD,Normal,236500,0,8,0
930,60,RL,,13006,Pave,2,Lvl,AllPub,Corner,2,3,Norm,Norm,1Fam,2Story,7,5,Gable,CompShg,HdBoard,HdBoard,285.0,1,2,PConc,2.0,2.0,0.0,0.0,0,1.0,0,964,964,GasA,3,1,SBrkr,1243,0,2236,0,0,2,1,4,1,2,8,1,1,BuiltIn,2.0,642,2.0,2.0,2,0,0,0,0,0,0,0,11,WD,Normal,222000,0,9,0
931,20,RL,73.0,8925,Pave,2,HLS,AllPub,Inside,2,3,Norm,Norm,1Fam,1Story,8,5,Gable,CompShg,VinylSd,VinylSd,0.0,2,2,PConc,2.0,2.0,2.0,5.0,16,1.0,0,1450,1466,GasA,4,1,SBrkr,0,0,1466,0,0,2,0,3,1,2,7,1,0,Attchd,2.0,610,2.0,2.0,2,100,18,0,0,0,0,0,7,WD,Normal,201000,0,2,0
932,20,RL,70.0,9100,Pave,3,Lvl,AllPub,Inside,2,2,Norm,Norm,1Fam,1Story,5,6,Gable,CompShg,VinylSd,VinylSd,0.0,1,2,CBlock,1.0,2.0,0.0,3.0,338,2.0,466,121,925,GasA,4,1,SBrkr,0,0,925,0,1,1,0,2,1,1,5,1,0,Detchd,0.0,429,2.0,2.0,2,0,0,0,0,0,0,0,7,WD,Normal,117500,0,44,0
933,20,RL,84.0,11670,Pave,2,Lvl,AllPub,Corner,2,1,RRNn,Norm,1Fam,1Story,9,5,Hip,CompShg,VinylSd,ImStucc,302.0,3,2,PConc,3.0,3.0,0.0,0.0,0,1.0,0,1905,1905,GasA,4,1,SBrkr,0,0,1905,0,0,2,0,3,1,3,8,1,1,Attchd,2.0,788,2.0,2.0,2,0,191,0,0,0,0,0,3,WD,Normal,320000,0,1,0
934,20,RL,63.0,8487,Pave,3,Lvl,AllPub,FR2,2,0,Norm,Norm,1Fam,1Story,7,5,Gable,CompShg,VinylSd,VinylSd,210.0,2,2,PConc,2.0,2.0,2.0,5.0,20,1.0,0,1480,1500,GasA,4,1,SBrkr,0,0,1500,0,0,2,0,3,1,2,6,1,0,Attchd,1.0,570,2.0,2.0,2,192,36,0,0,0,0,0,8,WD,Normal,190000,0,5,0
935,20,RL,313.0,27650,Pave,1,HLS,AllPub,Inside,1,2,PosA,Norm,1Fam,1Story,7,7,Flat,Tar&Grv,Wd Sdng,Wd Sdng,0.0,1,2,CBlock,2.0,2.0,3.0,5.0,425,1.0,0,160,585,GasA,4,1,SBrkr,0,0,2069,1,0,2,0,4,1,2,9,1,1,Attchd,1.0,505,2.0,2.0,2,0,0,0,0,0,0,0,11,WD,Normal,242000,1,1,0
936,30,RL,52.0,5825,Pave,2,Lvl,AllPub,Inside,2,1,Norm,Norm,1Fam,1Story,4,5,Gable,CompShg,MetalSd,MetalSd,108.0,1,3,PConc,0.0,2.0,1.0,0.0,0,1.0,0,600,600,GasA,3,1,SBrkr,0,0,747,0,0,1,0,1,1,1,5,1,0,Detchd,0.0,528,2.0,2.0,2,0,0,32,0,0,0,0,6,WD,Normal,79900,1,53,0
937,20,RL,67.0,10083,Pave,3,Lvl,AllPub,Inside,2,2,Norm,Norm,1Fam,1Story,7,5,Gable,CompShg,VinylSd,VinylSd,,2,2,PConc,2.0,2.0,0.0,5.0,833,1.0,0,343,1176,GasA,4,1,SBrkr,0,0,1200,1,0,2,0,2,1,2,5,1,0,Attchd,1.0,555,2.0,2.0,2,0,41,0,0,0,0,0,8,WD,Normal,184900,0,6,0
938,60,RL,75.0,9675,Pave,3,Lvl,AllPub,Inside,2,1,Norm,Norm,1Fam,2Story,7,5,Gable,CompShg,VinylSd,VinylSd,0.0,2,2,PConc,2.0,2.0,1.0,5.0,341,1.0,0,772,1113,GasA,4,1,SBrkr,858,0,1971,0,0,2,1,3,1,2,8,1,1,Attchd,1.0,689,2.0,2.0,2,0,48,0,0,0,0,0,2,WD,Normal,253000,0,4,0
939,60,RL,73.0,8760,Pave,3,Lvl,AllPub,Inside,2,0,Norm,Norm,1Fam,2Story,7,5,Gable,CompShg,VinylSd,VinylSd,0.0,2,2,PConc,2.0,3.0,1.0,5.0,464,1.0,0,927,1391,GasA,4,1,SBrkr,571,0,1962,0,0,2,1,3,1,2,7,1,0,Attchd,1.0,868,2.0,2.0,2,0,90,0,0,0,0,0,8,New,Partial,239799,0,0,1
940,70,RL,,24090,Pave,3,Lvl,AllPub,Inside,2,3,Norm,Norm,1Fam,2Story,7,7,Gable,CompShg,MetalSd,MetalSd,0.0,1,3,CBlock,1.0,2.0,1.0,0.0,0,1.0,0,1032,1032,GasA,4,1,SBrkr,1196,0,2403,0,0,2,0,4,1,1,10,1,2,Attchd,0.0,349,2.0,2.0,2,56,0,318,0,0,0,0,6,COD,Normal,244400,1,60,0
941,90,RL,55.0,12640,Pave,2,Lvl,AllPub,Inside,2,1,Norm,Norm,Duplex,1Story,6,5,Gable,CompShg,Plywood,Plywood,0.0,1,2,CBlock,1.0,2.0,3.0,2.0,936,0.0,396,396,1728,GasA,2,1,SBrkr,0,0,1728,0,0,2,0,4,2,1,8,1,0,Attchd,0.0,574,2.0,2.0,2,40,0,0,0,0,0,0,7,WD,Normal,150900,0,30,0
942,60,RL,,8755,Pave,2,Lvl,AllPub,FR2,2,3,RRNn,Norm,1Fam,2Story,7,5,Gable,CompShg,VinylSd,VinylSd,298.0,2,2,PConc,2.0,2.0,0.0,4.0,772,1.0,0,220,992,GasA,4,1,SBrkr,1038,0,2060,1,0,2,1,3,1,2,8,1,1,BuiltIn,1.0,390,2.0,2.0,2,0,0,0,168,0,0,0,6,WD,Normal,214000,0,10,0
943,90,RL,42.0,7711,Pave,2,Lvl,AllPub,Inside,2,3,Norm,Norm,Duplex,1Story,4,3,Gable,CompShg,MetalSd,MetalSd,0.0,1,2,PConc,2.0,2.0,3.0,5.0,1440,1.0,0,0,1440,GasA,2,1,SBrkr,0,0,1440,2,0,2,0,4,2,1,8,1,0,,,0,,,0,321,0,0,0,0,0,0,8,Oth,Abnorml,150000,0,30,0
944,90,RL,100.0,25000,Pave,3,Low,AllPub,Inside,2,1,Norm,Norm,Duplex,1Story,5,4,Gable,CompShg,HdBoard,Plywood,0.0,1,2,CBlock,1.0,2.0,2.0,0.0,0,1.0,0,1632,1632,GasA,2,1,SBrkr,0,0,1632,0,0,2,0,4,2,1,8,1,0,Attchd,0.0,576,2.0,2.0,1,0,0,0,0,0,0,0,6,WD,Normal,143000,0,40,0
945,20,RL,,14375,Pave,2,Lvl,NoSeWa,CulDSac,2,3,Norm,Norm,1Fam,SLvl,6,6,Gable,CompShg,HdBoard,HdBoard,541.0,1,2,CBlock,1.0,2.0,0.0,5.0,111,2.0,354,354,819,GasA,3,1,FuseA,0,0,1344,0,1,1,0,3,1,2,7,1,1,Basment,1.0,525,2.0,2.0,2,0,118,0,0,233,0,0,1,COD,Abnorml,137500,0,51,0
946,50,RM,98.0,8820,Pave,3,Lvl,AllPub,Corner,2,1,Norm,Norm,1Fam,1.5Fin,5,6,Hip,CompShg,VinylSd,VinylSd,0.0,1,2,BrkTil,1.0,2.0,0.0,1.0,1088,1.0,0,0,1088,GasA,2,1,SBrkr,561,120,1869,0,0,1,0,2,1,1,7,1,0,Detchd,0.0,456,2.0,2.0,2,48,0,244,0,0,0,0,9,WD,Normal,124900,1,13,0
947,80,RL,70.0,8163,Pave,3,Lvl,AllPub,Inside,2,2,Norm,Norm,1Fam,SLvl,5,6,Gable,CompShg,HdBoard,HdBoard,128.0,1,3,CBlock,1.0,2.0,2.0,4.0,748,3.0,294,102,1144,GasA,2,1,SBrkr,0,0,1144,1,0,1,0,3,1,1,6,1,1,Attchd,1.0,796,2.0,2.0,2,86,0,0,0,0,0,0,3,WD,Normal,143000,0,47,0
948,20,RL,85.0,14536,Pave,3,Lvl,AllPub,Inside,2,3,Norm,Norm,1Fam,1Story,8,5,Hip,CompShg,VinylSd,VinylSd,236.0,2,2,PConc,2.0,2.0,2.0,5.0,1300,1.0,0,316,1616,GasA,4,1,SBrkr,0,0,1629,1,0,2,0,3,1,2,9,1,1,Attchd,2.0,808,2.0,2.0,2,0,252,0,0,0,0,0,11,WD,Normal,270000,1,4,0
949,60,RL,65.0,14006,Pave,2,Lvl,AllPub,Inside,2,0,Norm,Norm,1Fam,2Story,7,5,Gable,CompShg,VinylSd,VinylSd,144.0,2,2,PConc,2.0,2.0,,0.0,0,1.0,0,936,936,GasA,4,1,SBrkr,840,0,1776,0,0,2,1,3,1,2,7,1,1,Attchd,1.0,474,2.0,2.0,2,144,96,0,0,0,0,0,2,WD,Normal,192500,0,4,0
950,20,RL,78.0,9360,Pave,3,Lvl,AllPub,Inside,2,1,Norm,Norm,1Fam,1Story,6,7,Hip,CompShg,Plywood,Plywood,0.0,1,2,CBlock,1.0,2.0,0.0,4.0,982,1.0,0,179,1161,GasA,2,1,SBrkr,0,0,1381,1,0,1,1,3,1,2,5,1,1,Attchd,1.0,676,2.0,2.0,2,0,0,0,0,0,0,0,3,WD,Normal,197500,1,4,0
951,20,RL,60.0,7200,Pave,3,Lvl,AllPub,Inside,2,2,Norm,Norm,1Fam,1Story,5,8,Gable,CompShg,VinylSd,VinylSd,0.0,1,2,CBlock,1.0,2.0,0.0,4.0,398,3.0,149,317,864,GasA,3,1,SBrkr,0,0,864,1,0,1,0,3,1,2,5,1,0,Detchd,1.0,720,2.0,2.0,2,194,0,0,0,0,0,0,7,WD,Normal,129000,1,5,0
952,20,RH,60.0,7800,Pave,3,Lvl,AllPub,Corner,2,2,Norm,Norm,1Fam,1Story,5,5,Gable,CompShg,VinylSd,VinylSd,0.0,1,2,CBlock,1.0,2.0,0.0,3.0,641,1.0,0,187,828,GasA,3,1,SBrkr,0,0,965,1,0,1,0,3,1,1,6,1,0,Detchd,0.0,300,2.0,2.0,2,421,0,0,0,0,0,0,7,WD,Abnorml,119900,0,41,0
953,85,RL,60.0,7200,Pave,3,Lvl,AllPub,Inside,2,0,Norm,Norm,1Fam,SFoyer,5,8,Gable,CompShg,WdShing,HdBoard,0.0,1,3,CBlock,2.0,2.0,2.0,5.0,660,1.0,0,108,768,GasA,3,1,SBrkr,0,0,768,0,1,1,0,2,1,1,5,1,0,Detchd,2.0,396,2.0,2.0,2,192,0,0,0,0,0,0,4,WD,Normal,133900,1,6,0
954,60,RL,,11075,Pave,2,Lvl,AllPub,Inside,1,1,Norm,Norm,1Fam,2Story,5,4,Gable,CompShg,HdBoard,HdBoard,232.0,1,2,CBlock,1.0,2.0,2.0,4.0,562,0.0,193,29,784,GasA,4,1,SBrkr,800,0,1968,0,1,2,1,4,1,1,7,5,1,Attchd,1.0,530,2.0,2.0,2,305,189,0,0,0,0,400,9,WD,Normal,172000,0,39,0
955,90,RL,35.0,9400,Pave,2,Lvl,AllPub,CulDSac,2,3,Norm,Norm,Duplex,SFoyer,6,5,Flat,Tar&Grv,WdShing,Plywood,250.0,1,2,CBlock,2.0,3.0,3.0,5.0,945,1.0,0,0,945,GasA,2,1,SBrkr,0,0,980,0,2,2,0,4,0,1,4,1,0,,,0,,,2,0,0,0,0,0,0,0,10,WD,AdjLand,127500,0,31,0
956,90,RH,82.0,7136,Pave,2,HLS,AllPub,Inside,2,0,Norm,Norm,Duplex,2Story,6,6,Gable,CompShg,MetalSd,MetalSd,423.0,1,2,CBlock,2.0,2.0,0.0,2.0,484,1.0,0,495,979,GasA,2,0,FuseF,979,0,1958,0,0,2,0,4,2,1,8,1,0,Attchd,0.0,492,2.0,2.0,2,0,0,0,0,0,0,0,8,WD,Normal,145000,1,57,0
957,160,RM,24.0,1300,Pave,3,Lvl,AllPub,Inside,2,3,Norm,Norm,TwnhsE,2Story,6,6,Gable,CompShg,MetalSd,MetalSd,0.0,1,2,CBlock,2.0,2.0,0.0,4.0,285,1.0,0,276,561,GasA,2,1,SBrkr,668,0,1229,0,0,1,1,2,1,1,5,1,1,Attchd,2.0,462,2.0,2.0,2,150,0,0,0,0,0,0,5,WD,Normal,124000,0,29,0
958,20,RL,70.0,7420,Pave,3,Lvl,AllPub,Inside,2,2,Norm,Norm,1Fam,1Story,5,5,Hip,CompShg,MetalSd,MetalSd,0.0,1,2,CBlock,1.0,2.0,0.0,2.0,417,1.0,0,640,1057,GasA,2,1,SBrkr,0,0,1057,0,0,1,0,3,1,1,6,1,0,Detchd,2.0,576,2.0,2.0,2,0,0,0,0,0,0,0,4,WD,Normal,132000,0,45,0
959,20,RL,65.0,8450,Pave,3,Lvl,AllPub,Inside,2,0,Norm,Norm,1Fam,1Story,7,5,Gable,CompShg,VinylSd,VinylSd,0.0,2,2,PConc,2.0,2.0,1.0,5.0,699,1.0,0,638,1337,GasA,4,1,SBrkr,0,0,1337,1,0,2,0,3,1,2,6,1,0,Attchd,1.0,531,2.0,2.0,2,0,39,0,0,0,0,0,10,WD,Normal,185000,0,4,0
960,160,FV,24.0,2572,Pave,3,Lvl,AllPub,FR2,2,1,Norm,Norm,Twnhs,2Story,7,5,Hip,CompShg,MetalSd,MetalSd,0.0,2,2,PConc,2.0,2.0,0.0,4.0,604,1.0,0,92,696,GasA,4,1,SBrkr,720,0,1416,1,0,2,1,3,1,2,6,1,0,Detchd,0.0,484,2.0,2.0,2,0,44,0,0,0,0,0,5,WD,Normal,155000,0,11,0
961,20,RL,50.0,7207,Pave,2,Lvl,AllPub,Inside,2,1,Norm,Norm,1Fam,1Story,5,7,Gable,CompShg,Wd Sdng,Plywood,0.0,1,3,CBlock,1.0,2.0,3.0,3.0,696,1.0,0,162,858,GasA,3,1,SBrkr,0,0,858,1,0,1,0,2,1,1,4,1,0,,,0,,,2,117,0,0,0,0,0,0,2,WD,Normal,116500,1,2,0
962,60,RL,,12227,Pave,2,Lvl,AllPub,Corner,2,1,PosN,Norm,1Fam,2Story,6,7,Gable,CompShg,HdBoard,HdBoard,424.0,1,3,CBlock,2.0,3.0,0.0,4.0,896,1.0,0,434,1330,GasA,2,1,SBrkr,1330,0,2872,1,0,2,1,4,1,1,11,1,1,Attchd,2.0,619,2.0,2.0,2,550,282,0,0,0,0,0,7,WD,Normal,272000,1,13,0
963,160,RL,24.0,2308,Pave,3,Lvl,AllPub,Corner,2,3,Norm,Norm,TwnhsE,2Story,6,6,Gable,CompShg,Plywood,Brk Cmn,0.0,1,2,CBlock,2.0,2.0,0.0,4.0,556,1.0,0,248,804,GasA,2,1,SBrkr,744,0,1548,1,0,2,1,3,1,2,7,1,1,Detchd,0.0,440,2.0,2.0,2,48,0,0,0,0,0,0,7,WD,Normal,155000,0,31,0
964,20,RL,122.0,11923,Pave,2,Lvl,AllPub,Corner,2,0,Norm,Norm,1Fam,1Story,9,5,Gable,CompShg,VinylSd,VinylSd,0.0,2,2,PConc,3.0,2.0,0.0,0.0,0,1.0,0,1800,1800,GasA,4,1,SBrkr,0,0,1800,0,0,2,0,2,1,3,7,1,0,Attchd,2.0,702,2.0,2.0,2,288,136,0,0,0,0,0,5,WD,Normal,239000,0,2,0
965,60,RL,80.0,11316,Pave,3,Lvl,AllPub,Corner,2,3,Norm,Norm,1Fam,2Story,7,5,Gable,CompShg,VinylSd,VinylSd,44.0,2,2,PConc,2.0,2.0,0.0,5.0,624,1.0,0,193,817,GasA,4,1,SBrkr,1070,0,1894,1,0,2,1,4,1,2,8,1,1,BuiltIn,2.0,510,2.0,2.0,2,0,40,0,0,0,0,0,2,WD,Normal,214900,1,7,0
966,60,RL,65.0,10237,Pave,3,Lvl,AllPub,Inside,2,3,RRAn,Norm,1Fam,2Story,6,5,Gable,CompShg,VinylSd,VinylSd,0.0,2,2,PConc,2.0,2.0,0.0,0.0,0,1.0,0,783,783,GasA,4,1,SBrkr,701,0,1484,0,0,2,1,3,1,2,8,1,1,Attchd,2.0,393,2.0,2.0,2,0,72,0,0,0,0,0,7,New,Partial,178900,1,0,0
967,50,RL,130.0,9600,Pave,2,HLS,AllPub,Inside,2,0,Norm,Norm,1Fam,1.5Fin,5,7,Gable,CompShg,MetalSd,MetalSd,0.0,2,3,BrkTil,1.0,1.0,0.0,2.0,428,1.0,0,300,728,GasA,4,1,SBrkr,332,0,1308,1,0,1,1,2,1,1,7,5,2,Detchd,0.0,256,2.0,2.0,2,0,70,0,0,0,0,0,6,WD,Normal,160000,1,59,0
968,20,RL,,7390,Pave,2,Lvl,AllPub,Inside,2,2,Norm,Norm,1Fam,1Story,5,7,Hip,CompShg,Wd Sdng,Wd Sdng,151.0,1,2,CBlock,1.0,2.0,0.0,4.0,902,1.0,0,196,1098,GasA,2,1,SBrkr,0,0,1098,1,0,1,0,3,1,1,6,1,0,Attchd,0.0,260,2.0,2.0,2,0,0,0,0,0,0,0,7,WD,Normal,135000,0,53,0
969,50,RM,50.0,5925,Pave,3,Lvl,AllPub,Inside,2,1,Norm,Norm,1Fam,1.5Fin,3,6,Gable,CompShg,VinylSd,VinylSd,0.0,1,2,BrkTil,1.0,2.0,0.0,0.0,0,1.0,0,600,600,Grav,1,0,SBrkr,368,0,968,0,0,1,0,2,1,1,6,1,0,,,0,,,2,0,0,0,0,0,0,0,5,WD,Abnorml,37900,1,59,0
970,190,RL,75.0,10382,Pave,3,Lvl,AllPub,Inside,2,2,Norm,Norm,2fmCon,SLvl,6,5,Hip,CompShg,HdBoard,HdBoard,105.0,1,1,CBlock,1.0,2.0,3.0,4.0,513,1.0,0,75,588,GasA,2,1,SBrkr,0,0,1095,1,0,1,0,2,1,1,6,1,0,Attchd,1.0,264,2.0,2.0,2,0,0,0,0,0,0,0,3,ConLD,Normal,140000,0,48,0
971,50,RL,60.0,10800,Pave,3,Lvl,AllPub,Inside,2,2,Norm,Norm,1Fam,1.5Fin,4,4,Gable,CompShg,AsbShng,AsbShng,0.0,1,2,CBlock,1.0,2.0,0.0,0.0,0,1.0,0,720,720,GasA,2,0,FuseA,472,0,1192,0,0,1,1,4,1,1,6,1,0,,,0,,,2,0,0,0,0,0,0,0,12,WD,Abnorml,135000,1,56,0
972,160,RL,36.0,2268,Pave,3,Lvl,AllPub,Inside,2,2,Norm,Norm,Twnhs,2Story,7,5,Gable,CompShg,VinylSd,Wd Shng,106.0,2,2,PConc,2.0,2.0,0.0,5.0,567,1.0,0,197,764,GasA,4,1,SBrkr,862,0,1626,0,0,2,0,2,1,2,6,1,0,BuiltIn,1.0,474,2.0,2.0,2,0,27,0,0,0,0,0,7,WD,Normal,173000,1,5,0
973,120,RL,55.0,7892,Pave,3,Lvl,AllPub,Inside,2,2,Norm,Norm,TwnhsE,1Story,6,5,Gable,CompShg,Plywood,Plywood,0.0,1,2,CBlock,2.0,2.0,0.0,0.0,0,1.0,0,918,918,GasA,2,1,SBrkr,0,0,918,0,0,2,0,2,1,1,5,1,1,Attchd,0.0,264,2.0,2.0,2,28,0,0,0,0,0,0,4,WD,Normal,99500,0,31,0
974,20,FV,95.0,11639,Pave,3,Lvl,AllPub,Corner,2,1,Norm,Norm,1Fam,1Story,7,5,Gable,CompShg,CemntBd,CmentBd,,2,2,PConc,2.0,2.0,0.0,0.0,0,1.0,0,1428,1428,GasA,4,1,SBrkr,0,0,1428,0,0,2,0,3,1,2,6,1,0,Attchd,2.0,480,2.0,2.0,2,0,120,0,0,0,0,0,12,New,Partial,182000,1,0,0
975,70,RL,60.0,11414,Pave,2,Lvl,AllPub,Corner,2,1,RRAn,Feedr,1Fam,2Story,7,8,Gable,CompShg,HdBoard,HdBoard,0.0,1,3,BrkTil,2.0,2.0,0.0,0.0,0,1.0,0,728,728,GasA,2,0,SBrkr,883,0,2019,0,0,1,0,3,1,2,8,1,0,Detchd,0.0,532,2.0,2.0,2,509,135,0,0,0,0,0,10,WD,Normal,167500,1,16,0
976,160,FV,,2651,Pave,3,Lvl,AllPub,FR2,2,1,Norm,Norm,Twnhs,2Story,7,5,Gable,CompShg,MetalSd,MetalSd,0.0,2,2,PConc,2.0,2.0,0.0,5.0,641,1.0,0,32,673,GasA,4,1,SBrkr,709,0,1382,1,0,2,1,3,1,2,6,1,0,Detchd,0.0,490,2.0,2.0,2,153,50,0,0,0,0,0,4,WD,Normal,165000,0,6,0
977,30,RL,51.0,5900,Pave,2,Bnk,AllPub,Inside,2,1,Norm,Norm,1Fam,1Story,4,7,Gable,CompShg,Wd Sdng,Wd Sdng,0.0,1,2,PConc,2.0,2.0,0.0,0.0,0,1.0,0,440,440,GasA,2,1,FuseA,0,0,869,0,0,1,0,2,1,0,4,1,0,,,0,,,2,0,0,0,0,0,0,0,8,WD,Normal,85500,1,48,0
978,120,FV,35.0,4274,Pave,2,Lvl,AllPub,Inside,2,1,Norm,Norm,TwnhsE,1Story,7,5,Gable,CompShg,VinylSd,VinylSd,,2,2,PConc,2.0,2.0,0.0,5.0,1106,1.0,0,135,1241,GasA,4,1,SBrkr,0,0,1241,1,0,1,1,1,1,2,4,1,0,Attchd,2.0,569,2.0,2.0,2,0,116,0,0,0,0,0,11,New,Partial,199900,1,0,0
979,20,RL,68.0,9450,Pave,3,Bnk,AllPub,Inside,1,3,Norm,Norm,1Fam,1Story,4,5,Gable,CompShg,MetalSd,MetalSd,0.0,1,2,CBlock,1.0,2.0,0.0,1.0,552,1.0,0,342,894,GasA,4,1,SBrkr,0,0,894,0,0,1,0,3,1,1,5,1,0,Detchd,0.0,400,2.0,2.0,2,0,0,0,0,0,0,0,5,WD,Abnorml,110000,0,53,0
980,20,RL,80.0,8816,Pave,3,Lvl,AllPub,Corner,2,2,Feedr,Norm,1Fam,1Story,5,6,Gable,CompShg,VinylSd,VinylSd,0.0,1,2,PConc,1.0,2.0,0.0,2.0,651,1.0,0,470,1121,GasA,2,1,SBrkr,0,0,1121,1,0,1,0,3,1,1,5,1,0,Detchd,0.0,480,2.0,2.0,2,0,80,0,0,0,0,0,6,WD,Normal,139000,0,46,0
981,85,RL,,12122,Pave,2,Lvl,AllPub,Corner,2,2,Norm,Norm,1Fam,SFoyer,7,9,Gable,CompShg,CemntBd,CmentBd,210.0,3,2,CBlock,1.0,2.0,2.0,4.0,867,1.0,0,77,944,GasA,3,1,SBrkr,0,0,999,1,0,1,0,3,1,3,6,1,0,Attchd,1.0,588,2.0,2.0,2,144,76,0,0,0,0,0,7,WD,Normal,178400,1,1,0
982,60,RL,98.0,12203,Pave,2,Lvl,AllPub,Corner,2,1,Norm,Norm,1Fam,2Story,8,5,Hip,CompShg,VinylSd,VinylSd,975.0,2,2,PConc,2.0,2.0,0.0,5.0,854,1.0,0,371,1225,GasA,4,1,SBrkr,1336,0,2612,1,0,2,1,4,1,2,8,1,1,Attchd,2.0,676,2.0,2.0,2,250,0,0,0,0,0,0,7,WD,Normal,336000,1,10,0
983,20,RL,43.0,3182,Pave,3,Lvl,AllPub,Inside,2,3,Norm,Norm,1Fam,1Story,7,5,Gable,CompShg,VinylSd,VinylSd,16.0,2,2,PConc,2.0,2.0,2.0,0.0,0,1.0,0,1266,1266,GasA,4,1,SBrkr,0,0,1266,0,0,2,0,2,1,2,6,1,1,Attchd,2.0,388,2.0,2.0,2,100,16,0,0,0,0,0,3,WD,Normal,159895,0,1,0
984,60,RL,,11250,Pave,3,Lvl,AllPub,Corner,2,0,Norm,Norm,1Fam,2Story,8,5,Gable,CompShg,CemntBd,CmentBd,0.0,2,2,PConc,2.0,2.0,1.0,0.0,0,1.0,0,1128,1128,GasA,4,1,SBrkr,1141,0,2290,0,0,2,1,4,1,2,9,1,1,Attchd,0.0,779,2.0,2.0,2,0,0,0,0,0,0,0,5,WD,Normal,255900,0,6,0
985,90,RL,75.0,10125,Pave,3,Lvl,AllPub,Inside,2,1,Norm,Norm,Duplex,1.5Fin,5,5,Gable,CompShg,Plywood,Plywood,0.0,1,2,CBlock,,,,,0,,0,0,0,GasA,2,1,SBrkr,432,0,1734,0,0,2,0,4,2,2,8,1,0,Attchd,0.0,539,2.0,2.0,2,0,0,0,0,0,0,0,8,COD,Normal,126000,0,32,0
986,190,RL,68.0,10880,Pave,3,Lvl,AllPub,Inside,2,3,Norm,Norm,2fmCon,1Story,5,5,Gable,CompShg,MetalSd,MetalSd,0.0,1,2,CBlock,1.0,2.0,0.0,4.0,1040,1.0,0,124,1164,GasW,2,0,SBrkr,0,0,1164,1,0,1,0,3,1,1,5,1,0,Detchd,0.0,240,2.0,2.0,2,0,48,0,0,0,0,0,8,ConLD,Normal,125000,0,58,0
987,50,RM,59.0,5310,Pave,3,Lvl,AllPub,Corner,2,1,Feedr,Norm,1Fam,1.5Fin,6,8,Hip,CompShg,VinylSd,VinylSd,0.0,1,3,CBlock,1.0,1.0,0.0,0.0,0,1.0,0,485,485,GasA,3,1,SBrkr,634,0,1635,0,0,1,0,2,1,2,5,1,0,Attchd,0.0,255,1.0,2.0,2,394,0,0,0,0,0,0,6,WD,Normal,117000,1,3,0
988,20,RL,83.0,10159,Pave,2,Lvl,AllPub,Inside,2,2,Norm,Norm,1Fam,1Story,9,5,Hip,CompShg,VinylSd,VinylSd,450.0,3,2,PConc,3.0,2.0,2.0,5.0,1646,1.0,0,284,1930,GasA,4,1,SBrkr,0,0,1940,1,0,2,1,3,1,3,8,1,1,Attchd,2.0,606,2.0,2.0,2,168,95,0,0,0,0,0,4,New,Partial,395192,1,0,0
989,60,RL,,12046,Pave,2,Lvl,AllPub,Inside,2,1,Norm,Norm,1Fam,2Story,6,6,Gable,CompShg,Plywood,Plywood,298.0,1,2,CBlock,1.0,2.0,0.0,1.0,156,1.0,0,692,848,GasA,2,1,SBrkr,912,0,2030,0,0,2,1,4,1,2,8,1,1,Attchd,2.0,551,2.0,2.0,2,0,224,0,0,0,0,0,6,WD,Normal,195000,0,31,0
990,60,FV,65.0,8125,Pave,3,Lvl,AllPub,Inside,2,1,Norm,Norm,1Fam,2Story,7,5,Gable,CompShg,VinylSd,VinylSd,0.0,2,2,PConc,2.0,3.0,0.0,0.0,0,1.0,0,770,770,GasA,4,1,SBrkr,798,0,1576,0,0,2,1,3,1,2,6,1,0,Attchd,1.0,614,2.0,2.0,2,0,50,0,0,0,0,0,8,New,Partial,197000,0,0,1
991,60,RL,82.0,9452,Pave,3,Lvl,AllPub,Inside,2,1,Norm,Norm,1Fam,2Story,8,5,Gable,CompShg,VinylSd,VinylSd,423.0,2,2,PConc,2.0,2.0,0.0,5.0,1074,1.0,0,322,1396,GasA,4,1,SBrkr,985,0,2392,1,0,2,1,3,1,2,7,1,1,Attchd,2.0,870,2.0,2.0,2,0,70,0,0,0,0,0,6,WD,Normal,348000,1,8,0
992,70,RM,121.0,17671,Pave,3,Lvl,AllPub,Corner,2,1,Artery,Norm,1Fam,2Story,8,9,Gable,CompShg,Wd Sdng,Wd Sdng,0.0,2,3,BrkTil,1.0,2.0,0.0,3.0,216,1.0,0,700,916,GasA,3,1,SBrkr,826,0,1742,0,0,1,1,4,1,2,8,1,1,Attchd,0.0,424,2.0,2.0,1,0,169,0,0,0,0,0,11,WD,Normal,168000,1,23,0
993,60,RL,80.0,9760,Pave,3,Lvl,AllPub,Inside,1,2,Norm,Norm,1Fam,2Story,6,8,Hip,CompShg,Wd Sdng,Wd Sdng,340.0,1,2,CBlock,1.0,2.0,3.0,3.0,536,2.0,117,169,822,GasA,3,1,SBrkr,831,0,1851,0,0,2,1,3,1,2,7,1,1,Attchd,1.0,440,2.0,2.0,2,239,42,0,0,0,0,0,7,WD,Normal,187000,1,14,0
994,60,RL,68.0,8846,Pave,3,Lvl,AllPub,Inside,2,0,Norm,Norm,1Fam,2Story,6,5,Gable,CompShg,VinylSd,VinylSd,0.0,1,2,PConc,2.0,2.0,0.0,0.0,0,1.0,0,750,750,GasA,4,1,SBrkr,750,0,1500,0,0,2,1,3,1,2,6,1,0,Attchd,1.0,564,2.0,2.0,2,0,35,0,0,0,0,0,8,New,Partial,173900,1,0,0
995,20,RL,96.0,12456,Pave,3,Lvl,AllPub,FR2,2,2,Norm,Norm,1Fam,1Story,10,5,Hip,CompShg,CemntBd,CmentBd,230.0,3,2,PConc,3.0,2.0,3.0,5.0,1172,1.0,0,528,1700,GasA,4,1,SBrkr,0,0,1718,1,0,2,0,3,1,3,7,1,1,Attchd,2.0,786,2.0,2.0,2,216,48,0,0,0,0,0,7,WD,Normal,337500,1,2,0
996,50,RL,51.0,4712,Pave,2,Lvl,AllPub,Inside,1,1,Feedr,Norm,1Fam,1.5Fin,4,7,Gable,CompShg,MetalSd,MetalSd,0.0,1,2,CBlock,1.0,2.0,0.0,4.0,384,1.0,0,363,747,GasA,2,1,SBrkr,456,0,1230,1,0,1,1,3,1,1,5,1,0,Detchd,0.0,305,2.0,2.0,2,0,57,0,0,63,0,0,8,WD,Abnorml,121600,1,56,0
997,20,RL,,10659,Pave,2,Lvl,AllPub,Inside,2,2,Norm,Norm,1Fam,1Story,5,6,Hip,CompShg,Wd Sdng,Wd Sdng,0.0,1,2,CBlock,1.0,2.0,0.0,2.0,915,1.0,0,135,1050,GasA,2,1,SBrkr,0,0,1050,1,0,1,0,3,1,1,6,1,0,Attchd,0.0,368,2.0,2.0,2,0,319,0,0,0,0,0,1,COD,Normal,136500,0,45,0
998,20,RL,,11717,Pave,2,Lvl,AllPub,Inside,2,1,PosA,Norm,1Fam,1Story,6,6,Hip,CompShg,HdBoard,HdBoard,571.0,1,2,CBlock,1.0,2.0,0.0,0.0,0,1.0,0,1442,1442,GasA,2,1,SBrkr,0,0,1442,0,0,2,0,2,1,1,6,1,1,Attchd,1.0,615,2.0,2.0,2,371,0,0,0,0,0,0,2,WD,Normal,185000,0,39,0
999,30,RM,60.0,9786,Pave,3,Lvl,AllPub,Inside,2,2,Norm,Norm,1Fam,1Story,3,4,Hip,CompShg,Wd Sdng,Wd Sdng,0.0,1,2,BrkTil,1.0,1.0,0.0,0.0,0,1.0,0,1007,1007,GasA,1,0,SBrkr,0,0,1077,0,0,1,0,3,1,1,6,1,1,Detchd,0.0,210,2.0,1.0,1,0,100,48,0,0,0,0,5,WD,Normal,91000,1,56,0
1000,20,RL,64.0,6762,Pave,3,Lvl,AllPub,Inside,2,0,Norm,Norm,1Fam,1Story,7,5,Gable,CompShg,VinylSd,VinylSd,24.0,2,2,PConc,2.0,2.0,2.0,5.0,686,1.0,0,501,1187,GasA,4,1,SBrkr,0,0,1208,1,0,2,0,2,1,2,6,1,0,Attchd,1.0,632,2.0,2.0,2,105,61,0,0,0,0,0,2,WD,Normal,206000,0,4,0
1001,20,RL,74.0,10206,Pave,3,Lvl,AllPub,Corner,2,3,Norm,Norm,1Fam,1Story,3,3,Flat,Tar&Grv,BrkComm,Brk Cmn,0.0,1,2,Slab,,,,,0,,0,0,0,GasW,1,0,FuseF,0,0,944,0,0,1,0,2,1,0,4,6,0,Detchd,0.0,528,2.0,1.0,2,0,0,0,0,0,0,0,7,WD,Normal,82000,0,57,0
1002,30,RL,60.0,5400,Pave,3,Lvl,AllPub,Corner,2,1,Norm,Norm,1Fam,1Story,5,6,Gable,CompShg,Wd Sdng,Wd Sdng,0.0,1,2,BrkTil,0.0,2.0,0.0,0.0,0,1.0,0,691,691,GasA,4,1,FuseA,0,0,691,0,0,1,0,2,1,3,4,1,0,Detchd,0.0,216,1.0,2.0,0,0,20,94,0,0,0,0,1,WD,Abnorml,86000,1,57,0
1003,20,RL,75.0,11957,Pave,2,Lvl,AllPub,Inside,2,1,RRAn,Norm,1Fam,1Story,8,5,Gable,CompShg,VinylSd,VinylSd,53.0,2,2,PConc,2.0,2.0,0.0,5.0,24,1.0,0,1550,1574,GasA,4,1,SBrkr,0,0,1574,0,0,2,0,3,1,2,7,1,1,Attchd,1.0,824,2.0,2.0,2,144,104,0,0,0,0,0,7,WD,Normal,232000,0,2,0
1004,90,RL,,11500,Pave,2,Lvl,AllPub,Corner,2,1,Feedr,RRAn,Duplex,1Story,5,6,Gable,CompShg,VinylSd,VinylSd,164.0,1,2,CBlock,1.0,2.0,0.0,0.0,0,1.0,0,1680,1680,GasA,1,1,SBrkr,0,0,1680,0,0,2,0,4,2,1,8,1,0,Detchd,0.0,528,2.0,2.0,2,0,0,0,0,0,0,0,6,WD,Normal,136905,0,31,0
1005,120,RL,43.0,3182,Pave,3,Lvl,AllPub,Inside,2,3,Norm,Norm,TwnhsE,1Story,7,5,Gable,CompShg,VinylSd,VinylSd,16.0,2,2,PConc,2.0,2.0,0.0,5.0,16,1.0,0,1330,1346,GasA,4,1,SBrkr,0,0,1504,0,0,2,0,1,1,2,7,1,1,Attchd,2.0,457,2.0,2.0,2,156,0,0,0,0,0,0,5,WD,Normal,181000,1,3,0
1006,80,RL,65.0,8385,Pave,3,Lvl,AllPub,Inside,2,0,Norm,Norm,1Fam,SLvl,5,8,Gable,CompShg,HdBoard,HdBoard,220.0,2,2,CBlock,2.0,3.0,2.0,5.0,595,1.0,0,390,985,GasA,2,1,SBrkr,0,0,985,0,0,2,0,3,1,1,6,1,0,Attchd,0.0,328,2.0,2.0,2,210,0,0,0,0,0,0,11,WD,Normal,149900,0,31,0
1007,20,RL,,12155,Pave,0,Lvl,AllPub,Inside,2,2,PosN,Norm,1Fam,1Story,6,3,Gable,CompShg,Plywood,Plywood,0.0,1,2,CBlock,2.0,2.0,0.0,1.0,1237,1.0,0,420,1657,GasA,3,1,SBrkr,0,0,1657,0,1,2,0,3,1,1,7,1,1,Attchd,0.0,484,2.0,2.0,2,0,0,0,0,147,0,0,3,WD,Normal,163500,0,37,0
1008,160,RM,21.0,2217,Pave,3,Lvl,AllPub,Inside,2,2,Norm,Norm,TwnhsE,2Story,4,4,Gable,CompShg,CemntBd,CmentBd,0.0,1,2,CBlock,1.0,2.0,0.0,3.0,273,0.0,273,0,546,GasA,2,1,SBrkr,546,0,1092,0,0,1,1,3,1,1,6,1,0,Attchd,1.0,286,2.0,2.0,2,238,0,0,0,0,0,0,8,WD,Normal,88000,0,39,0
1009,20,RL,43.0,12118,Pave,2,Lvl,AllPub,CulDSac,2,1,Norm,Norm,1Fam,1Story,7,5,Hip,CompShg,VinylSd,VinylSd,108.0,2,2,PConc,3.0,2.0,1.0,0.0,0,1.0,0,1710,1710,GasA,4,1,SBrkr,0,0,1710,0,0,2,0,3,1,2,7,1,1,Attchd,2.0,550,2.0,2.0,2,100,48,0,0,180,0,0,4,WD,Normal,240000,1,4,0
1010,50,RL,60.0,6000,Pave,3,Lvl,AllPub,Inside,2,3,Norm,Norm,1Fam,1.5Fin,5,5,Gable,CompShg,Wd Sdng,Wd Sdng,0.0,1,1,BrkTil,1.0,2.0,0.0,0.0,0,1.0,0,1008,1008,GasA,4,1,SBrkr,0,514,1522,0,0,2,0,4,1,1,7,1,0,,,0,,,1,0,0,138,0,0,0,0,6,WD,Normal,102000,1,56,0
1011,50,RL,115.0,21286,Pave,3,Lvl,AllPub,Inside,2,2,Norm,Norm,1Fam,1.5Fin,5,5,Gable,CompShg,Wd Sdng,Wd Sdng,0.0,1,2,CBlock,1.0,2.0,0.0,0.0,0,1.0,0,720,720,GasA,2,1,SBrkr,551,0,1271,0,0,2,0,4,1,1,7,1,1,Attchd,0.0,312,2.0,2.0,2,0,0,108,0,0,0,0,8,WD,Normal,135000,1,58,0
1012,90,RL,75.0,9825,Pave,3,Lvl,AllPub,Inside,2,3,Norm,Norm,Duplex,1Story,5,5,Hip,CompShg,AsphShn,AsphShn,0.0,1,2,CBlock,,,,,0,,0,0,0,GasA,2,0,SBrkr,0,0,1664,0,0,2,0,4,2,1,8,1,0,,,0,,,2,0,0,0,0,0,0,0,5,WD,Normal,100000,0,45,0
1013,70,RL,55.0,10592,Pave,3,Lvl,AllPub,Inside,2,0,Norm,Norm,1Fam,2Story,6,7,Hip,CompShg,Wd Sdng,Wd Sdng,0.0,1,3,PConc,1.0,1.0,0.0,0.0,0,1.0,0,602,602,GasA,2,1,SBrkr,602,0,1502,0,0,1,1,3,1,2,7,1,2,Detchd,0.0,180,2.0,2.0,2,96,0,112,0,53,0,0,8,WD,Normal,165000,1,11,0
1014,30,RM,60.0,7200,Pave,3,Lvl,AllPub,Inside,2,1,Norm,Norm,1Fam,1Story,5,4,Hip,CompShg,MetalSd,Stucco,0.0,1,2,BrkTil,1.0,2.0,0.0,4.0,247,2.0,465,310,1022,GasW,2,0,SBrkr,0,0,1022,1,0,1,0,2,1,1,4,2,0,Detchd,0.0,280,2.0,2.0,2,0,30,226,0,0,0,0,6,WD,Normal,85000,1,3,0
1015,20,RL,60.0,11664,Pave,3,Lvl,AllPub,Inside,2,2,Artery,Norm,1Fam,1Story,6,5,Gable,CompShg,MetalSd,MetalSd,206.0,1,2,CBlock,1.0,1.0,0.0,3.0,336,1.0,0,746,1082,GasA,2,1,SBrkr,0,0,1082,0,0,1,0,2,1,1,5,1,1,Detchd,0.0,240,2.0,2.0,2,0,130,0,0,0,0,0,11,WD,Normal,119200,1,57,0
1016,60,RL,70.0,8400,Pave,3,Lvl,AllPub,Inside,2,1,Norm,Norm,1Fam,2Story,8,6,Gable,CompShg,VinylSd,VinylSd,0.0,2,2,PConc,2.0,2.0,0.0,5.0,643,1.0,0,167,810,GasA,4,1,SBrkr,855,0,1665,1,0,2,1,3,1,2,6,1,0,Attchd,2.0,528,2.0,2.0,2,0,45,0,0,0,0,0,11,WD,Normal,227000,0,8,0
1017,20,RL,73.0,11883,Pave,3,Lvl,AllPub,Inside,2,0,Norm,Norm,1Fam,1Story,7,5,Hip,CompShg,VinylSd,VinylSd,196.0,2,2,PConc,2.0,2.0,3.0,5.0,690,1.0,0,814,1504,GasA,4,1,SBrkr,0,0,1504,1,0,2,0,3,1,2,6,1,1,Attchd,2.0,478,2.0,2.0,2,115,66,0,0,0,0,0,6,WD,Normal,203000,0,13,0
1018,120,RL,,5814,Pave,2,Lvl,AllPub,CulDSac,2,3,Norm,Norm,TwnhsE,1Story,8,5,Gable,CompShg,HdBoard,HdBoard,0.0,2,2,CBlock,2.0,2.0,2.0,5.0,1036,1.0,0,184,1220,GasA,3,1,SBrkr,0,0,1360,1,0,1,0,1,1,2,4,1,1,Attchd,1.0,565,2.0,2.0,2,63,0,0,0,0,0,0,8,COD,Abnorml,187500,0,25,0
1019,80,RL,,10784,Pave,2,Lvl,AllPub,FR2,2,3,Norm,Norm,1Fam,SLvl,7,5,Gable,CompShg,HdBoard,HdBoard,76.0,2,2,PConc,2.0,2.0,0.0,0.0,0,1.0,0,384,384,GasA,3,1,SBrkr,670,0,1472,0,0,2,1,3,1,2,7,1,1,Attchd,1.0,402,2.0,2.0,2,164,0,0,0,0,0,0,5,WD,Normal,160000,1,15,0
1020,120,RL,43.0,3013,Pave,3,Lvl,AllPub,Inside,2,3,Norm,Norm,TwnhsE,1Story,7,5,Gable,CompShg,VinylSd,VinylSd,145.0,2,2,PConc,2.0,2.0,3.0,5.0,16,1.0,0,1346,1362,GasA,4,1,SBrkr,0,0,1506,0,0,2,0,2,1,2,6,1,1,Attchd,2.0,440,2.0,2.0,2,142,20,0,0,0,0,0,4,WD,Normal,213490,0,1,0
1021,20,RL,60.0,7024,Pave,3,Lvl,AllPub,Inside,2,3,Norm,Norm,1Fam,1Story,4,5,Gable,CompShg,VinylSd,VinylSd,0.0,1,2,PConc,2.0,2.0,0.0,5.0,1024,1.0,0,108,1132,GasA,4,1,SBrkr,0,0,1132,1,0,1,1,2,1,2,5,1,0,Attchd,2.0,451,2.0,2.0,2,252,64,0,0,0,0,0,6,WD,Normal,176000,0,3,0
1022,20,RL,64.0,7406,Pave,3,Lvl,AllPub,Inside,2,0,Norm,Norm,1Fam,1Story,7,5,Gable,CompShg,VinylSd,VinylSd,84.0,2,2,PConc,2.0,2.0,2.0,5.0,684,1.0,0,515,1199,GasA,4,1,SBrkr,0,0,1220,1,0,2,0,2,1,2,6,1,0,Attchd,1.0,632,2.0,2.0,2,105,54,0,0,0,0,0,7,New,Partial,194000,0,0,1
1023,50,RM,52.0,9439,Pave,3,Lvl,AllPub,Inside,2,1,Norm,Norm,1Fam,1.5Fin,5,5,Gable,CompShg,Wd Sdng,Wd Sdng,0.0,1,2,CBlock,1.0,2.0,0.0,1.0,324,1.0,0,588,912,GasA,3,1,FuseA,336,0,1248,0,0,1,0,2,1,1,6,1,0,Detchd,0.0,160,1.0,1.0,2,0,0,192,0,0,0,0,3,WD,Normal,87000,1,57,0
1024,120,RL,43.0,3182,Pave,3,Lvl,AllPub,Inside,2,3,Norm,Norm,TwnhsE,1Story,7,5,Gable,CompShg,VinylSd,VinylSd,14.0,2,2,PConc,2.0,3.0,0.0,5.0,16,1.0,0,1330,1346,GasA,4,1,SBrkr,0,0,1504,0,0,2,0,2,1,2,7,1,1,Attchd,2.0,437,2.0,2.0,2,156,20,0,0,0,0,0,5,WD,Normal,191000,1,2,0
1025,20,RL,,15498,Pave,2,Lvl,AllPub,Corner,2,3,Norm,Norm,1Fam,1Story,8,6,Hip,WdShake,Stone,HdBoard,0.0,2,2,CBlock,2.0,2.0,2.0,4.0,1165,0.0,400,0,1565,GasA,2,1,SBrkr,0,0,2898,1,0,2,0,2,1,2,10,1,1,Attchd,2.0,665,2.0,2.0,2,0,72,174,0,0,0,0,5,COD,Abnorml,287000,0,32,0
1026,20,RL,70.0,7700,Pave,3,Lvl,AllPub,Corner,2,0,Norm,Norm,1Fam,1Story,5,5,Gable,CompShg,VinylSd,VinylSd,0.0,1,2,CBlock,1.0,2.0,0.0,1.0,138,2.0,468,276,882,GasA,2,1,SBrkr,0,0,882,1,0,1,0,3,1,1,5,1,0,Detchd,0.0,461,2.0,2.0,2,96,0,0,0,0,0,0,3,WD,Normal,112500,0,35,0
1027,20,RL,73.0,9300,Pave,3,Lvl,AllPub,Inside,2,2,Feedr,Norm,1Fam,1Story,5,5,Gable,CompShg,MetalSd,HdBoard,324.0,1,2,CBlock,1.0,2.0,0.0,2.0,697,1.0,0,571,1268,GasA,2,1,SBrkr,0,0,1264,1,0,1,0,3,1,1,6,1,2,Attchd,0.0,461,2.0,2.0,2,0,0,0,0,143,0,0,4,WD,Normal,167500,0,50,0
1028,20,RL,71.0,9520,Pave,2,HLS,AllPub,Inside,2,3,Norm,Norm,1Fam,1Story,8,5,Gable,CompShg,VinylSd,VinylSd,338.0,2,2,PConc,2.0,2.0,3.0,5.0,1513,1.0,0,125,1638,GasA,4,1,SBrkr,0,0,1646,1,0,2,0,3,1,2,7,1,1,Attchd,1.0,800,2.0,2.0,2,192,44,0,0,0,0,0,4,New,Partial,293077,1,0,0
1029,50,RL,79.0,9492,Pave,3,Lvl,AllPub,Inside,2,2,Artery,Norm,1Fam,1.5Fin,5,5,Gable,CompShg,WdShing,Wd Shng,0.0,1,2,CBlock,1.0,2.0,0.0,2.0,368,3.0,41,359,768,GasA,2,1,SBrkr,408,0,1376,1,0,1,0,3,1,1,6,1,1,Attchd,0.0,240,2.0,2.0,2,0,0,0,0,0,0,0,4,WD,Normal,105000,1,57,0
1030,160,RM,21.0,1680,Pave,3,Lvl,AllPub,Inside,2,3,Norm,Norm,Twnhs,2Story,6,7,Gable,CompShg,HdBoard,HdBoard,281.0,1,2,CBlock,1.0,2.0,0.0,3.0,317,1.0,0,355,672,GasA,3,1,SBrkr,546,0,1218,0,1,1,1,3,1,1,7,1,0,Detchd,0.0,264,2.0,2.0,2,0,28,0,0,0,0,0,5,WD,Normal,118000,0,34,0
1031,190,RH,,7082,Pave,3,Lvl,AllPub,Inside,2,3,Norm,Norm,2fmCon,2Story,5,8,Gable,CompShg,VinylSd,VinylSd,0.0,1,2,PConc,1.0,2.0,1.0,0.0,0,1.0,0,686,686,GasA,3,1,SBrkr,980,0,1928,0,0,2,0,5,2,1,10,1,0,,,0,,,0,0,0,228,0,0,0,0,7,WD,Normal,160000,1,11,0
1032,75,RL,102.0,15863,Pave,3,Lvl,AllPub,Corner,2,3,Norm,Norm,1Fam,2.5Fin,7,3,Gable,CompShg,Wd Sdng,Plywood,0.0,1,2,BrkTil,1.0,2.0,0.0,5.0,523,1.0,0,301,824,GasA,4,1,SBrkr,998,397,3082,1,0,2,1,5,1,1,12,1,2,Basment,2.0,672,2.0,2.0,2,136,63,0,0,0,0,0,8,WD,Normal,197000,1,39,0
1033,60,RL,,14541,Pave,2,Lvl,AllPub,Corner,2,1,Norm,Norm,1Fam,2Story,8,7,Gable,CompShg,MetalSd,MetalSd,0.0,2,3,PConc,2.0,3.0,0.0,5.0,1012,1.0,0,326,1338,GasA,4,1,SBrkr,1168,0,2520,1,0,2,1,5,1,2,10,1,1,Attchd,1.0,796,2.0,2.0,2,209,55,0,0,0,0,0,11,WD,Abnorml,310000,0,13,0
1034,20,RL,,8125,Pave,3,Lvl,AllPub,Inside,2,0,Norm,Norm,1Fam,1Story,7,5,Gable,CompShg,VinylSd,VinylSd,295.0,2,2,PConc,2.0,2.0,0.0,5.0,986,1.0,0,668,1654,GasA,4,1,SBrkr,0,0,1654,1,0,2,0,3,1,2,6,1,0,Attchd,0.0,900,2.0,2.0,2,0,136,0,0,0,0,0,2,WD,Normal,230000,0,4,0
1035,30,RL,50.0,6305,Pave,3,Bnk,AllPub,Inside,2,0,Norm,Norm,1Fam,1Story,5,7,Gable,CompShg,MetalSd,MetalSd,0.0,1,3,PConc,0.0,1.0,0.0,0.0,0,1.0,0,920,920,GasA,4,1,SBrkr,0,0,954,0,0,1,0,2,1,0,5,1,1,Basment,0.0,240,1.0,2.0,2,0,0,0,0,0,0,0,6,WD,Normal,119750,1,57,0
1036,20,RL,,11500,Pave,2,Lvl,AllPub,CulDSac,2,3,Norm,Norm,1Fam,1Story,4,3,Gable,CompShg,Wd Sdng,Wd Sdng,0.0,1,3,Slab,,,,,0,,0,0,0,GasA,4,0,SBrkr,0,0,845,0,0,1,0,3,1,1,5,1,0,Detchd,0.0,290,2.0,2.0,0,186,0,0,0,0,0,0,1,WD,Normal,84000,0,52,0
1037,20,RL,89.0,12898,Pave,2,HLS,AllPub,Inside,2,3,Norm,Norm,1Fam,1Story,9,5,Hip,CompShg,VinylSd,VinylSd,70.0,2,2,PConc,3.0,2.0,3.0,5.0,1022,1.0,0,598,1620,GasA,4,1,SBrkr,0,0,1620,1,0,2,0,2,1,3,6,1,1,Attchd,2.0,912,2.0,2.0,2,228,0,0,0,0,0,0,9,WD,Normal,315500,1,1,0
1038,60,RL,,9240,Pave,3,Lvl,AllPub,Inside,2,0,Norm,Norm,1Fam,2Story,8,5,Gable,CompShg,VinylSd,VinylSd,396.0,2,2,PConc,2.0,2.0,0.0,0.0,0,1.0,0,1055,1055,GasA,4,1,SBrkr,1208,0,2263,0,0,2,1,3,1,2,7,1,1,BuiltIn,2.0,905,2.0,2.0,2,0,45,0,0,189,0,0,9,WD,Normal,287000,1,6,0
1039,160,RM,21.0,1533,Pave,3,Lvl,AllPub,Inside,2,2,Norm,Norm,Twnhs,2Story,4,6,Gable,CompShg,CemntBd,CmentBd,0.0,1,2,CBlock,1.0,2.0,0.0,0.0,0,1.0,0,546,546,GasA,2,1,SBrkr,546,0,1344,0,0,1,1,3,1,1,6,1,1,,,0,,,2,0,0,0,0,0,0,0,5,WD,Normal,97000,1,1,0
1040,180,RM,21.0,1477,Pave,3,Lvl,AllPub,Inside,2,2,Norm,Norm,TwnhsE,SFoyer,4,4,Gable,CompShg,CemntBd,CmentBd,0.0,1,2,CBlock,2.0,2.0,2.0,5.0,509,1.0,0,121,630,GasA,2,1,SBrkr,0,0,630,1,0,1,0,1,1,1,3,1,0,Attchd,0.0,286,2.0,2.0,2,0,0,0,0,0,0,0,4,WD,Normal,80000,0,39,0
1041,20,RL,88.0,13125,Pave,3,Lvl,AllPub,Corner,2,2,Norm,Norm,1Fam,1Story,5,4,Gable,CompShg,Wd Sdng,Wd Sdng,67.0,1,2,CBlock,1.0,2.0,0.0,2.0,168,3.0,682,284,1134,GasA,4,1,SBrkr,0,0,1803,1,0,2,0,3,1,1,8,3,1,Attchd,1.0,484,2.0,2.0,2,0,0,0,0,0,0,0,1,WD,Normal,155000,1,6,0
1042,60,RL,,9130,Pave,3,Lvl,AllPub,Inside,2,1,Feedr,Norm,1Fam,2Story,6,8,Hip,CompShg,HdBoard,HdBoard,252.0,1,2,CBlock,1.0,2.0,0.0,5.0,400,2.0,64,336,800,GasA,3,1,SBrkr,832,0,1632,0,1,1,1,4,1,2,7,1,0,Attchd,0.0,484,2.0,2.0,2,0,40,0,0,0,0,0,7,WD,Normal,173000,1,8,0
1043,120,RL,34.0,5381,Pave,2,Lvl,AllPub,Inside,2,2,Norm,Norm,Twnhs,1Story,6,5,Gable,CompShg,VinylSd,VinylSd,135.0,2,2,PConc,2.0,2.0,2.0,4.0,900,1.0,0,406,1306,GasA,4,1,SBrkr,0,0,1306,1,0,2,0,1,1,2,5,1,1,Attchd,1.0,624,2.0,2.0,2,170,63,0,0,0,0,0,8,WD,Normal,196000,0,4,0
1044,60,RL,86.0,11839,Pave,3,Lvl,AllPub,Inside,2,2,Norm,Norm,1Fam,2Story,7,5,Hip,CompShg,HdBoard,HdBoard,99.0,1,2,PConc,2.0,2.0,0.0,5.0,1085,1.0,0,390,1475,GasA,4,1,SBrkr,797,0,2329,1,0,2,1,4,1,2,10,1,1,Attchd,0.0,514,2.0,2.0,2,192,121,0,0,0,0,0,5,WD,Normal,262280,0,18,0
1045,20,RL,80.0,9600,Pave,3,Lvl,AllPub,Inside,2,1,PosN,Norm,1Fam,1Story,8,5,Hip,WdShngl,BrkFace,BrkFace,0.0,2,2,PConc,2.0,2.0,0.0,4.0,1104,1.0,0,1420,2524,GasA,2,1,SBrkr,0,0,2524,1,0,2,1,4,1,2,9,1,1,Attchd,2.0,542,2.0,2.0,2,474,120,0,0,0,0,0,7,WD,Normal,278000,0,28,0
1046,20,RL,,13680,Pave,2,Lvl,AllPub,CulDSac,2,3,Norm,Norm,1Fam,1Story,3,5,Hip,CompShg,BrkFace,Wd Sdng,0.0,1,2,Slab,,,,,0,,0,0,0,GasA,4,1,FuseA,0,0,1733,0,0,2,0,4,1,1,8,5,1,Attchd,0.0,452,2.0,2.0,2,0,0,0,0,0,0,0,6,WD,Normal,139600,0,54,0
1047,60,RL,85.0,16056,Pave,2,Lvl,AllPub,Inside,2,3,Norm,Norm,1Fam,2Story,9,5,Hip,CompShg,CemntBd,CmentBd,208.0,2,2,PConc,3.0,2.0,2.0,5.0,240,1.0,0,1752,1992,GasA,4,1,SBrkr,876,0,2868,0,0,3,1,4,1,3,11,1,1,BuiltIn,2.0,716,2.0,2.0,2,214,108,0,0,0,0,0,7,New,Partial,556581,1,0,0
1048,20,RL,57.0,9245,Pave,1,Lvl,AllPub,Inside,2,0,Norm,Norm,1Fam,1Story,5,5,Gable,CompShg,VinylSd,VinylSd,0.0,1,2,PConc,2.0,2.0,0.0,5.0,686,1.0,0,304,990,GasA,4,1,SBrkr,0,0,990,0,1,1,0,3,1,1,5,1,0,Detchd,0.0,672,2.0,2.0,2,0,0,0,0,0,0,0,2,WD,Normal,145000,1,13,0
1049,20,RL,100.0,21750,Pave,3,Lvl,AllPub,Inside,2,1,Norm,Norm,1Fam,1Story,5,4,Hip,CompShg,HdBoard,HdBoard,75.0,1,1,Slab,,,,,0,,0,0,0,GasA,2,1,SBrkr,0,0,1771,0,0,1,0,3,1,1,9,6,1,Attchd,0.0,336,2.0,2.0,2,0,0,0,0,0,0,0,11,WD,Normal,115000,1,3,0
1050,20,RL,60.0,11100,Pave,3,Low,AllPub,Inside,2,3,Norm,Norm,1Fam,1Story,4,7,Gable,CompShg,MetalSd,MetalSd,0.0,1,2,CBlock,,,,,0,,0,0,0,GasA,4,1,SBrkr,0,0,930,0,0,1,0,2,1,2,6,1,0,Detchd,0.0,308,2.0,2.0,2,0,0,0,0,0,0,0,4,WD,Abnorml,84900,1,4,0
1051,20,RL,73.0,8993,Pave,2,Lvl,AllPub,Inside,2,3,Norm,Norm,1Fam,1Story,7,5,Gable,CompShg,VinylSd,VinylSd,0.0,2,2,PConc,2.0,2.0,2.0,0.0,0,1.0,0,1302,1302,GasA,4,1,SBrkr,0,0,1302,0,0,2,0,3,1,2,6,1,0,Attchd,2.0,436,2.0,2.0,2,0,22,0,0,0,0,0,8,New,Partial,176485,0,0,1
1052,20,RL,103.0,11175,Pave,2,Lvl,AllPub,Corner,2,0,Norm,Norm,1Fam,1Story,7,5,Gable,CompShg,VinylSd,VinylSd,0.0,2,2,PConc,2.0,2.0,2.0,0.0,0,1.0,0,1316,1316,GasA,4,1,SBrkr,0,0,1316,0,0,2,0,3,1,2,6,1,1,Attchd,2.0,440,2.0,2.0,2,0,20,0,0,0,0,0,10,New,Partial,200141,0,0,1
1053,60,RL,100.0,9500,Pave,3,Lvl,AllPub,Corner,2,2,Artery,Norm,1Fam,2Story,6,6,Gable,CompShg,VinylSd,VinylSd,272.0,1,2,CBlock,1.0,2.0,0.0,2.0,442,1.0,0,374,816,GasA,2,1,SBrkr,850,0,1977,0,1,1,1,4,1,1,9,1,1,Attchd,1.0,540,2.0,2.0,2,0,52,0,0,0,0,0,6,WD,Normal,165000,1,29,0
1054,20,RL,68.0,8562,Pave,3,Lvl,AllPub,Inside,1,3,Norm,Norm,1Fam,1Story,5,6,Hip,CompShg,HdBoard,HdBoard,145.0,1,2,CBlock,1.0,2.0,2.0,2.0,383,1.0,0,833,1216,GasA,4,1,FuseA,0,0,1526,0,0,1,0,4,1,1,7,5,1,Basment,0.0,364,2.0,2.0,2,116,78,0,0,0,0,0,5,WD,Normal,144500,1,8,0
1055,60,RL,90.0,11367,Pave,3,Lvl,AllPub,Corner,2,0,Norm,Norm,1Fam,2Story,8,5,Gable,CompShg,VinylSd,VinylSd,210.0,2,2,PConc,2.0,2.0,1.0,5.0,932,1.0,0,133,1065,GasA,4,1,SBrkr,898,0,1989,1,0,2,1,3,1,2,7,1,1,Attchd,2.0,586,2.0,2.0,2,199,60,0,0,0,0,0,11,WD,Normal,255000,0,4,0
1056,20,RL,104.0,11361,Pave,3,Lvl,AllPub,Inside,2,1,Norm,Norm,1Fam,1Story,6,5,Gable,CompShg,Plywood,Plywood,160.0,1,2,CBlock,2.0,2.0,0.0,4.0,644,1.0,0,549,1193,GasA,2,1,SBrkr,0,0,1523,0,1,2,0,3,1,1,7,1,1,Attchd,2.0,478,2.0,2.0,2,0,0,0,0,189,0,0,5,COD,Abnorml,180000,0,32,0
1057,120,RL,43.0,7052,Pave,2,Lvl,AllPub,Inside,2,2,Norm,Norm,TwnhsE,1Story,7,5,Gable,CompShg,VinylSd,VinylSd,240.0,2,2,PConc,2.0,2.0,2.0,5.0,659,1.0,0,705,1364,GasA,4,1,SBrkr,0,0,1364,1,0,2,0,2,1,2,6,1,1,Attchd,1.0,484,2.0,2.0,2,192,36,0,0,0,0,0,6,WD,Normal,185850,0,1,0
1058,60,RL,,29959,Pave,1,Lvl,AllPub,FR2,2,1,Norm,Norm,1Fam,2Story,7,6,Gable,CompShg,HdBoard,HdBoard,0.0,2,2,PConc,2.0,2.0,0.0,5.0,595,1.0,0,378,973,GasA,4,1,SBrkr,871,0,1850,0,0,2,1,3,1,2,7,1,1,BuiltIn,2.0,467,2.0,2.0,2,168,98,0,0,0,0,0,1,WD,Normal,248000,0,15,0
1059,60,RL,96.0,11308,Pave,2,Lvl,AllPub,Inside,2,2,Norm,Norm,1Fam,2Story,9,5,Gable,CompShg,VinylSd,VinylSd,154.0,3,2,PConc,3.0,2.0,2.0,5.0,936,1.0,0,168,1104,GasA,4,1,SBrkr,1054,0,2184,1,0,2,1,3,1,3,10,1,1,Attchd,2.0,836,2.0,2.0,2,0,102,0,0,0,0,0,7,WD,Normal,335000,0,1,0
1060,50,RL,,11275,Pave,2,HLS,AllPub,Corner,1,0,Norm,Norm,1Fam,1.5Fin,6,7,Gable,CompShg,MetalSd,MetalSd,480.0,1,2,CBlock,1.0,2.0,1.0,2.0,297,0.0,557,0,854,GasA,2,1,SBrkr,895,0,1991,0,0,1,1,3,1,1,7,1,1,Detchd,0.0,432,2.0,1.0,2,0,0,19,0,0,0,0,3,WD,Normal,220000,1,57,0
1061,120,RL,41.0,4920,Pave,3,Lvl,AllPub,Inside,2,3,Norm,Norm,TwnhsE,1Story,8,5,Gable,CompShg,CemntBd,CmentBd,0.0,2,2,PConc,2.0,2.0,1.0,5.0,616,1.0,0,722,1338,GasA,4,1,SBrkr,0,0,1338,1,0,2,0,2,1,2,6,1,0,Attchd,2.0,582,2.0,2.0,2,0,0,170,0,0,0,0,4,WD,Normal,213500,0,9,0
1062,30,C (all),120.0,18000,Grvl,3,Low,AllPub,Inside,2,2,Norm,Norm,1Fam,1Story,3,4,Gable,CompShg,MetalSd,MetalSd,0.0,0,2,CBlock,1.0,2.0,0.0,0.0,0,1.0,0,894,894,GasA,2,1,SBrkr,0,0,894,0,0,1,0,2,1,1,6,1,0,Detchd,1.0,1248,2.0,2.0,2,0,20,0,0,0,0,560,8,ConLD,Normal,81000,1,58,0
1063,190,RM,85.0,13600,Pave,3,Lvl,AllPub,Inside,2,1,Norm,Norm,2fmCon,2Story,5,5,Gable,CompShg,Wd Sdng,Wd Sdng,0.0,1,2,BrkTil,1.0,2.0,0.0,0.0,0,1.0,0,662,662,GasA,2,0,SBrkr,915,0,2337,0,0,2,0,5,2,1,10,5,0,Detchd,0.0,560,2.0,2.0,2,0,57,0,0,0,0,0,9,WD,Normal,90000,1,57,0
1064,30,RM,50.0,6000,Pave,3,Lvl,AllPub,Inside,2,1,Artery,Norm,1Fam,1Story,6,6,Gable,CompShg,MetalSd,MetalSd,0.0,1,3,BrkTil,1.0,2.0,0.0,3.0,397,1.0,0,706,1103,GasA,3,1,SBrkr,0,0,1103,0,0,1,0,2,1,2,5,1,1,Detchd,0.0,440,2.0,2.0,2,166,120,0,0,0,0,0,7,WD,Normal,110500,1,26,0
1065,20,RL,,11000,Pave,2,Lvl,AllPub,CulDSac,2,2,Norm,Norm,1Fam,1Story,5,6,Gable,CompShg,Plywood,Plywood,200.0,1,2,CBlock,1.0,2.0,1.0,3.0,740,2.0,230,184,1154,GasA,4,1,SBrkr,0,0,1154,0,0,1,1,3,1,1,6,1,1,Attchd,1.0,480,2.0,2.0,2,0,58,0,0,0,0,0,11,WD,Normal,154000,0,43,0
1066,60,RL,80.0,14000,Pave,3,Lvl,AllPub,Inside,1,3,Norm,Norm,1Fam,2Story,7,5,Gable,CompShg,Wd Sdng,Wd Sdng,0.0,2,2,PConc,3.0,2.0,3.0,5.0,1201,1.0,0,105,1306,GasA,4,1,SBrkr,954,0,2260,1,0,2,1,3,1,2,7,1,0,Attchd,1.0,533,2.0,2.0,2,296,44,0,0,0,0,0,4,WD,Normal,328000,1,13,0
1067,60,RL,59.0,7837,Pave,2,Lvl,AllPub,Inside,2,3,Norm,Norm,1Fam,2Story,6,7,Gable,CompShg,VinylSd,VinylSd,0.0,2,2,PConc,2.0,2.0,0.0,0.0,0,1.0,0,799,799,GasA,3,1,SBrkr,772,0,1571,0,0,2,1,3,1,1,7,1,1,Attchd,1.0,380,2.0,2.0,2,0,40,0,0,0,0,0,5,WD,Normal,178000,1,15,0
1068,60,RL,80.0,9760,Pave,3,Lvl,AllPub,Inside,1,2,Norm,Norm,1Fam,2Story,6,6,Gable,CompShg,HdBoard,HdBoard,360.0,1,2,CBlock,1.0,2.0,3.0,5.0,674,0.0,106,0,780,GasA,2,1,SBrkr,813,0,1611,1,0,1,1,4,1,1,7,1,0,Attchd,1.0,442,2.0,2.0,2,328,128,0,0,189,0,0,6,WD,Normal,167900,0,44,0
1069,160,RM,42.0,3964,Pave,3,Lvl,AllPub,Inside,2,2,Norm,Norm,TwnhsE,2Story,6,4,Gable,CompShg,CemntBd,CmentBd,0.0,1,2,CBlock,2.0,2.0,0.0,4.0,837,1.0,0,105,942,GasA,3,1,SBrkr,1230,0,2521,1,0,2,1,5,1,1,10,3,1,Attchd,2.0,576,2.0,2.0,2,728,20,0,0,0,0,0,6,WD,Normal,151400,0,33,0
1070,45,RL,60.0,9600,Pave,3,Lvl,AllPub,Inside,2,2,Norm,Norm,1Fam,1.5Unf,5,7,Gable,CompShg,MetalSd,MetalSd,0.0,1,2,CBlock,1.0,2.0,0.0,4.0,220,1.0,0,625,845,GasA,2,1,SBrkr,0,0,893,0,1,1,0,2,1,2,4,1,0,Detchd,0.0,576,2.0,2.0,2,0,0,0,0,0,0,0,5,WD,Normal,135000,1,4,0
1071,20,RL,72.0,10152,Pave,3,Lvl,AllPub,Inside,2,2,Norm,Norm,1Fam,1Story,5,5,Hip,CompShg,MetalSd,MetalSd,120.0,1,2,CBlock,1.0,2.0,0.0,3.0,586,1.0,0,462,1048,GasA,2,1,SBrkr,0,0,1048,1,0,1,0,3,1,1,6,1,0,Attchd,0.0,286,2.0,2.0,2,0,20,0,0,192,0,0,6,WD,Normal,135000,0,51,0
1072,60,RL,78.0,11700,Pave,3,Lvl,AllPub,Inside,2,1,RRAn,Norm,1Fam,2Story,6,6,Gable,CompShg,MetalSd,MetalSd,0.0,1,2,CBlock,1.0,2.0,0.0,2.0,298,1.0,0,429,727,GasA,4,1,SBrkr,727,0,1556,0,0,1,1,4,1,1,8,1,0,Attchd,0.0,441,2.0,2.0,2,0,0,0,0,0,0,0,5,WD,Normal,154000,0,41,0
1073,50,RL,50.0,7585,Pave,3,Lvl,AllPub,Inside,2,3,Artery,Norm,1Fam,1.5Fin,5,3,Gable,CompShg,MetalSd,MetalSd,0.0,1,2,CBlock,0.0,1.0,1.0,0.0,0,1.0,0,810,810,GasA,1,1,FuseA,454,0,1456,1,1,1,0,4,1,1,7,1,1,Detchd,0.0,280,2.0,2.0,1,0,0,0,0,0,0,0,8,WD,Normal,91500,1,56,0
1074,60,RL,75.0,7950,Pave,2,Bnk,AllPub,Corner,2,3,Norm,Norm,1Fam,2Story,6,6,Hip,CompShg,HdBoard,Plywood,140.0,1,2,CBlock,1.0,2.0,0.0,3.0,535,1.0,0,155,690,GasA,2,1,SBrkr,728,0,1426,0,0,1,1,3,1,1,6,1,0,Attchd,2.0,440,2.0,2.0,2,252,0,0,0,0,0,0,7,WD,Normal,159500,0,32,0
1075,20,RL,74.0,8556,Pave,3,Lvl,AllPub,Inside,2,0,Norm,Norm,1Fam,1Story,7,5,Gable,CompShg,VinylSd,VinylSd,0.0,2,2,PConc,2.0,2.0,2.0,0.0,0,1.0,0,1240,1240,GasA,4,1,SBrkr,0,0,1240,0,0,2,0,2,1,2,5,1,0,Attchd,1.0,826,2.0,2.0,2,140,93,0,0,0,0,0,5,WD,Normal,194000,0,1,0
1076,70,RL,75.0,13125,Pave,3,Lvl,AllPub,Inside,2,0,Norm,Norm,1Fam,2Story,7,6,Gable,CompShg,Wd Sdng,Wd Sdng,0.0,1,2,CBlock,1.0,2.0,0.0,3.0,410,1.0,0,390,800,GasA,2,1,SBrkr,780,0,1740,0,0,1,1,3,1,1,6,1,2,Attchd,0.0,240,2.0,2.0,2,0,0,0,0,0,0,0,7,CWD,Normal,219500,1,23,0
1077,50,RL,60.0,10800,Pave,3,Lvl,AllPub,Inside,2,1,Norm,Norm,1Fam,1.5Fin,5,8,Gable,CompShg,Wd Sdng,Wd Sdng,0.0,1,2,CBlock,0.0,2.0,0.0,4.0,626,1.0,0,170,796,GasA,3,1,SBrkr,370,0,1466,0,1,2,0,3,1,2,7,6,1,Attchd,0.0,566,2.0,2.0,2,436,21,0,0,0,0,500,4,WD,Normal,170000,1,17,0
1078,20,RL,,15870,Pave,2,Lvl,AllPub,Corner,2,2,Norm,Norm,1Fam,1Story,5,5,Gable,CompShg,VinylSd,Plywood,0.0,1,2,CBlock,1.0,2.0,1.0,3.0,75,2.0,791,230,1096,GasA,4,1,SBrkr,0,0,1096,1,0,1,0,3,1,1,6,1,0,Attchd,2.0,299,2.0,2.0,2,240,32,0,0,0,0,0,3,WD,Abnorml,138800,0,37,0
1079,120,RM,37.0,4435,Pave,3,Lvl,AllPub,Inside,2,0,Norm,Norm,TwnhsE,1Story,6,5,Gable,CompShg,VinylSd,VinylSd,169.0,2,2,PConc,2.0,2.0,1.0,5.0,662,1.0,0,186,848,GasA,4,1,SBrkr,0,0,848,1,0,1,0,1,1,2,3,1,1,Attchd,1.0,420,2.0,2.0,2,140,0,0,0,0,0,0,5,WD,Normal,155900,0,2,0
1080,20,RL,65.0,8775,Pave,3,Lvl,AllPub,Inside,2,0,Norm,Norm,1Fam,1Story,5,5,Gable,CompShg,VinylSd,VinylSd,0.0,1,2,PConc,2.0,2.0,0.0,5.0,495,1.0,0,495,990,GasA,3,1,SBrkr,0,0,990,0,0,1,0,3,1,1,5,1,0,Attchd,0.0,299,2.0,2.0,2,0,64,0,0,0,0,0,4,WD,Normal,126000,0,13,0
1081,20,RL,80.0,11040,Pave,3,Lvl,AllPub,Inside,2,1,Norm,Norm,1Fam,1Story,6,7,Gable,CompShg,VinylSd,VinylSd,144.0,2,3,CBlock,1.0,2.0,0.0,4.0,656,1.0,0,602,1258,GasA,4,1,SBrkr,0,0,1258,0,1,2,0,3,1,2,5,1,0,Attchd,1.0,528,2.0,2.0,2,55,0,0,216,0,0,0,10,COD,Abnorml,145000,1,4,0
1082,20,RL,75.0,7500,Pave,3,Lvl,AllPub,Corner,2,2,Feedr,Norm,1Fam,1Story,5,5,Gable,CompShg,HdBoard,HdBoard,0.0,1,2,CBlock,1.0,2.0,0.0,4.0,824,1.0,0,216,1040,GasA,1,1,SBrkr,0,0,1040,1,0,1,1,3,1,1,5,1,0,Attchd,2.0,308,2.0,2.0,2,0,0,220,0,0,0,0,6,WD,Normal,133000,0,47,0
1083,20,RL,70.0,8749,Pave,3,Lvl,AllPub,Inside,2,0,Norm,Norm,1Fam,1Story,7,5,Gable,CompShg,VinylSd,VinylSd,100.0,2,2,PConc,2.0,2.0,0.0,0.0,0,1.0,0,1459,1459,GasA,4,1,SBrkr,0,0,1459,0,0,2,0,3,1,2,6,1,1,Attchd,1.0,527,2.0,2.0,2,192,39,0,0,0,0,0,9,WD,Normal,192000,0,5,0
1084,20,RL,80.0,8800,Pave,3,Lvl,AllPub,Inside,2,2,Norm,Norm,1Fam,1Story,6,6,Hip,CompShg,HdBoard,HdBoard,425.0,1,2,CBlock,1.0,2.0,0.0,3.0,553,1.0,0,698,1251,GasA,2,1,SBrkr,0,0,1251,1,0,1,0,3,1,1,6,1,2,Attchd,1.0,461,2.0,2.0,2,0,116,0,0,0,0,700,3,WD,Normal,160000,0,42,0
1085,60,RL,,13031,Pave,1,Lvl,AllPub,Corner,2,3,Norm,Norm,1Fam,2Story,6,5,Gable,CompShg,HdBoard,HdBoard,0.0,1,2,PConc,2.0,2.0,0.0,4.0,592,1.0,0,99,691,GasA,3,1,SBrkr,807,0,1498,0,0,2,1,3,1,1,6,1,1,Attchd,2.0,409,2.0,2.0,2,315,44,0,0,0,0,0,7,WD,Normal,187500,1,10,0
1086,85,RL,73.0,9069,Pave,3,Lvl,AllPub,Inside,2,2,Norm,Norm,1Fam,SFoyer,6,6,Gable,CompShg,HdBoard,HdBoard,0.0,1,2,PConc,2.0,2.0,2.0,5.0,747,1.0,0,189,936,GasA,4,1,SBrkr,0,0,996,1,0,1,0,2,1,2,5,1,0,Attchd,0.0,564,2.0,2.0,2,120,0,0,0,0,0,0,4,WD,Normal,147000,0,18,0
1087,160,RM,,1974,Pave,3,Lvl,AllPub,Inside,2,2,Norm,Norm,TwnhsE,2Story,4,5,Gable,CompShg,CemntBd,CmentBd,0.0,1,2,CBlock,1.0,2.0,0.0,3.0,334,1.0,0,212,546,GasA,2,1,SBrkr,546,0,1092,0,0,1,1,3,1,1,6,1,0,Attchd,1.0,286,2.0,2.0,2,120,96,0,0,0,0,0,5,WD,Normal,83500,0,37,0
1088,60,FV,85.0,10574,Pave,3,Lvl,AllPub,Inside,2,1,Norm,Norm,1Fam,2Story,8,5,Gable,CompShg,VinylSd,VinylSd,0.0,2,2,PConc,2.0,2.0,1.0,0.0,0,1.0,0,1082,1082,GasA,4,1,SBrkr,871,0,1953,0,0,2,1,3,1,2,9,1,1,Attchd,1.0,1043,2.0,2.0,2,160,50,0,0,0,0,0,5,WD,Normal,252000,1,3,0
1089,160,RM,24.0,2522,Pave,3,Lvl,AllPub,Inside,2,3,Norm,Norm,Twnhs,2Story,7,5,Gable,CompShg,VinylSd,VinylSd,50.0,2,2,PConc,2.0,2.0,0.0,0.0,0,1.0,0,970,970,GasA,4,1,SBrkr,739,0,1709,0,0,2,0,3,1,2,7,3,0,Detchd,0.0,380,2.0,2.0,2,0,40,0,0,0,0,0,4,WD,Normal,137500,0,2,0
1090,120,FV,37.0,3316,Pave,2,Lvl,AllPub,Inside,2,1,Norm,Norm,TwnhsE,1Story,8,5,Gable,CompShg,MetalSd,MetalSd,0.0,2,2,PConc,2.0,2.0,0.0,5.0,1039,1.0,0,208,1247,GasA,4,1,SBrkr,0,0,1247,1,0,1,1,1,1,2,4,1,1,Attchd,2.0,550,2.0,2.0,2,0,84,0,0,0,0,0,4,WD,Normal,197000,0,1,0
1091,90,RL,60.0,8544,Pave,3,Lvl,AllPub,Corner,2,2,Norm,Norm,Duplex,1Story,3,4,Gable,CompShg,BrkFace,BrkFace,0.0,1,2,Slab,,,,,0,,0,0,0,Wall,1,0,FuseA,0,0,1040,0,0,2,0,2,2,1,6,1,0,Detchd,0.0,400,2.0,2.0,2,0,0,0,0,0,0,0,6,WD,Normal,92900,0,59,0
1092,160,FV,24.0,2160,Pave,3,Lvl,AllPub,Inside,2,1,Norm,Norm,Twnhs,2Story,7,5,Gable,CompShg,MetalSd,MetalSd,212.0,2,2,PConc,2.0,2.0,0.0,3.0,510,1.0,0,90,600,GasA,4,1,SBrkr,628,0,1252,1,0,2,1,2,1,2,4,1,0,Detchd,0.0,462,2.0,2.0,2,0,48,0,0,0,0,0,3,WD,Normal,160000,1,8,0
1093,50,RL,60.0,8400,Pave,3,Bnk,AllPub,Inside,2,3,Norm,Norm,1Fam,1.5Fin,6,5,Gable,CompShg,MetalSd,MetalSd,0.0,1,2,PConc,1.0,2.0,0.0,2.0,423,1.0,0,758,1181,GasA,1,1,SBrkr,304,0,1694,0,0,2,0,4,1,1,7,1,1,Detchd,0.0,576,2.0,2.0,2,342,0,128,0,0,0,0,6,WD,Normal,136500,1,58,0
1094,20,RL,71.0,9230,Pave,3,Lvl,AllPub,Corner,2,2,Feedr,Norm,1Fam,1Story,5,8,Hip,CompShg,MetalSd,MetalSd,166.0,1,2,CBlock,1.0,2.0,1.0,5.0,661,1.0,0,203,864,GasA,3,1,SBrkr,0,0,1200,1,0,1,1,1,1,2,6,1,0,Detchd,0.0,884,2.0,2.0,2,0,64,0,0,0,0,0,10,WD,Normal,146000,1,8,0
1095,20,RL,74.0,5868,Pave,3,Lvl,AllPub,Inside,2,2,Norm,Norm,1Fam,1Story,5,7,Gable,CompShg,MetalSd,MetalSd,0.0,1,2,CBlock,1.0,2.0,0.0,3.0,248,2.0,240,448,936,GasA,4,1,SBrkr,0,0,936,1,0,1,0,2,1,1,4,1,0,Attchd,2.0,308,2.0,2.0,2,0,0,80,0,160,0,0,5,WD,Normal,129000,1,10,0
1096,20,RL,78.0,9317,Pave,2,Lvl,AllPub,Inside,2,0,Norm,Norm,1Fam,1Story,6,5,Gable,CompShg,VinylSd,VinylSd,0.0,2,2,PConc,2.0,2.0,0.0,5.0,24,1.0,0,1290,1314,GasA,3,1,SBrkr,0,0,1314,0,0,2,0,3,1,2,6,1,1,Attchd,1.0,440,2.0,2.0,2,0,22,0,0,0,0,0,3,WD,Normal,176432,0,1,0
1097,70,RM,60.0,6882,Pave,3,Lvl,AllPub,Inside,2,2,Norm,Norm,1Fam,2Story,6,7,Gable,CompShg,Wd Sdng,Wd Sdng,0.0,1,2,PConc,1.0,2.0,0.0,0.0,0,1.0,0,684,684,GasA,2,1,SBrkr,582,0,1355,0,0,1,1,3,1,2,7,1,0,,,0,,,2,136,0,115,0,0,0,0,3,WD,Normal,127000,1,1,0
1098,120,RL,,3696,Pave,3,Lvl,AllPub,Inside,2,3,Norm,Norm,TwnhsE,1Story,8,5,Gable,CompShg,HdBoard,HdBoard,0.0,2,2,CBlock,2.0,2.0,0.0,0.0,0,1.0,0,1074,1074,GasA,4,1,SBrkr,0,0,1088,0,0,1,1,2,1,2,5,1,0,Attchd,1.0,461,2.0,2.0,2,0,74,137,0,0,0,0,10,WD,Normal,170000,0,21,0
1099,50,RM,50.0,6000,Pave,3,Lvl,AllPub,Inside,2,1,Norm,Norm,1Fam,1.5Fin,4,6,Gable,CompShg,MetalSd,MetalSd,0.0,1,2,BrkTil,1.0,2.0,0.0,3.0,672,1.0,0,0,672,GasA,2,1,SBrkr,567,0,1324,0,0,1,0,3,1,1,6,1,0,Detchd,0.0,240,2.0,2.0,2,0,0,0,0,0,0,0,7,WD,Normal,128000,1,59,0
1100,20,RL,82.0,11880,Pave,2,Lvl,AllPub,Inside,2,1,RRAn,Norm,1Fam,1Story,7,5,Gable,CompShg,Plywood,Plywood,206.0,1,2,CBlock,2.0,2.0,0.0,4.0,704,1.0,0,567,1271,GasA,2,1,SBrkr,0,0,1601,0,0,2,0,3,1,1,7,1,1,Attchd,1.0,478,2.0,2.0,2,0,0,0,0,0,0,0,4,COD,Abnorml,157000,0,31,0
1101,30,RL,60.0,8400,Pave,3,Bnk,AllPub,Inside,2,3,Norm,Norm,1Fam,1Story,2,5,Gable,CompShg,Wd Sdng,Wd Sdng,0.0,1,2,CBlock,1.0,1.0,0.0,2.0,290,1.0,0,0,290,GasA,2,0,FuseF,0,0,438,0,0,1,0,1,1,0,3,1,0,Detchd,0.0,246,2.0,2.0,0,0,0,0,0,0,0,0,1,WD,Normal,60000,1,59,0
1102,20,RL,61.0,9758,Pave,2,Lvl,AllPub,Inside,2,2,Norm,Norm,1Fam,1Story,5,5,Gable,CompShg,HdBoard,MetalSd,0.0,1,2,CBlock,1.0,2.0,0.0,3.0,412,0.0,287,251,950,GasA,2,1,SBrkr,0,0,950,0,0,1,0,3,1,1,5,1,0,Detchd,0.0,280,2.0,2.0,2,0,0,0,0,0,0,0,7,WD,Normal,119500,0,36,0
1103,20,RL,70.0,7000,Pave,3,Lvl,AllPub,Inside,2,2,Norm,Norm,1Fam,1Story,5,7,Gable,CompShg,Wd Sdng,Wd Sdng,45.0,1,2,CBlock,1.0,2.0,0.0,2.0,588,1.0,0,422,1010,GasA,4,1,SBrkr,0,0,1134,0,0,1,0,2,1,1,6,1,0,Attchd,1.0,254,2.0,2.0,2,0,16,0,0,0,0,0,4,WD,Family,135000,1,5,0
1104,20,RL,79.0,8910,Pave,3,Lvl,AllPub,Corner,2,2,Norm,Norm,1Fam,1Story,6,6,Hip,CompShg,BrkFace,BrkFace,0.0,1,2,CBlock,1.0,2.0,1.0,4.0,655,1.0,0,0,655,GasA,4,1,SBrkr,0,0,1194,0,1,1,0,3,1,1,6,1,1,BuiltIn,2.0,539,2.0,2.0,2,0,0,192,0,0,0,0,7,WD,Normal,159500,0,47,0
1105,160,RM,24.0,2016,Pave,3,Lvl,AllPub,Inside,2,3,Norm,Norm,TwnhsE,2Story,5,5,Gable,CompShg,HdBoard,HdBoard,304.0,1,2,CBlock,1.0,2.0,0.0,0.0,0,1.0,0,630,630,GasA,2,1,SBrkr,672,0,1302,0,0,2,1,3,1,1,6,1,0,Detchd,0.0,440,2.0,2.0,2,0,0,0,0,0,0,0,4,WD,Normal,106000,0,37,0
1106,60,RL,98.0,12256,Pave,2,Lvl,AllPub,Corner,2,1,Norm,Norm,1Fam,2Story,8,5,Gable,CompShg,HdBoard,HdBoard,362.0,2,2,PConc,3.0,2.0,2.0,5.0,1032,1.0,0,431,1463,GasA,4,1,SBrkr,1122,0,2622,1,0,2,1,3,1,2,9,1,2,Attchd,1.0,712,2.0,2.0,2,186,32,0,0,0,0,0,4,WD,Normal,325000,1,15,0
1107,20,RL,114.0,10357,Pave,2,Lvl,AllPub,Corner,2,2,Feedr,Norm,1Fam,1Story,7,5,Hip,CompShg,HdBoard,HdBoard,0.0,2,2,PConc,2.0,2.0,1.0,5.0,738,1.0,0,172,910,GasA,3,1,SBrkr,0,0,1442,1,0,2,0,3,1,2,6,1,1,Attchd,2.0,719,2.0,2.0,2,0,244,0,0,0,0,0,5,WD,Normal,179900,1,16,0
1108,60,RL,168.0,23257,Pave,0,HLS,AllPub,CulDSac,2,3,Norm,Norm,1Fam,2Story,7,5,Gable,CompShg,VinylSd,VinylSd,0.0,2,2,PConc,3.0,3.0,0.0,0.0,0,1.0,0,868,868,GasA,4,1,SBrkr,1134,0,2021,0,0,2,1,3,1,2,9,1,1,BuiltIn,1.0,422,2.0,2.0,2,0,100,0,0,0,0,0,9,New,Partial,274725,0,0,1
1109,60,RL,,8063,Pave,3,Lvl,AllPub,Inside,2,3,Norm,Norm,1Fam,2Story,6,5,Gable,CompShg,VinylSd,VinylSd,0.0,1,2,PConc,2.0,2.0,0.0,0.0,0,1.0,0,924,924,GasA,4,1,SBrkr,742,0,1690,0,0,2,1,3,1,1,7,1,1,Attchd,1.0,463,2.0,2.0,2,100,48,0,0,0,0,0,11,WD,Abnorml,181000,0,7,0
1110,20,RL,107.0,11362,Pave,2,Lvl,AllPub,Inside,2,2,Norm,Norm,1Fam,1Story,8,5,Gable,CompShg,MetalSd,MetalSd,42.0,2,2,PConc,3.0,2.0,1.0,5.0,1039,1.0,0,797,1836,GasA,4,1,SBrkr,0,0,1836,1,0,2,0,3,1,2,7,1,1,Attchd,2.0,862,2.0,2.0,2,125,185,0,0,0,0,0,3,WD,Normal,280000,1,4,0
1111,60,RL,,8000,Pave,3,Lvl,AllPub,Inside,2,3,Norm,Norm,1Fam,2Story,6,5,Gable,CompShg,HdBoard,HdBoard,0.0,1,2,PConc,2.0,2.0,0.0,5.0,219,1.0,0,554,773,GasA,3,1,SBrkr,885,0,1658,1,0,2,1,3,1,1,8,1,1,Attchd,2.0,431,2.0,2.0,2,224,84,0,0,0,0,0,6,WD,Normal,188000,1,12,0
1112,60,RL,80.0,10480,Pave,3,Lvl,AllPub,Inside,2,1,Norm,Norm,1Fam,2Story,7,6,Hip,CompShg,Plywood,Plywood,660.0,1,2,CBlock,1.0,2.0,0.0,4.0,403,1.0,0,400,803,GasA,2,1,SBrkr,866,0,1964,0,0,2,1,4,1,1,8,1,1,Attchd,1.0,483,2.0,2.0,2,0,69,0,0,0,0,0,9,WD,Normal,205000,0,32,0
1113,20,RL,73.0,7100,Pave,2,Lvl,AllPub,Corner,2,2,Norm,Norm,1Fam,1Story,5,7,Gable,CompShg,WdShing,Wd Shng,0.0,1,2,CBlock,1.0,2.0,0.0,5.0,708,1.0,0,108,816,GasA,2,1,FuseA,0,0,816,1,0,1,0,2,1,1,5,1,0,Detchd,0.0,308,2.0,2.0,2,0,0,0,0,0,0,0,7,WD,Normal,129900,0,49,0
1114,20,RL,66.0,8923,Pave,3,Lvl,AllPub,Inside,2,2,Norm,Norm,1Fam,1Story,5,7,Gable,CompShg,Wd Sdng,Wd Sdng,0.0,1,2,CBlock,1.0,2.0,0.0,3.0,643,1.0,0,365,1008,GasA,3,1,SBrkr,0,0,1008,1,0,1,0,2,1,2,6,1,0,Attchd,0.0,240,2.0,2.0,2,0,18,0,0,0,0,0,5,WD,Normal,134500,1,1,0
1115,20,RL,90.0,5400,Pave,3,Lvl,AllPub,Inside,2,1,Norm,Norm,1Fam,1Story,5,7,Gable,CompShg,MetalSd,MetalSd,0.0,1,3,CBlock,1.0,2.0,0.0,2.0,415,1.0,0,418,833,GasA,4,1,SBrkr,0,0,833,0,0,1,0,2,1,2,4,1,0,Detchd,0.0,326,2.0,2.0,2,0,0,0,0,0,0,0,8,WD,Normal,117000,1,6,0
1116,20,RL,93.0,12085,Pave,3,Lvl,AllPub,Inside,2,2,Norm,Norm,1Fam,1Story,8,5,Hip,CompShg,VinylSd,VinylSd,328.0,2,2,PConc,3.0,2.0,0.0,5.0,1004,1.0,0,730,1734,GasA,4,1,SBrkr,0,0,1734,1,0,2,0,3,1,3,7,1,1,Attchd,1.0,928,2.0,2.0,2,0,0,0,0,0,0,0,11,New,Partial,318000,0,0,1
1117,80,RL,,7750,Pave,3,Lvl,AllPub,Inside,2,3,Norm,Norm,1Fam,SLvl,8,5,Hip,CompShg,VinylSd,VinylSd,0.0,2,2,PConc,2.0,2.0,0.0,5.0,353,1.0,0,55,408,GasA,4,1,SBrkr,640,0,1419,1,0,2,1,3,1,2,7,1,1,BuiltIn,2.0,527,2.0,2.0,2,120,0,0,0,0,0,0,3,WD,Normal,184100,0,7,0
1118,20,RL,57.0,9764,Pave,2,Lvl,AllPub,FR2,2,2,Feedr,Norm,1Fam,1Story,5,7,Gable,CompShg,VinylSd,VinylSd,0.0,1,2,CBlock,1.0,2.0,0.0,3.0,702,1.0,0,192,894,GasA,4,1,SBrkr,0,0,894,1,0,1,0,3,1,2,5,1,0,Attchd,1.0,450,2.0,2.0,2,0,0,0,0,0,0,0,5,WD,Normal,130000,1,5,0
1119,80,RL,85.0,13825,Pave,3,Lvl,AllPub,Inside,2,2,Norm,Norm,1Fam,SLvl,5,6,Gable,CompShg,MetalSd,MetalSd,0.0,1,3,CBlock,1.0,2.0,0.0,0.0,0,1.0,0,533,533,GasA,2,1,SBrkr,580,0,1601,0,1,1,0,3,1,1,6,5,0,BuiltIn,1.0,300,2.0,2.0,2,280,34,0,0,0,0,0,12,WD,Normal,140000,1,21,0
1120,20,RL,70.0,7560,Pave,3,Lvl,AllPub,Inside,2,2,Norm,Norm,1Fam,1Story,5,5,Gable,CompShg,BrkFace,Wd Sdng,0.0,1,2,CBlock,1.0,2.0,0.0,1.0,369,1.0,0,671,1040,GasA,2,1,FuseA,0,0,1040,0,0,1,0,3,1,1,6,1,0,Attchd,1.0,286,2.0,2.0,2,140,0,252,0,0,0,0,7,WD,Normal,133700,0,47,0
1121,30,RM,59.0,8263,Pave,3,Bnk,AllPub,Inside,1,2,Norm,Norm,1Fam,1Story,6,5,Gable,CompShg,BrkFace,BrkFace,0.0,1,2,BrkTil,1.0,2.0,0.0,0.0,0,1.0,0,1012,1012,GasA,2,1,FuseA,0,0,1012,0,0,1,0,2,1,1,6,1,1,Detchd,0.0,308,2.0,2.0,2,0,22,112,0,0,0,0,5,WD,Normal,118400,1,57,0
1122,20,RL,84.0,10084,Pave,3,Lvl,AllPub,Inside,2,0,Norm,Norm,1Fam,1Story,7,5,Gable,CompShg,VinylSd,VinylSd,196.0,2,2,PConc,2.0,2.0,2.0,5.0,24,1.0,0,1528,1552,GasA,4,1,SBrkr,0,0,1552,0,0,2,0,3,1,2,7,1,0,Attchd,1.0,782,2.0,2.0,2,144,20,0,0,0,0,0,7,New,Partial,212900,1,0,0
1123,20,RL,,8926,Pave,2,Lvl,AllPub,Corner,2,3,Norm,Norm,1Fam,1Story,4,3,Gable,CompShg,AsbShng,AsbShng,0.0,1,2,CBlock,1.0,2.0,0.0,0.0,0,1.0,0,672,672,GasA,4,1,FuseA,0,0,960,0,0,1,0,3,1,1,5,1,0,Basment,0.0,288,2.0,2.0,2,64,0,0,0,160,0,0,10,COD,Abnorml,112000,0,53,0
1124,20,RL,50.0,9405,Pave,3,Lvl,AllPub,Inside,2,3,Norm,Norm,1Fam,1Story,5,9,Hip,CompShg,VinylSd,VinylSd,0.0,1,4,CBlock,1.0,2.0,0.0,0.0,0,1.0,0,698,698,GasA,4,1,SBrkr,0,0,698,0,1,1,0,2,1,1,4,1,0,,,0,,,2,0,200,0,0,0,0,0,6,WD,Normal,118000,1,1,0
1125,80,RL,,9125,Pave,2,Lvl,AllPub,Inside,2,3,Norm,Norm,1Fam,SLvl,7,5,Gable,CompShg,HdBoard,HdBoard,170.0,1,2,PConc,2.0,2.0,0.0,0.0,0,1.0,0,384,384,GasA,3,1,SBrkr,670,0,1482,0,0,2,1,3,1,2,7,1,1,Attchd,2.0,392,2.0,2.0,2,100,25,0,0,0,0,0,7,WD,Normal,163900,0,15,0
1126,20,RL,60.0,10434,Pave,3,Lvl,AllPub,Inside,2,2,Norm,Norm,1Fam,1Story,4,5,Gable,CompShg,Plywood,Plywood,0.0,1,2,CBlock,1.0,2.0,0.0,0.0,0,1.0,0,1005,1005,GasA,2,1,SBrkr,0,0,1005,0,0,1,0,2,1,0,5,1,1,Detchd,0.0,672,1.0,1.0,2,0,0,0,0,0,0,0,11,WD,Normal,115000,0,54,0
1127,120,RL,53.0,3684,Pave,3,Lvl,AllPub,Inside,2,3,Norm,Norm,TwnhsE,1Story,7,5,Hip,CompShg,VinylSd,VinylSd,130.0,2,2,PConc,2.0,2.0,0.0,0.0,0,1.0,0,1373,1373,GasA,4,1,SBrkr,0,0,1555,0,0,2,0,2,1,2,7,1,1,Attchd,2.0,660,2.0,2.0,2,143,20,0,0,0,0,0,6,WD,Normal,174000,0,2,0
1128,20,RL,182.0,14572,Pave,0,Lvl,AllPub,Corner,2,3,Norm,Norm,1Fam,1Story,7,5,Hip,CompShg,VinylSd,VinylSd,0.0,2,2,PConc,2.0,2.0,2.0,5.0,1300,1.0,0,230,1530,GasA,4,1,SBrkr,0,0,1530,1,0,2,0,3,1,2,7,1,1,Attchd,2.0,630,2.0,2.0,2,144,36,0,0,0,0,0,11,WD,Family,259000,0,3,0
1129,60,RL,59.0,11796,Pave,2,Lvl,AllPub,Inside,2,3,Norm,Norm,1Fam,2Story,7,5,Gable,CompShg,VinylSd,VinylSd,0.0,2,2,PConc,2.0,2.0,2.0,0.0,0,1.0,0,847,847,GasA,4,1,SBrkr,1112,0,1959,0,0,2,1,4,1,2,8,1,1,BuiltIn,2.0,434,2.0,2.0,2,100,48,0,0,0,0,0,7,WD,Normal,215000,1,2,0
1130,90,RM,60.0,7200,Pave,3,Lvl,AllPub,Inside,2,1,Norm,Norm,Duplex,SFoyer,5,5,Gable,CompShg,MetalSd,MetalSd,180.0,1,2,CBlock,2.0,2.0,3.0,5.0,936,1.0,0,0,936,GasA,2,1,SBrkr,0,0,936,1,0,1,0,2,1,1,4,1,0,Detchd,0.0,672,2.0,2.0,2,49,0,0,0,0,0,0,8,WD,Normal,140000,0,27,0
1131,50,RL,65.0,7804,Pave,3,Lvl,AllPub,Inside,2,3,Norm,Norm,1Fam,1.5Fin,4,3,Gable,CompShg,WdShing,Plywood,0.0,1,2,BrkTil,1.0,2.0,0.0,3.0,622,1.0,0,500,1122,GasA,2,1,SBrkr,653,0,1981,1,0,2,0,4,1,2,7,5,2,Detchd,0.0,576,2.0,2.0,2,431,44,0,0,0,0,0,12,WD,Normal,135000,1,59,0
1132,20,RL,63.0,10712,Pave,3,Lvl,AllPub,Inside,2,1,Norm,Norm,1Fam,1Story,5,5,Gable,CompShg,HdBoard,HdBoard,0.0,1,2,PConc,2.0,2.0,1.0,3.0,212,1.0,0,762,974,GasA,2,1,SBrkr,0,0,974,0,0,1,0,3,1,1,5,1,0,,,0,,,2,0,28,0,0,0,0,0,9,Oth,Abnorml,93500,1,15,0
1133,70,RM,90.0,9900,Pave,3,Lvl,AllPub,Inside,2,1,Norm,Norm,1Fam,2Story,6,4,Gable,CompShg,Wd Sdng,Wd Sdng,0.0,1,2,BrkTil,1.0,2.0,1.0,0.0,0,1.0,0,1008,1008,GasW,2,1,SBrkr,1032,0,2210,0,0,2,0,5,1,0,8,1,0,Detchd,0.0,205,1.0,2.0,0,0,48,0,0,0,0,0,5,WD,Normal,117500,1,57,0
1134,60,RL,80.0,9828,Pave,2,Lvl,AllPub,Inside,2,2,Norm,Norm,1Fam,2Story,8,5,Gable,CompShg,VinylSd,VinylSd,0.0,2,2,PConc,2.0,2.0,0.0,5.0,584,1.0,0,544,1128,GasA,4,1,SBrkr,878,0,2020,0,0,2,1,3,1,2,8,1,1,Attchd,1.0,466,2.0,2.0,2,0,155,0,0,0,0,0,6,WD,Normal,239500,0,14,0
1135,60,RL,57.0,8773,Pave,2,HLS,AllPub,Inside,2,3,Norm,Norm,1Fam,2Story,6,5,Gable,CompShg,VinylSd,VinylSd,0.0,1,2,PConc,2.0,2.0,2.0,0.0,0,1.0,0,916,916,GasA,3,1,SBrkr,684,0,1600,0,0,2,1,3,1,1,7,1,1,Attchd,2.0,460,2.0,2.0,2,100,38,0,0,0,0,0,8,WD,Normal,169000,0,10,0
1136,30,RM,60.0,6180,Pave,3,Lvl,AllPub,Corner,2,1,Norm,Norm,1Fam,1Story,6,5,Gable,CompShg,Wd Sdng,Wd Sdng,0.0,1,2,BrkTil,1.0,2.0,0.0,0.0,0,1.0,0,960,960,GasA,2,0,SBrkr,0,0,986,0,0,1,0,2,1,1,5,1,1,Detchd,0.0,180,2.0,2.0,2,0,128,0,0,0,0,0,5,WD,Normal,102000,1,57,0
1137,50,RL,80.0,9600,Pave,3,Lvl,AllPub,Inside,2,2,Norm,Norm,1Fam,1.5Fin,6,5,Gable,CompShg,VinylSd,VinylSd,0.0,1,2,CBlock,1.0,2.0,0.0,3.0,280,1.0,0,752,1032,GasA,2,1,FuseA,220,0,1252,0,0,1,0,3,1,1,6,1,0,Attchd,0.0,288,2.0,2.0,2,0,0,96,0,0,0,0,4,WD,Abnorml,119000,0,58,0
1138,50,RL,54.0,6342,Pave,3,Lvl,AllPub,Inside,2,2,Feedr,Norm,1Fam,1.5Fin,5,8,Gable,CompShg,VinylSd,VinylSd,0.0,1,3,CBlock,1.0,2.0,0.0,0.0,0,1.0,0,780,780,GasA,3,0,SBrkr,240,0,1020,0,0,1,0,2,1,1,6,1,0,,,0,,,0,0,0,176,0,0,0,0,5,WD,Normal,94000,1,14,0
1139,20,RL,,9819,Pave,2,Lvl,AllPub,Inside,1,1,Norm,Norm,1Fam,1Story,6,5,Gable,CompShg,Plywood,ImStucc,0.0,1,2,PConc,1.0,2.0,3.0,4.0,1567,1.0,0,0,1567,GasA,2,1,SBrkr,0,0,1567,1,0,2,0,2,1,2,5,1,2,Attchd,1.0,714,2.0,2.0,2,264,32,0,0,0,0,0,5,WD,Normal,196000,0,32,0
1140,30,RL,98.0,8731,Pave,2,Lvl,AllPub,Inside,2,1,Norm,Norm,1Fam,1Story,5,5,Gable,CompShg,Stucco,Stucco,0.0,1,1,BrkTil,1.0,2.0,0.0,3.0,645,1.0,0,270,915,GasA,2,1,SBrkr,0,0,1167,0,0,1,0,3,1,1,6,3,1,Detchd,0.0,495,2.0,2.0,2,0,0,216,0,126,0,0,5,WD,Normal,144000,1,57,0
1141,20,RL,60.0,7350,Pave,3,Lvl,AllPub,Corner,2,2,Norm,Norm,1Fam,1Story,5,7,Gable,CompShg,HdBoard,HdBoard,0.0,1,2,CBlock,1.0,2.0,1.0,4.0,852,1.0,0,100,952,GasA,2,1,SBrkr,0,0,952,1,0,1,0,2,1,1,4,1,0,Detchd,0.0,840,2.0,2.0,2,0,0,0,0,0,0,0,6,COD,Abnorml,139000,0,57,0
1142,60,RL,,10304,Pave,2,Lvl,AllPub,CulDSac,2,1,PosN,Norm,1Fam,2Story,5,7,Gable,CompShg,Plywood,Plywood,44.0,1,3,CBlock,1.0,2.0,0.0,4.0,381,1.0,0,399,780,GasA,4,1,SBrkr,780,0,1868,1,0,2,1,4,1,2,9,1,1,Attchd,0.0,484,2.0,2.0,2,448,96,0,0,0,0,0,10,WD,Normal,197500,0,33,0
1143,60,RL,77.0,9965,Pave,3,Lvl,AllPub,Inside,2,0,Norm,Norm,1Fam,2Story,8,5,Hip,CompShg,VinylSd,VinylSd,340.0,2,2,PConc,3.0,2.0,3.0,5.0,1150,1.0,0,316,1466,GasA,4,1,SBrkr,1362,0,2828,1,0,3,0,4,1,2,11,1,1,BuiltIn,1.0,1052,2.0,2.0,2,125,144,0,0,0,0,0,4,New,Partial,424870,1,0,0
1144,20,RL,,9000,Pave,3,Lvl,AllPub,Inside,2,2,Norm,Norm,1Fam,1Story,5,3,Gable,CompShg,Wd Sdng,Plywood,0.0,1,2,CBlock,1.0,2.0,0.0,5.0,288,1.0,0,718,1006,GasA,2,1,SBrkr,0,0,1006,0,0,1,0,3,1,1,5,1,0,,,0,,,2,0,24,0,0,0,0,0,7,WD,Normal,80000,0,49,0
1145,190,RL,60.0,12180,Pave,3,Lvl,AllPub,Inside,2,3,Norm,Norm,2fmCon,1.5Fin,4,4,Gable,CompShg,MetalSd,MetalSd,0.0,1,1,BrkTil,2.0,2.0,0.0,3.0,348,1.0,0,324,672,Grav,1,0,FuseA,252,0,924,1,0,1,0,2,1,0,5,1,0,Detchd,0.0,280,2.0,2.0,2,0,0,0,0,0,0,0,7,WD,Normal,80000,1,60,0
1146,50,RM,52.0,6240,Pave,3,Lvl,AllPub,Inside,2,1,Norm,Norm,1Fam,1.5Fin,5,6,Gable,CompShg,MetalSd,MetalSd,0.0,1,2,BrkTil,1.0,2.0,0.0,0.0,0,1.0,0,1042,1042,GasA,4,1,SBrkr,534,0,1576,0,0,1,0,3,1,1,8,1,1,Detchd,0.0,225,2.0,2.0,2,0,0,0,0,0,0,0,8,WD,Family,149000,1,56,0
1147,20,RL,,11200,Pave,3,Lvl,AllPub,Inside,2,2,Norm,Norm,1Fam,1Story,6,5,Gable,CompShg,Wd Sdng,Wd Shng,85.0,2,2,CBlock,2.0,2.0,0.0,5.0,1258,1.0,0,40,1298,GasA,2,1,SBrkr,0,0,1298,1,0,2,0,3,1,2,5,1,1,Attchd,0.0,403,2.0,2.0,2,165,26,0,0,0,0,0,5,WD,Normal,180000,0,21,0
1148,70,RL,75.0,12000,Pave,3,Bnk,AllPub,Inside,2,0,Norm,Norm,1Fam,2Story,7,7,Gable,CompShg,MetalSd,MetalSd,0.0,1,2,CBlock,1.0,2.0,0.0,2.0,275,1.0,0,429,704,GasA,4,1,SBrkr,704,0,1564,0,0,1,1,3,1,0,7,1,1,Attchd,0.0,234,2.0,2.0,2,0,0,0,0,0,0,0,7,WD,Normal,174500,1,59,0
1149,50,RM,,5700,Pave,3,Lvl,AllPub,Inside,2,1,Norm,Norm,1Fam,1.5Fin,7,7,Gable,CompShg,Wd Sdng,Wd Sdng,0.0,1,2,PConc,1.0,2.0,0.0,0.0,0,1.0,0,572,572,GasA,2,1,SBrkr,539,0,1111,0,0,1,0,2,1,1,5,1,1,Detchd,0.0,288,2.0,2.0,2,0,0,176,0,0,0,0,8,WD,Normal,116900,1,58,0
1150,70,RM,50.0,9000,Pave,3,Lvl,AllPub,Inside,2,1,Artery,Norm,1Fam,2Story,7,9,Hip,CompShg,VinylSd,VinylSd,0.0,1,3,PConc,1.0,2.0,0.0,4.0,624,1.0,0,26,650,GasA,4,1,SBrkr,650,0,1482,0,1,1,0,3,1,1,7,1,0,Detchd,0.0,324,2.0,2.0,2,0,0,0,0,0,0,0,7,WD,Normal,143000,1,21,0
1151,20,RL,57.0,8280,Pave,2,Lvl,AllPub,Inside,2,2,Norm,Norm,1Fam,1Story,6,5,Gable,CompShg,BrkFace,BrkFace,0.0,1,2,CBlock,1.0,2.0,0.0,0.0,0,1.0,0,932,932,GasA,4,1,FuseA,0,0,932,0,0,1,0,2,1,2,4,1,1,Attchd,0.0,306,2.0,2.0,2,0,0,214,0,0,0,0,11,WD,Normal,124000,0,57,0
1152,20,RL,134.0,17755,Pave,3,Lvl,AllPub,Inside,2,3,Norm,Norm,1Fam,1Story,5,4,Gable,CompShg,HdBoard,Plywood,132.0,1,2,CBlock,1.0,2.0,0.0,3.0,176,1.0,0,1290,1466,GasA,2,1,SBrkr,0,0,1466,0,0,1,1,3,1,0,6,1,2,Attchd,2.0,528,2.0,2.0,2,0,140,0,0,100,0,0,11,WD,Normal,149900,0,47,0
1153,20,RL,90.0,14115,Pave,2,Lvl,AllPub,Inside,2,0,Norm,Norm,1Fam,1Story,6,7,Gable,CompShg,Stone,Stone,0.0,1,2,PConc,1.0,2.0,0.0,4.0,296,5.0,547,230,1073,GasA,4,1,SBrkr,0,0,1811,0,0,1,0,2,1,3,6,1,1,Attchd,2.0,470,2.0,2.0,2,0,0,280,0,0,0,0,7,WD,Abnorml,230000,1,2,0
1154,30,RM,,5890,Pave,3,Lvl,AllPub,Corner,2,2,Norm,Norm,1Fam,1Story,6,8,Gable,CompShg,Wd Sdng,Wd Sdng,0.0,2,3,BrkTil,1.0,2.0,2.0,4.0,538,1.0,0,278,816,GasA,4,1,SBrkr,0,0,816,0,0,1,0,2,1,1,5,1,0,Detchd,0.0,432,2.0,2.0,2,0,0,96,0,0,0,0,6,WD,Normal,120500,1,1,0
1155,60,RL,,13700,Pave,2,Lvl,AllPub,Inside,2,2,Norm,Norm,1Fam,2Story,7,6,Gable,CompShg,VinylSd,VinylSd,288.0,1,2,CBlock,1.0,2.0,3.0,4.0,454,1.0,0,410,864,GasA,2,1,SBrkr,918,0,1820,0,0,1,2,4,1,2,8,1,2,Attchd,0.0,492,2.0,2.0,2,60,84,0,0,273,0,0,5,WD,Normal,201800,1,20,0
1156,20,RL,90.0,10768,Pave,2,Lvl,AllPub,Corner,2,0,Norm,Norm,1Fam,1Story,5,8,Gable,CompShg,Plywood,Plywood,0.0,2,3,CBlock,2.0,2.0,3.0,4.0,1157,1.0,0,280,1437,GasA,2,1,SBrkr,0,0,1437,1,0,2,0,3,1,2,6,1,1,Attchd,1.0,528,2.0,2.0,2,0,21,0,0,180,0,0,7,WD,Normal,218000,1,3,0
1157,80,RL,85.0,9350,Pave,3,Lvl,AllPub,Inside,2,2,Norm,Norm,1Fam,SLvl,5,8,Gable,CompShg,BrkFace,BrkFace,0.0,1,3,PConc,1.0,2.0,3.0,4.0,633,1.0,0,586,1219,GasA,3,1,SBrkr,0,0,1265,0,1,2,0,3,1,2,6,1,1,Attchd,1.0,502,2.0,2.0,2,0,92,0,96,0,0,0,10,WD,Normal,179900,1,9,0
1158,120,RL,34.0,5001,Pave,2,Lvl,AllPub,Inside,2,2,Norm,Norm,Twnhs,1Story,7,5,Gable,CompShg,VinylSd,VinylSd,166.0,2,2,PConc,2.0,2.0,0.0,5.0,904,1.0,0,410,1314,GasA,4,1,SBrkr,0,0,1314,1,0,2,0,2,1,2,6,1,1,Attchd,1.0,626,2.0,2.0,2,172,62,0,0,0,0,0,7,WD,Normal,230000,1,1,0
1159,20,RL,92.0,11932,Pave,3,Lvl,AllPub,FR2,2,1,Feedr,Norm,1Fam,1Story,8,5,Gable,CompShg,VinylSd,VinylSd,186.0,2,2,PConc,2.0,2.0,0.0,0.0,0,1.0,0,1580,1580,GasA,4,1,SBrkr,0,0,1580,0,0,2,0,3,1,2,7,1,0,Attchd,1.0,830,2.0,2.0,2,0,24,0,0,0,0,0,6,ConLD,Partial,235128,1,0,0
1160,60,RL,76.0,9120,Pave,3,Lvl,AllPub,Inside,2,1,Norm,Norm,1Fam,2Story,6,6,Hip,CompShg,HdBoard,HdBoard,270.0,2,2,CBlock,1.0,2.0,0.0,4.0,442,1.0,0,459,901,GasA,2,1,SBrkr,933,0,1876,0,0,2,1,4,1,2,8,1,1,Attchd,1.0,540,3.0,2.0,2,0,69,0,0,0,0,0,7,WD,Normal,185000,0,34,0
1161,160,RL,24.0,2280,Pave,3,Lvl,AllPub,Inside,2,3,Norm,Norm,Twnhs,2Story,6,5,Gable,CompShg,Plywood,Brk Cmn,0.0,1,2,CBlock,2.0,2.0,0.0,4.0,311,1.0,0,544,855,GasA,1,1,SBrkr,601,0,1456,0,0,2,1,3,1,1,7,1,1,Attchd,0.0,440,2.0,2.0,2,26,0,0,0,0,0,0,7,WD,Normal,146000,0,32,0
1162,20,RL,,14778,Pave,2,Low,AllPub,CulDSac,2,0,PosN,Norm,1Fam,1Story,6,7,Hip,CompShg,HdBoard,HdBoard,72.0,2,2,CBlock,1.0,2.0,0.0,3.0,728,1.0,0,568,1296,GasA,4,1,SBrkr,0,0,1640,1,0,1,0,3,1,2,7,1,1,Detchd,0.0,924,2.0,2.0,2,108,0,0,216,0,0,0,11,WD,Normal,224000,1,2,0
1163,20,RL,109.0,8724,Pave,3,Lvl,AllPub,Inside,2,2,Norm,Norm,1Fam,1Story,5,5,Gable,CompShg,VinylSd,VinylSd,0.0,1,2,CBlock,2.0,2.0,0.0,3.0,492,1.0,0,402,894,GasA,3,1,SBrkr,0,0,894,0,0,1,0,3,1,1,5,1,1,Attchd,2.0,450,2.0,2.0,2,0,0,0,0,0,0,0,5,WD,Normal,129000,0,39,0
1164,90,RL,60.0,12900,Pave,3,Lvl,AllPub,Inside,2,2,Feedr,Norm,Duplex,SFoyer,4,4,Gable,CompShg,Plywood,Plywood,0.0,1,2,CBlock,2.0,2.0,2.0,5.0,1198,1.0,0,0,1198,GasA,2,1,SBrkr,0,0,1258,2,0,0,2,0,2,1,6,1,0,CarPort,0.0,400,1.0,2.0,2,120,0,0,0,0,0,0,1,WD,Alloca,108959,0,39,0
1165,80,RL,,16157,Pave,2,Lvl,AllPub,FR2,2,0,Feedr,Norm,1Fam,SLvl,5,7,Gable,CompShg,Plywood,Plywood,0.0,1,2,PConc,2.0,2.0,3.0,4.0,680,2.0,391,289,1360,GasA,4,1,SBrkr,0,0,1432,1,0,1,1,2,1,2,5,1,1,Attchd,0.0,588,2.0,2.0,2,168,180,0,0,0,0,0,6,WD,Normal,194000,0,29,0
1166,20,RL,79.0,9541,Pave,2,Lvl,AllPub,Inside,2,2,Norm,Norm,1Fam,1Story,7,5,Gable,CompShg,VinylSd,VinylSd,268.0,2,2,PConc,2.0,2.0,0.0,0.0,0,1.0,0,1502,1502,GasA,4,1,SBrkr,0,0,1502,0,0,2,0,3,1,2,7,1,0,Attchd,1.0,644,2.0,2.0,2,0,114,0,0,0,0,0,9,New,Partial,233170,0,0,1
1167,20,RL,64.0,10475,Pave,2,Lvl,AllPub,Corner,2,0,Norm,Norm,1Fam,1Story,8,5,Gable,CompShg,VinylSd,VinylSd,72.0,2,2,PConc,2.0,2.0,2.0,0.0,0,1.0,0,1694,1694,GasA,4,1,SBrkr,0,0,1694,0,0,2,0,3,1,2,7,1,0,Attchd,1.0,776,2.0,2.0,2,160,33,0,0,0,0,0,2,WD,Normal,245350,0,2,0
1168,60,RL,58.0,10852,Pave,2,Lvl,AllPub,Inside,2,3,RRAn,Norm,1Fam,2Story,6,5,Gable,CompShg,VinylSd,VinylSd,0.0,1,2,PConc,2.0,2.0,0.0,5.0,786,1.0,0,173,959,GasA,4,1,SBrkr,712,0,1671,1,0,2,1,3,1,1,7,1,1,Attchd,2.0,472,2.0,2.0,2,0,38,0,0,0,0,0,2,WD,Normal,173000,0,6,0
1169,70,RL,120.0,13728,Pave,3,Lvl,AllPub,Corner,2,3,Norm,Norm,1Fam,2Story,6,7,Hip,CompShg,Stucco,Stucco,0.0,1,2,CBlock,1.0,2.0,0.0,2.0,626,1.0,0,501,1127,GasA,4,1,SBrkr,872,0,2108,0,0,2,0,4,1,2,7,1,2,Basment,0.0,540,2.0,2.0,2,0,0,0,0,90,0,0,7,WD,Normal,235000,1,22,0
1170,60,RL,118.0,35760,Pave,2,Lvl,AllPub,CulDSac,2,1,Norm,Norm,1Fam,2Story,10,5,Hip,CompShg,HdBoard,HdBoard,1378.0,2,3,PConc,3.0,2.0,3.0,5.0,1387,1.0,0,543,1930,GasA,4,1,SBrkr,1796,0,3627,1,0,3,1,4,1,2,10,1,1,Attchd,2.0,807,2.0,2.0,2,361,76,0,0,0,0,0,7,WD,Normal,625000,1,10,0
1171,80,RL,76.0,9880,Pave,3,Lvl,AllPub,Inside,2,1,Norm,Norm,1Fam,SLvl,6,6,Gable,CompShg,Plywood,Plywood,0.0,1,2,CBlock,1.0,2.0,2.0,4.0,522,1.0,0,574,1096,GasA,2,1,SBrkr,0,0,1118,1,0,1,0,3,1,1,6,1,1,Attchd,2.0,358,2.0,2.0,2,203,0,0,0,0,576,0,7,WD,Normal,171000,0,31,0
1172,20,RL,76.0,9120,Pave,3,Lvl,AllPub,Inside,2,2,Norm,Norm,1Fam,1Story,6,6,Hip,CompShg,MetalSd,MetalSd,0.0,1,2,CBlock,1.0,2.0,0.0,4.0,662,1.0,0,599,1261,GasA,4,1,SBrkr,0,0,1261,1,0,1,0,3,1,1,6,1,1,Attchd,1.0,433,2.0,2.0,2,0,0,0,0,288,0,1400,11,WD,Normal,163000,0,50,0
1173,160,FV,35.0,4017,Pave,2,Lvl,AllPub,Inside,2,1,Norm,Norm,TwnhsE,2Story,7,5,Gable,CompShg,MetalSd,MetalSd,0.0,2,2,PConc,2.0,2.0,0.0,0.0,0,1.0,0,625,625,GasA,4,1,SBrkr,625,0,1250,0,0,2,1,2,1,2,5,1,0,Detchd,2.0,625,2.0,2.0,2,0,54,0,0,0,0,0,3,WD,Normal,171900,1,1,0
1174,50,RL,138.0,18030,Pave,2,Bnk,AllPub,Inside,2,3,Norm,Norm,1Fam,1.5Fin,5,6,Gable,CompShg,MetalSd,MetalSd,0.0,1,2,CBlock,1.0,2.0,0.0,2.0,152,3.0,469,977,1598,GasA,2,1,SBrkr,971,479,3086,0,0,3,0,3,1,3,12,3,1,,,0,,,2,122,0,0,0,0,0,0,3,WD,Normal,200500,1,13,0
1175,70,RL,80.0,16560,Pave,2,Lvl,AllPub,Inside,2,0,Norm,Norm,1Fam,2Story,6,8,Gable,CompShg,Wd Sdng,Wd Sdng,0.0,1,2,BrkTil,2.0,2.0,0.0,2.0,503,1.0,0,449,952,GasA,2,1,SBrkr,1175,0,2345,0,0,2,1,4,1,1,9,1,1,Detchd,0.0,360,2.0,2.0,2,0,0,0,0,0,0,0,7,WD,Normal,239000,1,56,0
1176,50,RL,85.0,10678,Pave,3,Lvl,AllPub,Inside,2,1,Norm,Norm,1Fam,1.5Fin,8,5,Hip,CompShg,HdBoard,HdBoard,337.0,2,2,PConc,2.0,2.0,0.0,5.0,700,1.0,0,983,1683,GasA,4,1,SBrkr,743,0,2872,0,0,2,1,4,1,2,9,1,1,Attchd,2.0,541,2.0,2.0,2,0,33,0,0,0,0,0,4,WD,Normal,285000,1,7,0
1177,20,RL,37.0,6951,Pave,2,Lvl,AllPub,CulDSac,2,1,Norm,Norm,1Fam,1Story,5,5,Gable,CompShg,HdBoard,Plywood,0.0,1,2,CBlock,1.0,2.0,0.0,4.0,658,1.0,0,218,876,GasA,2,1,SBrkr,0,0,923,1,0,1,0,3,1,1,5,1,0,Attchd,0.0,264,2.0,2.0,2,362,0,0,0,0,0,0,10,WD,Normal,119500,1,23,0
1178,50,RM,,3950,Pave,3,Bnk,AllPub,Inside,2,1,Artery,Norm,1Fam,1.5Fin,6,8,Gable,CompShg,MetalSd,MetalSd,0.0,1,2,CBlock,1.0,2.0,0.0,2.0,468,1.0,0,350,818,GasA,2,1,SBrkr,406,0,1224,0,0,1,0,3,1,1,5,1,0,Detchd,0.0,210,2.0,2.0,0,0,0,116,0,0,0,0,12,WD,Normal,115000,1,5,0
1179,50,RL,54.0,7681,Pave,2,Lvl,AllPub,FR2,2,0,Norm,Norm,1Fam,1.5Fin,5,6,Gable,CompShg,Wd Sdng,Wd Sdng,0.0,1,2,BrkTil,1.0,2.0,0.0,0.0,0,1.0,0,731,731,GasA,4,1,SBrkr,523,0,1343,0,0,1,1,3,1,1,7,1,1,Detchd,0.0,186,1.0,2.0,2,192,0,102,0,0,0,0,7,WD,Normal,154900,1,59,0
1180,20,RL,77.0,8335,Pave,3,Lvl,AllPub,Corner,2,3,Norm,Norm,1Fam,1Story,5,5,Gable,CompShg,Wd Sdng,Wd Sdng,0.0,1,2,Slab,,,,,0,,0,0,0,GasA,3,1,SBrkr,0,0,1124,0,0,1,0,3,1,1,5,5,1,,,0,,,0,0,36,190,0,0,0,0,4,WD,Normal,93000,0,52,0
1181,60,RL,,11170,Pave,1,Lvl,AllPub,Corner,2,3,Norm,Norm,1Fam,2Story,7,5,Gable,CompShg,MetalSd,MetalSd,0.0,1,2,Wood,2.0,2.0,0.0,1.0,1216,1.0,0,0,1216,GasA,4,1,SBrkr,1216,0,2514,0,0,2,1,4,1,1,8,1,0,Attchd,2.0,693,2.0,2.0,2,0,0,0,0,0,0,0,4,WD,Normal,250000,1,15,0
1182,120,RM,64.0,5587,Pave,2,HLS,AllPub,Inside,1,0,Norm,Norm,TwnhsE,1Story,8,5,Hip,CompShg,CemntBd,CmentBd,186.0,3,2,PConc,3.0,2.0,3.0,5.0,1480,1.0,0,120,1600,GasA,4,1,SBrkr,0,0,1652,1,1,2,0,2,1,2,5,1,1,Attchd,2.0,482,2.0,2.0,2,162,53,0,153,0,0,0,11,New,Partial,392500,0,0,1
1183,60,RL,160.0,15623,Pave,2,Lvl,AllPub,Corner,2,1,Norm,Norm,1Fam,2Story,10,5,Hip,CompShg,Wd Sdng,ImStucc,0.0,2,2,PConc,3.0,2.0,2.0,5.0,2096,1.0,0,300,2396,GasA,4,1,SBrkr,2065,0,4476,1,0,3,1,4,1,3,10,1,2,Attchd,2.0,813,2.0,2.0,2,171,78,0,0,0,555,0,7,WD,Abnorml,745000,0,11,0
1184,30,RL,60.0,10800,Pave,3,Lvl,AllPub,Inside,2,1,Norm,Norm,1Fam,1Story,5,6,Hip,CompShg,Stucco,Stucco,0.0,1,2,BrkTil,1.0,2.0,0.0,2.0,821,1.0,0,299,1120,GasA,4,1,SBrkr,0,0,1130,1,0,1,0,2,1,1,5,1,1,Detchd,0.0,720,2.0,2.0,2,229,0,0,0,0,0,0,6,WD,Normal,120000,1,56,0
1185,20,RL,50.0,35133,Grvl,3,Lvl,AllPub,Inside,1,3,Norm,Norm,1Fam,1Story,5,4,Hip,CompShg,MetalSd,MetalSd,226.0,1,2,CBlock,1.0,2.0,3.0,2.0,1159,1.0,0,413,1572,GasA,3,1,SBrkr,0,0,1572,1,0,1,1,3,1,1,5,1,2,2Types,1.0,995,2.0,2.0,2,0,263,0,0,263,0,0,5,WD,Normal,186700,0,44,0
1186,50,RL,60.0,9738,Pave,3,Lvl,AllPub,Inside,2,3,Norm,Norm,1Fam,1.5Fin,5,7,Gable,CompShg,AsbShng,AsbShng,0.0,1,3,BrkTil,1.0,2.0,0.0,3.0,392,1.0,0,392,784,GasA,3,1,SBrkr,272,0,1221,1,0,1,0,4,1,1,7,1,0,Attchd,0.0,392,2.0,2.0,2,0,0,236,0,0,0,0,3,WD,Normal,104900,1,56,0
1187,190,RL,107.0,10615,Pave,2,Bnk,AllPub,Corner,1,1,Artery,Artery,2fmCon,2Story,3,5,Gable,CompShg,HdBoard,HdBoard,0.0,1,2,CBlock,0.0,2.0,1.0,3.0,440,1.0,0,538,978,GasA,2,1,SBrkr,685,0,1699,1,0,2,0,3,2,1,7,1,0,CarPort,0.0,420,1.0,1.0,2,0,74,0,0,0,0,0,8,WD,Abnorml,95000,1,39,0
1188,20,RL,89.0,12461,Pave,3,Lvl,AllPub,Corner,2,1,Norm,Norm,1Fam,1Story,8,5,Gable,CompShg,ImStucc,ImStucc,0.0,2,2,PConc,2.0,2.0,0.0,5.0,1456,1.0,0,168,1624,GasA,4,1,SBrkr,0,0,1624,1,0,2,0,2,1,2,5,1,1,Attchd,1.0,757,2.0,2.0,2,0,114,192,0,0,0,0,7,WD,Normal,262000,1,11,0
1189,60,RL,68.0,8935,Pave,2,Lvl,AllPub,Inside,2,0,Norm,Norm,1Fam,2Story,7,5,Gable,CompShg,VinylSd,VinylSd,95.0,2,2,PConc,2.0,2.0,0.0,0.0,0,1.0,0,831,831,GasA,4,1,SBrkr,829,0,1660,0,0,2,1,3,1,2,7,1,0,Attchd,1.0,493,2.0,2.0,2,144,68,0,0,0,0,0,7,WD,Normal,195000,0,7,0
1190,60,RL,60.0,7500,Pave,3,Lvl,AllPub,Inside,2,3,Norm,Norm,1Fam,2Story,7,5,Gable,CompShg,VinylSd,VinylSd,0.0,1,2,PConc,1.0,2.0,0.0,0.0,0,1.0,0,994,994,GasA,3,1,SBrkr,776,0,1804,0,0,2,1,3,1,2,7,1,1,Attchd,2.0,442,2.0,2.0,2,140,60,0,0,0,0,0,6,WD,Normal,189000,0,11,0
1191,190,RL,,32463,Pave,3,Low,AllPub,Inside,1,1,Norm,Norm,2fmCon,1Story,4,4,Gable,CompShg,MetalSd,MetalSd,149.0,1,3,CBlock,1.0,2.0,2.0,3.0,1159,1.0,0,90,1249,GasA,4,1,SBrkr,0,0,1622,1,0,1,0,3,1,1,7,1,1,2Types,2.0,1356,2.0,2.0,2,439,0,0,0,0,0,0,3,WD,Normal,168000,1,32,0
1192,160,FV,24.0,2645,Pave,3,Lvl,AllPub,Inside,2,1,Norm,Norm,Twnhs,2Story,8,5,Gable,CompShg,MetalSd,MetalSd,456.0,2,2,PConc,2.0,2.0,0.0,0.0,0,1.0,0,776,776,GasA,4,1,SBrkr,677,0,1441,0,0,2,1,2,1,2,5,1,0,Detchd,0.0,492,2.0,2.0,2,206,0,0,0,0,0,0,11,WD,Normal,174000,1,7,0
1193,50,RM,60.0,9600,Pave,3,Lvl,AllPub,Inside,2,1,Norm,Norm,1Fam,1.5Fin,5,8,Gambrel,CompShg,VinylSd,VinylSd,0.0,1,2,PConc,1.0,2.0,1.0,0.0,0,1.0,0,702,702,GasA,3,1,SBrkr,630,0,1472,0,0,1,0,3,1,2,6,1,0,Detchd,0.0,250,2.0,1.0,1,0,0,84,0,0,0,0,7,WD,Normal,125000,1,13,0
1194,120,RM,,4500,Pave,3,Lvl,AllPub,FR2,2,1,Norm,Norm,TwnhsE,1Story,6,5,Hip,CompShg,VinylSd,VinylSd,425.0,1,2,PConc,3.0,2.0,0.0,5.0,883,1.0,0,341,1224,GasA,4,1,SBrkr,0,0,1224,1,0,2,0,2,1,1,5,1,0,Attchd,2.0,402,2.0,2.0,2,0,304,0,0,0,0,0,6,WD,Normal,165000,0,10,0
1195,60,RL,80.0,9364,Pave,3,Lvl,AllPub,Corner,2,2,Norm,Norm,1Fam,2Story,6,7,Gable,CompShg,HdBoard,HdBoard,143.0,1,2,CBlock,1.0,2.0,0.0,4.0,371,1.0,0,292,663,GasA,2,1,SBrkr,689,0,1352,0,0,1,1,4,1,1,7,1,0,Attchd,2.0,299,2.0,2.0,2,379,36,0,0,0,0,0,3,WD,Normal,158000,0,41,0
1196,60,RL,51.0,8029,Pave,2,Lvl,AllPub,Inside,2,3,Norm,Norm,1Fam,2Story,6,5,Gable,CompShg,VinylSd,VinylSd,0.0,1,2,PConc,2.0,2.0,0.0,0.0,0,1.0,0,728,728,GasA,4,1,SBrkr,728,0,1456,0,0,2,1,3,1,2,8,1,0,Attchd,2.0,400,2.0,2.0,2,100,24,0,0,0,0,0,7,WD,Normal,176000,0,3,0
1197,60,RL,58.0,14054,Pave,2,Lvl,AllPub,Inside,2,3,Norm,Norm,1Fam,2Story,7,5,Gable,CompShg,VinylSd,VinylSd,0.0,2,2,PConc,2.0,2.0,2.0,0.0,0,1.0,0,879,879,GasA,4,1,SBrkr,984,0,1863,0,0,2,1,4,1,2,9,1,1,BuiltIn,2.0,660,2.0,2.0,2,100,17,0,0,0,0,0,11,New,Partial,219210,0,0,1
1198,75,RM,65.0,8850,Pave,2,Bnk,AllPub,Corner,2,1,Norm,Norm,1Fam,2.5Unf,7,6,Gable,CompShg,MetalSd,MetalSd,0.0,1,2,BrkTil,1.0,2.0,0.0,0.0,0,1.0,0,815,815,GasA,4,1,SBrkr,875,0,1690,0,0,1,0,3,1,1,7,1,1,Detchd,0.0,225,2.0,2.0,2,0,0,330,0,0,0,0,7,ConLw,Normal,144000,1,56,0
1199,20,RL,70.0,9100,Pave,3,Lvl,AllPub,Inside,2,0,Norm,Norm,1Fam,1Story,7,5,Gable,CompShg,VinylSd,VinylSd,0.0,2,2,PConc,2.0,2.0,0.0,0.0,0,1.0,0,1212,1212,GasA,4,1,SBrkr,0,0,1212,0,0,2,0,3,1,2,6,1,0,Attchd,1.0,573,2.0,2.0,2,356,0,0,0,0,0,0,6,WD,Normal,178000,0,8,0
1200,20,RL,75.0,11235,Pave,3,Lvl,AllPub,Inside,2,2,Norm,Norm,1Fam,1Story,4,5,Gable,CompShg,HdBoard,HdBoard,51.0,1,2,CBlock,1.0,2.0,0.0,2.0,547,1.0,0,504,1051,GasA,3,1,SBrkr,0,0,1382,0,0,1,1,3,1,1,6,1,1,Attchd,0.0,459,2.0,2.0,2,0,82,0,0,0,0,0,10,WD,Normal,148000,1,27,0
1201,20,RL,71.0,9353,Pave,3,Lvl,AllPub,Inside,2,2,Norm,Norm,1Fam,1Story,4,5,Gable,CompShg,MetalSd,MetalSd,0.0,1,2,CBlock,1.0,2.0,0.0,0.0,0,1.0,0,864,864,GasA,3,1,SBrkr,0,0,864,0,0,1,0,3,1,1,5,1,0,Attchd,0.0,280,2.0,2.0,2,0,0,0,0,0,0,0,7,Oth,Abnorml,116050,0,36,0
1202,60,RL,80.0,10400,Pave,3,Lvl,AllPub,Corner,2,0,Norm,Norm,1Fam,2Story,7,5,Gable,CompShg,VinylSd,VinylSd,0.0,1,2,PConc,2.0,2.0,2.0,0.0,0,1.0,0,866,866,GasA,4,1,SBrkr,913,0,1779,0,0,2,1,3,1,2,6,1,0,Attchd,1.0,546,2.0,2.0,2,198,36,0,0,0,0,0,3,WD,Normal,197900,0,11,0
1203,50,RM,50.0,6000,Pave,3,Lvl,AllPub,Corner,2,1,Norm,Norm,1Fam,1.5Fin,5,8,Gable,CompShg,Wd Sdng,Wd Sdng,0.0,1,2,BrkTil,1.0,2.0,0.0,0.0,0,1.0,0,884,884,GasA,4,1,SBrkr,464,0,1348,1,0,1,0,3,1,1,5,1,1,Detchd,0.0,216,2.0,2.0,0,0,0,208,0,0,0,0,5,WD,Normal,117000,1,12,0
1204,20,RL,75.0,9750,Pave,3,Lvl,AllPub,Inside,2,0,Norm,Norm,1Fam,1Story,7,5,Gable,CompShg,VinylSd,VinylSd,171.0,2,2,PConc,2.0,2.0,0.0,0.0,0,1.0,0,1630,1630,GasA,4,1,SBrkr,0,0,1630,0,0,2,0,3,1,2,6,1,1,Attchd,0.0,451,2.0,2.0,2,74,234,0,0,0,0,0,10,WD,Normal,213000,1,8,0
1205,20,RL,78.0,10140,Pave,3,Lvl,AllPub,Inside,2,1,Norm,Norm,1Fam,1Story,5,6,Gable,CompShg,HdBoard,HdBoard,0.0,1,2,CBlock,2.0,2.0,0.0,4.0,788,1.0,0,268,1056,GasA,4,1,SBrkr,0,0,1074,1,0,1,1,3,1,1,6,1,0,Attchd,1.0,495,2.0,2.0,2,0,88,0,0,0,0,0,7,WD,Normal,153500,0,31,0
1206,20,RL,90.0,14684,Pave,2,Lvl,AllPub,CulDSac,2,2,Norm,Norm,1Fam,1Story,7,7,Hip,CompShg,HdBoard,HdBoard,234.0,2,2,CBlock,2.0,2.0,1.0,4.0,485,3.0,177,1496,2158,GasA,3,1,SBrkr,0,0,2196,0,0,2,0,3,1,2,7,1,1,Attchd,1.0,701,2.0,2.0,2,84,70,0,0,0,0,0,6,WD,Normal,271900,1,18,0
1207,20,RH,,8900,Pave,3,Lvl,AllPub,Inside,2,2,Norm,Norm,1Fam,1Story,4,4,Gable,CompShg,HdBoard,HdBoard,0.0,1,2,CBlock,1.0,2.0,0.0,2.0,1056,1.0,0,0,1056,GasA,2,1,SBrkr,0,0,1056,1,0,1,0,2,1,1,5,1,0,Detchd,0.0,384,2.0,2.0,2,0,42,0,0,0,0,0,11,WD,Normal,107000,0,40,0
1208,20,RL,70.0,9135,Pave,3,Lvl,AllPub,Inside,2,0,Norm,Norm,1Fam,1Story,6,5,Gable,CompShg,VinylSd,VinylSd,120.0,2,2,PConc,2.0,2.0,2.0,5.0,340,1.0,0,1342,1682,GasA,4,1,SBrkr,0,0,1700,1,0,2,0,3,1,2,7,1,0,Attchd,1.0,544,2.0,2.0,2,192,23,0,0,0,0,0,5,WD,Normal,200000,0,3,0
1209,20,RL,70.0,7763,Pave,3,Lvl,AllPub,Inside,2,2,Norm,Norm,1Fam,1Story,5,7,Gable,CompShg,MetalSd,MetalSd,0.0,1,3,CBlock,1.0,2.0,0.0,2.0,504,3.0,108,319,931,GasA,2,1,SBrkr,0,0,1283,1,0,1,0,3,1,1,6,1,0,Detchd,0.0,506,2.0,2.0,2,0,0,0,0,0,0,0,10,WD,Normal,140000,1,28,0
1210,20,RL,85.0,10182,Pave,2,Lvl,AllPub,CulDSac,2,1,RRNn,Norm,1Fam,1Story,8,5,Hip,CompShg,VinylSd,VinylSd,420.0,2,2,PConc,3.0,2.0,1.0,5.0,1220,1.0,0,440,1660,GasA,4,1,SBrkr,0,0,1660,1,0,2,0,3,1,2,8,1,1,Attchd,1.0,500,2.0,2.0,2,322,50,0,0,0,0,0,5,New,Partial,290000,0,0,1
1211,60,RL,70.0,11218,Pave,3,Lvl,AllPub,Inside,2,2,Norm,Norm,1Fam,2Story,6,5,Gable,CompShg,Wd Sdng,Wd Sdng,0.0,2,2,PConc,2.0,2.0,0.0,0.0,0,1.0,0,1055,1055,GasA,4,1,SBrkr,790,0,1845,0,0,2,1,3,1,2,8,1,1,Attchd,1.0,462,2.0,2.0,2,635,104,0,0,0,0,400,5,WD,Normal,189000,0,18,0
1212,50,RL,152.0,12134,Pave,2,Bnk,AllPub,Inside,1,3,Norm,Norm,1Fam,1.5Fin,8,7,Gable,CompShg,Wd Sdng,Wd Sdng,0.0,2,2,Wood,2.0,2.0,2.0,5.0,427,1.0,0,132,559,GasA,3,1,SBrkr,672,0,1752,0,0,2,0,4,1,1,8,1,0,Basment,1.0,492,2.0,2.0,2,325,12,0,0,0,0,0,6,WD,Normal,164000,1,5,0
1213,30,RL,50.0,9340,Pave,3,Lvl,AllPub,Inside,2,3,Norm,Norm,1Fam,1Story,4,6,Hip,CompShg,MetalSd,MetalSd,0.0,1,2,CBlock,1.0,2.0,0.0,2.0,344,1.0,0,328,672,GasA,2,1,SBrkr,0,0,672,1,0,1,0,2,1,1,4,1,0,Attchd,0.0,234,2.0,2.0,0,0,113,0,0,0,0,0,8,WD,Normal,113000,1,59,0
1214,80,RL,,10246,Pave,2,Lvl,AllPub,CulDSac,2,2,Norm,Norm,1Fam,SLvl,4,9,Gable,CompShg,VinylSd,VinylSd,0.0,1,3,CBlock,1.0,3.0,2.0,5.0,648,1.0,0,0,648,GasA,4,1,SBrkr,0,0,960,1,1,0,0,0,1,1,3,1,0,Attchd,0.0,364,2.0,2.0,2,88,0,0,0,0,0,0,5,WD,Normal,145000,1,5,0
1215,85,RL,69.0,10205,Pave,2,Lvl,AllPub,Inside,2,2,Norm,Norm,1Fam,SFoyer,5,5,Gable,CompShg,MetalSd,MetalSd,0.0,1,2,CBlock,1.0,2.0,2.0,3.0,784,1.0,0,141,925,GasA,2,1,SBrkr,0,0,999,1,0,1,0,3,1,1,6,1,0,Attchd,0.0,300,2.0,2.0,2,150,72,0,0,0,0,0,5,WD,Normal,134500,0,44,0
1216,20,RL,99.0,7094,Pave,2,Lvl,AllPub,Inside,2,2,Norm,Norm,1Fam,1Story,5,5,Gable,CompShg,VinylSd,VinylSd,0.0,1,2,CBlock,1.0,2.0,0.0,2.0,180,0.0,374,340,894,GasA,2,1,SBrkr,0,0,894,0,0,1,0,3,1,1,5,1,0,Detchd,1.0,384,2.0,2.0,2,0,0,0,0,0,0,0,5,WD,Normal,125000,0,41,0
1217,90,RM,68.0,8930,Pave,3,Lvl,AllPub,Inside,2,2,RRAe,Norm,Duplex,1.5Fin,6,5,Gable,CompShg,VinylSd,VinylSd,0.0,1,2,Slab,,,,,0,,0,0,0,GasA,2,1,SBrkr,584,0,1902,0,0,2,0,4,2,1,8,1,0,Attchd,0.0,539,2.0,2.0,2,0,0,0,0,0,0,0,4,WD,Normal,112000,0,32,0
1218,20,FV,72.0,8640,Pave,3,Lvl,AllPub,Inside,2,1,Norm,Norm,1Fam,1Story,8,5,Gable,CompShg,CemntBd,CmentBd,72.0,2,2,PConc,2.0,2.0,1.0,5.0,936,1.0,0,364,1300,GasA,4,1,SBrkr,0,0,1314,1,0,2,0,3,1,2,6,1,0,Attchd,1.0,552,2.0,2.0,2,135,112,0,0,0,0,0,9,New,Partial,229456,0,0,1
1219,50,RM,52.0,6240,Pave,3,Lvl,AllPub,Inside,2,1,Norm,Norm,1Fam,1.5Fin,4,5,Gable,CompShg,AsbShng,AsbShng,0.0,1,2,Slab,,,,,0,,0,0,0,GasA,3,0,SBrkr,240,0,912,0,0,1,0,2,1,1,3,1,0,,,0,,,0,0,0,0,0,0,0,0,7,WD,Normal,80500,1,56,0
1220,160,RM,21.0,1680,Pave,3,Lvl,AllPub,Inside,2,3,Norm,Norm,Twnhs,2Story,6,5,Gable,CompShg,CemntBd,CmentBd,236.0,1,2,CBlock,1.0,2.0,0.0,0.0,0,1.0,0,672,672,GasA,2,1,SBrkr,546,0,1218,0,0,1,1,3,1,1,7,1,0,,,0,,,0,201,0,0,0,0,0,0,4,WD,Abnorml,91500,0,35,0
1221,20,RL,66.0,7800,Pave,2,Lvl,AllPub,Inside,2,2,Norm,Norm,1Fam,1Story,5,5,Gable,CompShg,Wd Sdng,Wd Sdng,0.0,1,2,CBlock,1.0,2.0,0.0,2.0,312,0.0,600,0,912,GasA,2,1,SBrkr,0,0,912,0,0,1,0,2,1,1,5,1,0,Attchd,0.0,288,2.0,2.0,2,0,0,0,0,0,0,0,11,WD,Abnorml,115000,0,42,0
1222,20,RL,55.0,8250,Pave,3,Lvl,AllPub,Inside,2,2,Feedr,Norm,1Fam,1Story,5,5,Hip,CompShg,HdBoard,HdBoard,0.0,1,2,CBlock,1.0,2.0,0.0,3.0,250,0.0,492,210,952,GasA,4,1,SBrkr,0,0,1211,0,0,1,0,3,1,1,5,1,1,Attchd,0.0,322,2.0,2.0,2,0,63,0,0,0,0,0,8,WD,Normal,134000,0,40,0
1223,50,RL,78.0,10496,Pave,3,Lvl,AllPub,Inside,2,2,Artery,Norm,1Fam,1.5Fin,6,6,Gable,CompShg,Wd Sdng,Wd Sdng,320.0,1,2,CBlock,1.0,2.0,1.0,2.0,196,1.0,0,844,1040,GasA,4,1,SBrkr,678,0,1846,0,0,2,0,3,1,1,7,1,1,Attchd,0.0,315,2.0,2.0,2,0,0,0,0,0,0,0,1,WD,Normal,143000,1,57,0
1224,20,RL,89.0,10680,Pave,3,Lvl,AllPub,Inside,2,2,Norm,Norm,1Fam,1Story,5,3,Hip,CompShg,Wd Sdng,Wd Sdng,44.0,1,2,CBlock,1.0,1.0,0.0,1.0,756,1.0,0,1380,2136,GasA,2,0,FuseA,0,0,2136,0,0,2,0,4,1,1,7,4,0,Detchd,0.0,528,2.0,2.0,2,0,30,0,0,0,0,0,10,WD,Normal,137900,0,55,0
1225,60,RL,60.0,15384,Pave,2,Lvl,AllPub,Inside,2,3,RRAn,Norm,1Fam,2Story,7,5,Gable,CompShg,VinylSd,VinylSd,0.0,2,2,PConc,2.0,2.0,2.0,5.0,724,1.0,0,64,788,GasA,4,1,SBrkr,702,0,1490,1,0,2,1,3,1,2,8,1,1,Attchd,2.0,388,2.0,2.0,2,100,75,0,0,0,0,0,2,WD,Normal,184000,1,3,0
1226,80,RL,65.0,10482,Pave,3,Lvl,AllPub,Inside,2,2,Norm,Norm,1Fam,SLvl,6,8,Hip,CompShg,VinylSd,VinylSd,63.0,1,3,CBlock,1.0,2.0,2.0,5.0,507,1.0,0,81,588,GasA,4,1,SBrkr,0,0,1138,0,1,1,0,3,1,1,6,1,0,Attchd,1.0,264,2.0,2.0,2,224,0,0,0,0,0,0,6,WD,Normal,145000,0,49,0
1227,60,RL,86.0,14598,Pave,2,Lvl,AllPub,CulDSac,2,1,Feedr,Norm,1Fam,2Story,6,5,Gable,CompShg,VinylSd,VinylSd,74.0,2,2,PConc,2.0,2.0,1.0,0.0,0,1.0,0,894,894,GasA,4,1,SBrkr,1039,0,1933,0,0,2,1,4,1,2,9,1,1,BuiltIn,2.0,668,2.0,2.0,2,100,18,0,0,0,0,0,1,WD,Normal,214000,0,1,0
1228,20,RL,72.0,8872,Pave,3,Lvl,AllPub,Corner,2,2,Norm,Norm,1Fam,1Story,5,8,Gable,CompShg,VinylSd,VinylSd,300.0,1,2,CBlock,1.0,2.0,0.0,4.0,595,1.0,0,317,912,GasA,4,1,SBrkr,0,0,912,1,0,1,0,2,1,2,5,1,0,Detchd,0.0,576,2.0,2.0,2,0,240,0,0,0,0,0,12,WD,Normal,147000,1,0,0
1229,120,RL,65.0,8769,Pave,3,Lvl,AllPub,Corner,2,2,Norm,Norm,TwnhsE,1Story,9,5,Hip,CompShg,MetalSd,MetalSd,766.0,3,2,PConc,3.0,2.0,0.0,5.0,1540,1.0,0,162,1702,GasA,4,1,SBrkr,0,0,1702,1,0,1,1,1,1,3,7,1,1,Attchd,2.0,1052,2.0,2.0,2,0,72,0,0,224,0,0,10,New,Partial,367294,0,0,1
1230,80,RL,70.0,7910,Pave,3,Lvl,AllPub,Inside,2,2,Norm,Norm,1Fam,SLvl,5,5,Hip,CompShg,BrkFace,HdBoard,0.0,1,2,CBlock,1.0,2.0,0.0,4.0,666,1.0,0,409,1075,GasA,3,1,SBrkr,0,0,1507,0,0,2,0,4,1,1,7,3,0,Basment,0.0,404,2.0,2.0,2,0,0,0,0,0,0,0,8,WD,Normal,127000,0,48,0
1231,90,RL,,18890,Pave,2,Lvl,AllPub,Inside,2,2,Feedr,RRAe,Duplex,1.5Fin,5,5,Shed,CompShg,Plywood,Plywood,1.0,1,2,CBlock,2.0,2.0,0.0,5.0,498,2.0,211,652,1361,GasA,4,1,SBrkr,1259,0,2620,0,0,2,2,4,2,1,12,1,1,BuiltIn,1.0,600,2.0,2.0,0,155,24,145,0,0,0,8300,8,WD,Normal,190000,0,30,0
1232,90,RL,70.0,7728,Pave,3,Lvl,AllPub,Inside,2,2,Norm,Norm,Duplex,SLvl,5,6,Hip,CompShg,Wd Sdng,Wd Sdng,120.0,1,2,CBlock,1.0,2.0,2.0,4.0,803,1.0,0,303,1106,GasA,2,1,SBrkr,0,0,1190,1,0,1,0,3,1,1,6,1,0,Attchd,0.0,540,2.0,2.0,2,0,18,0,0,0,0,0,5,WD,Normal,132500,0,44,0
1233,90,RL,70.0,9842,Pave,3,Lvl,AllPub,FR2,2,2,Norm,Norm,Duplex,1Story,4,5,Gable,CompShg,HdBoard,HdBoard,0.0,1,2,Slab,,,,,0,,0,0,0,GasA,2,1,SBrkr,0,0,1224,0,0,2,0,2,2,1,6,1,0,CarPort,0.0,462,2.0,2.0,2,0,0,0,0,0,0,0,3,WD,Normal,101800,0,45,0
1234,20,RL,,12160,Pave,2,Lvl,AllPub,Inside,2,2,Norm,Norm,1Fam,1Story,5,5,Hip,CompShg,Plywood,Plywood,180.0,1,2,CBlock,1.0,2.0,0.0,2.0,1000,1.0,0,188,1188,GasA,1,1,SBrkr,0,0,1188,1,0,1,0,3,1,1,6,1,0,Attchd,1.0,531,2.0,2.0,2,0,0,0,0,0,0,0,5,COD,Abnorml,142000,0,51,0
1235,70,RH,55.0,8525,Pave,3,Bnk,AllPub,Inside,2,3,Norm,Norm,1Fam,2Story,5,6,Gable,CompShg,MetalSd,MetalSd,0.0,1,2,PConc,1.0,2.0,2.0,0.0,0,1.0,0,940,940,GasA,2,0,FuseA,940,0,1964,0,0,1,1,4,1,1,7,1,0,,,0,,,0,0,192,0,0,0,0,0,11,WD,Abnorml,130000,1,58,0
1236,70,RL,96.0,13132,Pave,3,Lvl,AllPub,Inside,2,0,Norm,Norm,1Fam,2Story,5,5,Gable,CompShg,Wd Sdng,Wd Sdng,0.0,1,2,BrkTil,2.0,2.0,1.0,0.0,0,1.0,0,747,747,GasA,3,1,FuseF,892,0,1784,0,0,1,1,4,1,1,9,1,0,Detchd,0.0,180,1.0,1.0,0,203,40,0,0,0,0,0,7,WD,Normal,138887,1,56,0
1237,160,RL,36.0,2628,Pave,3,Lvl,AllPub,Inside,2,2,Norm,Norm,Twnhs,2Story,7,5,Gable,CompShg,VinylSd,Wd Shng,106.0,2,2,PConc,2.0,2.0,0.0,0.0,0,1.0,0,764,764,GasA,4,1,SBrkr,862,0,1626,0,0,2,1,2,1,2,6,1,0,BuiltIn,1.0,474,2.0,2.0,2,0,27,0,0,0,0,0,6,WD,Normal,175500,0,7,0
1238,60,RL,41.0,12393,Pave,1,Lvl,AllPub,FR2,2,0,Norm,Norm,1Fam,2Story,7,5,Gable,CompShg,VinylSd,VinylSd,0.0,2,2,PConc,2.0,2.0,0.0,0.0,0,1.0,0,847,847,GasA,4,1,SBrkr,1101,0,1948,0,0,2,1,4,1,2,8,1,1,BuiltIn,2.0,434,2.0,2.0,2,100,48,0,0,0,0,0,9,WD,Normal,195000,1,1,0
1239,20,RL,63.0,13072,Pave,3,Lvl,AllPub,Inside,2,2,RRAe,Norm,1Fam,1Story,6,5,Gable,CompShg,VinylSd,VinylSd,0.0,2,2,PConc,2.0,2.0,0.0,0.0,0,1.0,0,1141,1141,GasA,4,1,SBrkr,0,0,1141,0,0,1,1,3,1,1,6,1,0,Detchd,0.0,484,2.0,2.0,2,0,0,0,0,0,0,0,3,WD,Abnorml,142500,0,1,0
1240,20,RL,64.0,9037,Pave,2,HLS,AllPub,Inside,2,3,Norm,Norm,1Fam,1Story,8,5,Hip,CompShg,VinylSd,VinylSd,32.0,2,2,PConc,2.0,2.0,2.0,5.0,428,1.0,0,1048,1476,GasA,4,1,SBrkr,0,0,1484,0,0,2,0,2,1,3,6,1,1,Attchd,1.0,472,2.0,2.0,2,120,33,0,0,0,0,0,12,WD,Normal,265900,0,1,0
1241,60,RL,65.0,8158,Pave,3,Lvl,AllPub,Inside,2,0,Norm,Norm,1Fam,2Story,7,5,Gable,CompShg,VinylSd,VinylSd,252.0,2,2,PConc,2.0,2.0,0.0,5.0,550,1.0,0,334,884,GasA,4,1,SBrkr,884,0,1768,1,0,2,1,3,1,2,8,1,0,Attchd,1.0,543,2.0,2.0,2,0,63,0,0,0,0,0,7,WD,Normal,224900,0,5,0
1242,20,RL,83.0,9849,Pave,3,Lvl,AllPub,Inside,2,1,Norm,Norm,1Fam,1Story,7,6,Hip,CompShg,VinylSd,VinylSd,0.0,2,2,PConc,2.0,2.0,2.0,0.0,0,1.0,0,1689,1689,GasA,4,1,SBrkr,0,0,1689,0,0,2,0,3,1,2,7,1,0,Attchd,1.0,954,2.0,2.0,2,0,56,0,0,0,0,0,6,New,Partial,248328,0,0,1
1243,85,RL,85.0,10625,Pave,3,Lvl,AllPub,Inside,2,1,Norm,Norm,1Fam,SFoyer,7,6,Gable,CompShg,Plywood,Plywood,81.0,1,2,CBlock,2.0,2.0,3.0,5.0,885,0.0,168,0,1053,GasA,2,1,SBrkr,0,0,1173,1,0,2,0,3,1,2,6,1,2,Attchd,1.0,528,2.0,2.0,2,0,120,0,0,0,0,0,1,WD,Family,170000,0,36,0
1244,20,RL,107.0,13891,Pave,3,Lvl,AllPub,Inside,2,2,Norm,Norm,1Fam,1Story,10,5,Gable,CompShg,VinylSd,VinylSd,,3,2,PConc,3.0,3.0,3.0,5.0,1386,1.0,0,690,2076,GasA,4,1,SBrkr,0,0,2076,1,0,2,1,2,1,3,7,1,1,Attchd,2.0,850,2.0,2.0,2,216,229,0,0,0,0,0,9,New,Partial,465000,0,0,1
1245,70,RL,,11435,Pave,2,HLS,AllPub,Corner,1,0,Norm,Norm,1Fam,2Story,8,7,Gable,CompShg,BrkFace,Stucco,0.0,1,2,PConc,2.0,2.0,0.0,0.0,0,1.0,0,792,792,GasA,1,1,SBrkr,725,0,1517,0,0,1,0,3,1,2,7,1,2,Detchd,0.0,400,2.0,2.0,2,0,0,0,0,0,0,0,6,WD,Normal,230000,1,56,0
1246,80,RL,78.0,12090,Pave,3,Lvl,AllPub,Inside,2,1,Norm,Norm,1Fam,SLvl,6,7,Hip,CompShg,VinylSd,VinylSd,74.0,1,2,CBlock,2.0,2.0,0.0,0.0,0,1.0,0,585,585,GasA,4,1,SBrkr,728,0,1868,0,0,3,1,3,1,1,7,1,1,BuiltIn,2.0,477,2.0,2.0,2,268,112,0,0,147,0,0,1,WD,Abnorml,178000,1,4,0
1247,60,FV,65.0,8125,Pave,3,Lvl,AllPub,Inside,2,1,Norm,Norm,1Fam,2Story,7,5,Gable,CompShg,VinylSd,VinylSd,0.0,2,2,PConc,2.0,2.0,0.0,0.0,0,1.0,0,756,756,GasA,4,1,SBrkr,797,0,1553,0,0,2,1,3,1,2,6,1,0,Attchd,1.0,615,2.0,2.0,2,0,45,0,0,0,0,0,3,New,Partial,186500,1,0,0
1248,80,RL,,12328,Pave,2,Lvl,AllPub,Inside,2,1,Norm,Norm,1Fam,SLvl,6,5,Gable,CompShg,HdBoard,HdBoard,335.0,1,2,CBlock,1.0,2.0,2.0,5.0,539,1.0,0,473,1012,GasA,2,1,SBrkr,0,0,1034,1,0,1,0,3,1,1,6,1,0,Attchd,0.0,888,2.0,2.0,2,0,0,0,0,0,0,0,5,WD,Normal,169900,0,34,0
1249,75,RM,60.0,9600,Pave,3,Lvl,AllPub,Inside,2,1,Norm,Norm,1Fam,2.5Unf,6,5,Gable,CompShg,AsbShng,AsbShng,0.0,1,2,BrkTil,2.0,2.0,0.0,2.0,319,1.0,0,416,735,OthW,1,0,SBrkr,924,0,2058,0,0,1,1,3,1,1,8,1,1,Detchd,0.0,396,1.0,1.0,1,0,0,259,0,0,0,0,4,WD,Normal,129500,1,58,0
1250,20,RL,60.0,7200,Pave,3,Lvl,AllPub,Inside,2,2,Norm,Norm,1Fam,1Story,5,7,Gable,CompShg,MetalSd,MetalSd,0.0,1,2,CBlock,1.0,2.0,0.0,3.0,534,2.0,96,246,876,GasA,2,1,SBrkr,0,0,988,0,0,1,0,3,1,1,6,1,0,Attchd,0.0,276,2.0,2.0,2,0,80,0,0,0,0,0,5,WD,Normal,119000,0,57,0
1251,20,RL,93.0,11160,Pave,3,Lvl,AllPub,Corner,2,2,Norm,Norm,1Fam,1Story,7,5,Hip,CompShg,BrkFace,BrkFace,0.0,2,2,CBlock,1.0,2.0,0.0,4.0,1065,1.0,0,1045,2110,GasA,4,1,SBrkr,0,0,2110,1,0,2,1,3,1,3,8,1,2,Attchd,2.0,522,2.0,2.0,2,0,0,0,0,0,0,0,4,WD,Normal,244000,0,42,0
1252,120,RL,,3136,Pave,2,Lvl,AllPub,Corner,2,2,Norm,Norm,TwnhsE,1Story,7,5,Gable,CompShg,VinylSd,Wd Shng,163.0,2,2,PConc,2.0,2.0,0.0,0.0,0,1.0,0,1405,1405,GasA,4,1,SBrkr,0,0,1405,0,0,2,0,2,1,2,6,1,1,Attchd,1.0,478,2.0,2.0,2,148,36,0,0,0,0,0,3,WD,Normal,171750,0,3,0
1253,20,RL,62.0,9858,Pave,3,Lvl,AllPub,Inside,2,1,Norm,Norm,1Fam,1Story,5,6,Gable,CompShg,HdBoard,HdBoard,0.0,1,2,CBlock,1.0,2.0,0.0,3.0,510,1.0,0,354,864,GasA,2,1,SBrkr,0,0,874,1,0,1,0,3,1,1,5,1,0,Attchd,1.0,288,2.0,2.0,2,33,0,0,0,0,0,600,11,WD,Normal,130000,0,41,0
1254,60,RL,,17542,Pave,2,Lvl,AllPub,Inside,2,0,Norm,Norm,1Fam,2Story,7,7,Gable,CompShg,Wd Sdng,Wd Sdng,0.0,2,2,CBlock,1.0,2.0,3.0,1.0,125,4.0,1031,36,1192,GasA,2,1,SBrkr,651,0,2167,1,0,2,1,3,1,2,9,1,2,Attchd,1.0,518,2.0,2.0,2,220,47,0,0,0,0,0,7,WD,Normal,294000,1,4,0
1255,60,RL,60.0,6931,Pave,3,Lvl,AllPub,Inside,2,3,Norm,Norm,1Fam,2Story,7,5,Gable,CompShg,VinylSd,VinylSd,92.0,2,2,PConc,2.0,2.0,0.0,0.0,0,1.0,0,746,746,GasA,4,1,SBrkr,896,0,1656,0,0,2,1,3,1,2,7,1,1,BuiltIn,2.0,397,2.0,2.0,2,178,128,0,0,0,0,0,7,WD,Normal,165400,1,4,0
1256,50,RM,52.0,6240,Pave,3,Lvl,AllPub,Inside,2,1,Norm,Norm,1Fam,1.5Fin,6,6,Gable,CompShg,Wd Sdng,Wd Sdng,0.0,1,2,BrkTil,1.0,1.0,0.0,1.0,425,1.0,0,459,884,GasA,2,1,FuseA,408,0,1367,0,0,1,0,3,1,1,6,1,1,Detchd,0.0,560,2.0,2.0,2,0,0,0,0,120,0,0,11,WD,Normal,127500,1,57,0
1257,20,RL,91.0,14303,Pave,2,Lvl,AllPub,Corner,2,1,Norm,Norm,1Fam,1Story,8,5,Hip,CompShg,HdBoard,HdBoard,554.0,2,2,PConc,2.0,2.0,3.0,5.0,1314,1.0,0,672,1986,GasA,4,1,SBrkr,0,0,1987,1,0,2,0,2,1,2,7,1,1,Attchd,2.0,691,2.0,2.0,2,262,36,0,0,0,0,0,8,WD,Normal,301500,0,14,0
1258,30,RL,56.0,4060,Pave,3,Lvl,AllPub,Corner,2,3,Feedr,Norm,1Fam,1Story,5,8,Gable,CompShg,Wd Sdng,Wd Sdng,0.0,1,2,PConc,0.0,2.0,0.0,0.0,0,1.0,0,864,864,GasA,4,1,SBrkr,0,0,864,0,0,1,0,2,1,1,4,1,0,,,0,,,2,0,96,0,0,0,0,0,7,WD,Normal,99900,1,59,0
1259,80,RL,59.0,9587,Pave,2,Lvl,AllPub,Inside,2,3,Norm,Norm,1Fam,SLvl,7,5,Gable,CompShg,VinylSd,VinylSd,182.0,2,2,PConc,2.0,2.0,3.0,5.0,655,1.0,0,201,856,GasA,4,1,SBrkr,0,0,1166,1,0,2,0,2,1,2,5,1,0,Attchd,2.0,400,2.0,2.0,2,212,0,0,0,0,0,0,7,WD,Normal,190000,0,3,0
1260,20,RL,65.0,9750,Pave,3,Lvl,AllPub,FR2,2,2,Norm,Norm,1Fam,1Story,6,8,Gable,CompShg,HdBoard,HdBoard,0.0,1,2,CBlock,2.0,2.0,0.0,4.0,602,0.0,438,14,1054,GasA,3,1,SBrkr,0,0,1054,1,0,1,1,3,1,1,6,1,0,Attchd,0.0,460,2.0,2.0,2,180,0,0,0,80,0,0,7,WD,Normal,151000,0,39,0
1261,60,RL,,24682,Pave,0,Lvl,AllPub,CulDSac,2,3,RRAn,Norm,1Fam,2Story,6,5,Gable,CompShg,VinylSd,VinylSd,0.0,1,2,PConc,2.0,2.0,0.0,0.0,0,1.0,0,841,841,GasA,4,1,SBrkr,783,0,1675,0,0,2,1,3,1,1,7,1,1,BuiltIn,2.0,502,2.0,2.0,2,0,103,0,0,0,0,0,6,WD,Normal,181000,0,10,0
1262,20,RL,80.0,9600,Pave,3,Lvl,AllPub,Inside,2,2,Norm,Norm,1Fam,1Story,5,6,Hip,CompShg,MetalSd,MetalSd,0.0,1,2,CBlock,1.0,2.0,0.0,2.0,504,1.0,0,546,1050,GasA,3,1,SBrkr,0,0,1050,0,0,1,0,2,1,1,5,1,0,Attchd,0.0,338,2.0,2.0,2,0,0,0,0,0,0,0,6,WD,Normal,128900,0,53,0
1263,50,RL,,11250,Pave,3,Lvl,AllPub,Inside,2,3,Norm,Norm,1Fam,1.5Fin,4,5,Gable,CompShg,Wd Sdng,Wd Sdng,0.0,1,2,CBlock,1.0,2.0,2.0,0.0,0,1.0,0,1104,1104,GasA,4,1,FuseA,684,0,1788,1,0,1,0,5,1,1,8,5,2,Attchd,0.0,304,2.0,2.0,2,120,0,0,0,0,0,0,11,WD,Normal,161500,1,20,0
1264,70,RL,60.0,13515,Pave,3,Lvl,AllPub,Inside,2,1,Norm,Norm,1Fam,2Story,6,6,Gambrel,CompShg,Wd Sdng,Wd Sdng,0.0,1,2,PConc,1.0,2.0,0.0,0.0,0,1.0,0,764,764,GasA,4,1,FuseA,764,0,1824,0,0,1,0,3,1,1,8,1,1,Detchd,0.0,520,2.0,2.0,0,0,0,126,0,0,0,0,7,WD,Normal,180500,1,57,0
1265,120,RH,34.0,4060,Pave,3,Lvl,AllPub,Inside,2,2,Norm,Norm,TwnhsE,1Story,6,5,Gable,CompShg,MetalSd,MetalSd,0.0,2,2,PConc,2.0,2.0,0.0,5.0,266,1.0,0,1139,1405,GasA,4,1,SBrkr,0,0,1337,1,0,2,0,2,1,2,5,1,0,Attchd,2.0,511,2.0,2.0,2,144,68,0,0,0,0,0,8,COD,Abnorml,181000,1,9,0
1266,160,FV,35.0,3735,Pave,3,Lvl,AllPub,FR3,2,1,Norm,Norm,TwnhsE,2Story,7,5,Hip,CompShg,MetalSd,MetalSd,218.0,2,2,PConc,2.0,2.0,0.0,5.0,450,1.0,0,241,691,GasA,4,1,SBrkr,739,0,1452,1,0,2,1,3,1,2,6,1,0,Detchd,0.0,506,2.0,2.0,2,0,34,0,0,0,0,0,3,WD,Normal,183900,0,7,0
1267,190,RM,60.0,10120,Pave,2,Bnk,AllPub,Inside,2,1,Feedr,Norm,2fmCon,2.5Unf,7,4,Hip,CompShg,Wd Sdng,Wd Sdng,0.0,0,2,CBlock,1.0,2.0,0.0,0.0,0,1.0,0,925,925,GasA,2,0,FuseF,925,0,1889,0,0,1,1,4,2,1,9,1,1,Detchd,0.0,308,2.0,2.0,0,0,0,264,0,0,0,0,1,WD,Normal,122000,1,57,0
1268,20,RL,89.0,13214,Pave,2,HLS,AllPub,Inside,2,3,Norm,Norm,1Fam,1Story,9,5,Hip,CompShg,Stucco,CmentBd,0.0,3,2,PConc,3.0,2.0,3.0,0.0,0,1.0,0,2002,2002,GasA,4,1,SBrkr,0,0,2018,0,0,2,0,3,1,3,10,1,1,Attchd,2.0,746,2.0,2.0,2,144,76,0,0,0,0,0,5,WD,Normal,378500,1,1,0
1269,50,RL,,14100,Pave,2,Lvl,AllPub,Inside,1,0,Norm,Norm,1Fam,1.5Fin,8,9,Gable,CompShg,Stucco,Stucco,632.0,1,3,CBlock,1.0,2.0,1.0,2.0,192,1.0,0,536,728,GasA,4,1,SBrkr,1479,0,3447,0,0,3,1,4,1,2,11,1,2,BuiltIn,0.0,1014,2.0,2.0,2,314,12,0,0,0,0,0,5,WD,Normal,381000,1,11,0
1270,50,RL,78.0,11344,Pave,3,Lvl,AllPub,Inside,2,2,Feedr,Norm,1Fam,1.5Fin,5,5,Gable,CompShg,MetalSd,MetalSd,180.0,1,2,CBlock,1.0,2.0,0.0,3.0,460,1.0,0,414,874,GasW,2,1,FuseA,650,0,1524,0,0,1,1,3,1,1,7,1,0,Attchd,0.0,315,2.0,2.0,2,0,0,0,0,0,0,0,7,WD,Normal,144000,0,49,0
1271,40,RL,,23595,Pave,3,Low,AllPub,Inside,0,3,Norm,Norm,1Fam,1Story,7,6,Shed,WdShake,Plywood,Plywood,0.0,2,2,PConc,2.0,2.0,3.0,5.0,1258,1.0,0,74,1332,GasA,2,1,SBrkr,192,0,1524,2,0,0,1,0,1,2,4,1,1,Attchd,2.0,586,2.0,2.0,2,268,0,0,0,0,0,0,4,WD,Normal,260000,0,31,0
1272,20,RL,,9156,Pave,2,Lvl,AllPub,Inside,2,1,PosN,Norm,1Fam,1Story,6,7,Hip,CompShg,BrkFace,BrkFace,0.0,1,2,CBlock,1.0,2.0,0.0,0.0,0,1.0,0,1489,1489,GasA,3,1,SBrkr,0,0,1489,0,0,2,0,3,1,2,7,1,1,Attchd,1.0,462,2.0,2.0,2,0,0,0,0,0,0,0,8,WD,Normal,185750,0,41,0
1273,20,RL,,13526,Pave,2,Lvl,AllPub,CulDSac,2,2,Norm,Norm,1Fam,1Story,5,6,Hip,CompShg,HdBoard,Plywood,114.0,1,2,CBlock,1.0,2.0,0.0,3.0,560,0.0,375,0,935,GasA,2,1,SBrkr,0,0,935,1,0,1,0,3,1,1,5,1,0,Attchd,0.0,288,2.0,2.0,2,180,0,0,0,0,0,0,11,WD,Normal,137000,0,41,0
1274,80,RL,124.0,11512,Pave,2,Lvl,AllPub,Corner,2,3,Norm,Norm,1Fam,SLvl,6,7,Gable,CompShg,Plywood,Plywood,84.0,1,2,CBlock,1.0,2.0,2.0,4.0,719,1.0,0,300,1019,GasA,3,1,SBrkr,0,0,1357,1,0,1,0,2,1,3,5,1,1,Basment,1.0,312,2.0,2.0,2,0,0,0,0,163,0,0,5,WD,Normal,177000,1,2,0
1275,50,RL,53.0,5362,Pave,3,Lvl,AllPub,Corner,2,0,Norm,Norm,1Fam,1.5Fin,5,6,Gable,CompShg,Wd Sdng,Wd Shng,0.0,1,2,PConc,1.0,2.0,0.0,0.0,0,1.0,0,661,661,GasA,4,1,SBrkr,589,0,1250,0,0,2,0,3,1,1,8,1,1,Detchd,0.0,552,2.0,2.0,2,242,0,81,0,0,0,0,11,WD,Normal,139000,1,4,0
1276,90,RL,95.0,11345,Pave,3,Lvl,AllPub,Corner,2,2,Feedr,Norm,Duplex,2Story,5,5,Gable,Roll,AsbShng,AsbShng,567.0,1,2,CBlock,1.0,2.0,0.0,2.0,220,1.0,0,708,928,GasA,3,1,FuseA,992,0,1920,0,0,2,0,4,2,1,10,1,0,Detchd,0.0,400,2.0,1.0,2,0,0,0,0,0,0,0,7,WD,Normal,137000,1,57,0
1277,60,RL,,12936,Pave,2,Lvl,AllPub,CulDSac,2,1,Norm,Norm,1Fam,2Story,6,6,Gable,CompShg,HdBoard,Plywood,0.0,1,2,CBlock,1.0,3.0,0.0,3.0,593,1.0,0,130,723,GasA,2,1,SBrkr,660,0,1395,0,1,1,1,3,1,1,6,1,1,Attchd,0.0,497,2.0,2.0,2,294,116,0,0,0,0,0,12,WD,Normal,162000,0,37,0
1278,80,RL,,17871,Pave,2,Lvl,AllPub,CulDSac,2,1,Norm,Norm,1Fam,SLvl,6,5,Gable,CompShg,HdBoard,HdBoard,359.0,1,2,CBlock,2.0,2.0,2.0,4.0,528,1.0,0,1152,1680,GasA,1,1,SBrkr,0,0,1724,1,0,1,1,3,1,1,7,1,1,Attchd,1.0,480,2.0,2.0,2,0,0,0,0,0,0,0,6,WD,Normal,197900,1,33,0
1279,60,RL,75.0,9473,Pave,3,Lvl,AllPub,Inside,2,0,Norm,Norm,1Fam,2Story,8,5,Gable,CompShg,VinylSd,VinylSd,,2,2,PConc,2.0,2.0,0.0,5.0,804,1.0,0,324,1128,GasA,4,1,SBrkr,903,0,2031,1,0,2,1,3,1,2,7,1,1,Attchd,1.0,577,2.0,2.0,2,0,211,0,0,0,0,0,3,WD,Normal,237000,0,6,0
1280,50,C (all),60.0,7500,Pave,3,Lvl,AllPub,Inside,2,2,Norm,Norm,1Fam,1.5Fin,4,4,Gable,CompShg,MetalSd,MetalSd,0.0,1,3,CBlock,1.0,2.0,0.0,0.0,0,1.0,0,698,698,GasA,2,1,FuseA,430,0,1128,0,0,1,0,2,1,1,6,1,0,Detchd,1.0,528,2.0,2.0,2,30,0,164,0,0,0,0,4,COD,Abnorml,68400,1,60,0
1281,20,RL,67.0,9808,Pave,2,Lvl,AllPub,Inside,2,0,Norm,Norm,1Fam,1Story,7,5,Gable,CompShg,VinylSd,VinylSd,110.0,2,2,PConc,2.0,2.0,0.0,5.0,788,1.0,0,785,1573,GasA,4,1,SBrkr,0,0,1573,1,0,2,0,3,1,2,6,1,0,Attchd,1.0,544,2.0,2.0,2,0,72,0,0,0,0,0,3,WD,Normal,227000,0,7,0
1282,20,RL,50.0,8049,Pave,2,Lvl,AllPub,CulDSac,2,3,Norm,Norm,1Fam,1Story,7,5,Hip,CompShg,HdBoard,HdBoard,54.0,1,2,CBlock,2.0,2.0,0.0,4.0,1053,1.0,0,256,1309,GasA,2,1,SBrkr,0,0,1339,1,0,2,0,2,1,1,6,1,1,Attchd,2.0,484,3.0,3.0,2,0,58,0,0,90,0,0,7,WD,Normal,180000,0,16,0
1283,20,RL,61.0,8800,Pave,2,Lvl,AllPub,Inside,2,0,Norm,Norm,1Fam,1Story,5,7,Gable,CompShg,HdBoard,HdBoard,0.0,1,2,CBlock,2.0,2.0,1.0,1.0,532,2.0,144,364,1040,GasA,2,1,SBrkr,0,0,1040,0,0,2,0,3,1,2,5,1,0,Detchd,0.0,484,2.0,2.0,2,0,0,0,0,288,0,0,9,WD,Normal,150500,1,1,0
1284,90,RL,94.0,9400,Pave,3,Low,AllPub,Corner,2,1,Norm,Norm,Duplex,2Story,6,5,Mansard,CompShg,MetalSd,Wd Shng,0.0,1,2,CBlock,1.0,2.0,2.0,0.0,0,1.0,0,912,912,GasA,2,1,SBrkr,912,0,1824,0,0,2,2,4,2,1,8,1,0,,,0,,,2,128,0,0,0,0,0,0,4,WD,Normal,139000,0,39,0
1285,50,RL,50.0,9638,Pave,3,Lvl,AllPub,Inside,2,3,Feedr,Norm,1Fam,1.5Fin,6,7,Gable,CompShg,Wd Sdng,Wd Shng,0.0,1,2,PConc,1.0,2.0,0.0,0.0,0,1.0,0,804,804,GasA,4,1,SBrkr,748,0,2447,0,0,2,0,4,1,2,10,5,1,Detchd,0.0,336,2.0,2.0,2,272,0,42,0,116,0,0,3,WD,Normal,169000,1,20,0
1286,50,RM,50.0,6000,Pave,3,Lvl,AllPub,Inside,2,1,Norm,Norm,1Fam,1.5Fin,6,6,Gable,CompShg,MetalSd,MetalSd,0.0,1,1,CBlock,1.0,2.0,0.0,0.0,0,1.0,0,780,780,GasA,4,1,FuseF,587,0,1412,0,0,1,0,4,1,1,6,1,1,Detchd,0.0,280,2.0,2.0,2,45,0,0,0,0,0,0,5,WD,Normal,132500,1,59,0
1287,20,RL,,9790,Pave,3,Lvl,AllPub,Inside,2,1,Feedr,Norm,1Fam,1Story,6,5,Hip,CompShg,HdBoard,HdBoard,451.0,1,2,CBlock,1.0,2.0,0.0,4.0,569,2.0,81,678,1328,GasA,2,1,SBrkr,0,0,1328,1,0,1,1,3,1,1,6,1,2,Attchd,0.0,528,2.0,2.0,2,0,26,0,0,0,0,0,6,WD,Normal,143000,0,47,0
1288,20,RL,,36500,Pave,2,Low,AllPub,Inside,1,3,Norm,Norm,1Fam,1Story,5,5,Gable,CompShg,Wd Sdng,Wd Sdng,621.0,1,3,CBlock,1.0,2.0,2.0,2.0,812,1.0,0,812,1624,GasA,1,1,SBrkr,0,0,1582,0,1,2,0,4,1,1,7,1,0,Attchd,0.0,390,2.0,2.0,0,168,198,0,0,0,0,0,6,WD,Normal,190000,0,42,0
1289,120,RL,40.0,5664,Pave,2,Lvl,AllPub,Inside,2,3,Norm,Norm,TwnhsE,1Story,8,5,Gable,CompShg,CemntBd,CmentBd,0.0,2,2,PConc,2.0,2.0,0.0,5.0,1158,1.0,0,343,1501,GasA,4,1,SBrkr,0,0,1659,1,0,2,0,2,1,3,5,1,1,Attchd,2.0,499,2.0,2.0,2,212,59,0,0,0,0,0,10,WD,Normal,278000,0,9,0
1290,60,RL,86.0,11065,Pave,2,Lvl,AllPub,Inside,2,2,Norm,Norm,1Fam,2Story,8,5,Gable,CompShg,VinylSd,VinylSd,788.0,2,2,PConc,2.0,2.0,1.0,0.0,0,1.0,0,1085,1085,GasA,4,1,SBrkr,850,0,1970,0,0,2,1,3,1,3,8,1,1,BuiltIn,2.0,753,2.0,2.0,2,177,74,0,0,0,0,0,10,New,Partial,281000,0,0,1
1291,80,RL,,14112,Pave,2,Lvl,AllPub,Corner,2,2,Norm,Norm,1Fam,SLvl,5,7,Hip,CompShg,Wd Sdng,HdBoard,86.0,1,2,PConc,1.0,2.0,2.0,5.0,1014,1.0,0,138,1152,GasA,2,1,SBrkr,0,0,1152,1,0,1,0,3,1,1,6,1,1,Attchd,1.0,484,2.0,2.0,2,227,0,0,0,0,0,0,4,WD,Normal,180500,0,46,0
1292,160,RM,21.0,1680,Pave,3,Lvl,AllPub,Inside,2,3,Norm,Norm,Twnhs,2Story,5,7,Gable,CompShg,CemntBd,CmentBd,268.0,1,2,CBlock,1.0,2.0,0.0,4.0,231,1.0,0,399,630,GasA,2,1,SBrkr,672,0,1302,0,0,2,1,3,1,1,6,1,0,Detchd,0.0,264,2.0,2.0,2,185,0,0,0,0,0,0,2,WD,Normal,119500,0,37,0
1293,70,RM,60.0,6600,Pave,3,Lvl,AllPub,Corner,2,1,Norm,Norm,1Fam,2Story,5,4,Gable,CompShg,Wd Sdng,Wd Sdng,0.0,1,2,Stone,1.0,2.0,0.0,0.0,0,1.0,0,994,994,GasA,2,0,SBrkr,994,0,2372,0,0,2,0,4,2,1,11,5,0,Attchd,1.0,432,2.0,2.0,2,0,287,0,0,0,0,0,12,WD,Normal,107500,1,44,0
1294,60,RL,78.0,10140,Pave,3,Lvl,AllPub,Inside,2,1,Norm,Norm,1Fam,2Story,7,5,Gable,CompShg,HdBoard,HdBoard,0.0,1,2,PConc,2.0,2.0,0.0,5.0,194,1.0,0,638,832,GasA,2,1,SBrkr,832,0,1664,0,0,2,1,4,1,1,8,1,1,Attchd,1.0,528,2.0,2.0,2,0,28,0,0,259,0,0,3,WD,Normal,162900,0,30,0
1295,20,RL,60.0,8172,Pave,3,Lvl,AllPub,Inside,2,3,Norm,Norm,1Fam,1Story,5,7,Hip,CompShg,WdShing,Plywood,0.0,1,2,CBlock,1.0,2.0,0.0,2.0,167,1.0,0,697,864,GasA,2,1,SBrkr,0,0,864,1,0,1,0,2,1,1,5,1,0,Detchd,0.0,572,2.0,2.0,0,0,0,0,0,0,0,0,4,WD,Normal,115000,1,16,0
1296,20,RL,70.0,8400,Pave,3,Lvl,AllPub,Inside,2,2,Feedr,Norm,1Fam,1Story,5,5,Hip,CompShg,HdBoard,HdBoard,168.0,1,2,CBlock,1.0,2.0,2.0,3.0,1016,1.0,0,36,1052,GasA,3,1,SBrkr,0,0,1052,1,0,1,1,3,1,1,5,1,0,Attchd,1.0,288,2.0,2.0,2,356,0,0,0,0,0,0,11,WD,Normal,138500,0,38,0
1297,20,RL,80.0,8700,Pave,3,Lvl,AllPub,Inside,2,2,Norm,Norm,1Fam,1Story,5,6,Hip,CompShg,MetalSd,MetalSd,148.0,1,3,CBlock,1.0,2.0,1.0,4.0,776,1.0,0,344,1120,GasA,3,1,SBrkr,0,0,1128,1,0,2,0,3,1,1,6,1,0,Attchd,1.0,525,2.0,2.0,2,192,20,123,0,0,0,0,12,WD,Normal,155000,0,45,0
1298,180,RM,35.0,3675,Pave,3,Lvl,AllPub,Inside,2,3,Norm,Norm,TwnhsE,SFoyer,6,5,Gable,CompShg,VinylSd,VinylSd,82.0,1,2,PConc,2.0,2.0,3.0,5.0,547,1.0,0,0,547,GasA,3,1,SBrkr,0,0,1072,1,0,2,0,2,1,1,5,1,0,Basment,2.0,525,2.0,2.0,2,0,44,0,0,0,0,0,6,New,Partial,140000,1,0,0
1299,60,RL,313.0,63887,Pave,0,Bnk,AllPub,Corner,2,3,Feedr,Norm,1Fam,2Story,10,5,Hip,ClyTile,Stucco,Stucco,796.0,3,2,PConc,3.0,2.0,3.0,5.0,5644,1.0,0,466,6110,GasA,4,1,SBrkr,950,0,5642,2,0,2,1,3,1,3,12,1,3,Attchd,2.0,1418,2.0,2.0,2,214,292,0,0,0,480,0,1,New,Partial,160000,0,0,1
1300,20,RL,75.0,7500,Pave,3,Lvl,AllPub,Inside,2,2,Norm,Norm,1Fam,1Story,5,7,Hip,CompShg,BrkFace,BrkFace,0.0,1,2,CBlock,1.0,2.0,0.0,1.0,340,2.0,906,0,1246,GasA,4,1,SBrkr,0,0,1246,1,0,1,1,3,1,2,6,1,0,Attchd,1.0,305,2.0,2.0,2,218,0,0,0,0,0,0,5,WD,Normal,154000,1,16,0
1301,60,RL,,10762,Pave,2,Lvl,AllPub,CulDSac,2,3,Norm,Norm,1Fam,2Story,7,5,Gable,CompShg,VinylSd,VinylSd,344.0,2,2,PConc,2.0,2.0,0.0,5.0,694,1.0,0,284,978,GasA,4,1,SBrkr,978,0,1983,0,0,2,1,3,1,2,9,1,1,Attchd,2.0,490,2.0,2.0,2,0,0,0,0,0,0,0,5,WD,Normal,225000,0,10,0
1302,70,RL,,7500,Pave,2,Bnk,AllPub,Inside,2,0,Norm,Norm,1Fam,2Story,6,7,Gable,CompShg,Wd Sdng,Wd Sdng,0.0,1,2,CBlock,1.0,2.0,0.0,3.0,547,1.0,0,224,771,GasA,1,1,SBrkr,741,0,1494,0,0,1,0,3,1,2,7,1,2,Attchd,0.0,213,2.0,2.0,1,0,0,0,0,224,0,0,11,WD,Normal,177500,1,59,0
1303,60,RL,92.0,10120,Pave,3,Lvl,AllPub,Inside,2,1,Norm,Norm,1Fam,2Story,8,5,Hip,CompShg,VinylSd,VinylSd,391.0,2,2,PConc,2.0,2.0,0.0,5.0,740,1.0,0,425,1165,GasA,4,1,SBrkr,1323,0,2526,1,0,2,1,4,1,2,8,1,1,Attchd,1.0,844,2.0,2.0,2,309,78,0,0,0,0,0,12,WD,Normal,290000,0,12,0
1304,20,RL,73.0,8688,Pave,3,Lvl,AllPub,Inside,2,1,Norm,Norm,1Fam,1Story,7,5,Gable,CompShg,VinylSd,VinylSd,228.0,2,2,PConc,2.0,2.0,2.0,0.0,0,1.0,0,1616,1616,GasA,4,1,SBrkr,0,0,1616,0,0,2,0,3,1,2,7,1,0,Attchd,1.0,834,2.0,2.0,2,208,59,0,0,0,0,0,4,WD,Normal,232000,0,1,0
1305,160,RM,32.0,3363,Pave,3,Lvl,AllPub,Inside,2,3,Norm,Norm,TwnhsE,2Story,7,5,Gable,CompShg,VinylSd,VinylSd,117.0,2,2,PConc,2.0,2.0,0.0,0.0,0,1.0,0,976,976,GasA,4,1,SBrkr,732,0,1708,0,0,2,0,3,1,2,7,3,0,Detchd,0.0,380,2.0,2.0,2,0,40,0,0,0,0,0,4,WD,Normal,130000,0,2,0
1306,20,RL,108.0,13173,Pave,2,Lvl,AllPub,Corner,2,2,Norm,Norm,1Fam,1Story,9,5,Hip,CompShg,VinylSd,VinylSd,300.0,2,2,PConc,3.0,2.0,0.0,5.0,1572,1.0,0,80,1652,GasA,4,1,SBrkr,0,0,1652,1,0,2,0,2,1,3,6,1,2,Attchd,2.0,840,2.0,2.0,2,404,102,0,0,0,0,0,11,WD,Normal,325000,1,2,0
1307,120,RL,48.0,6955,Pave,2,Lvl,AllPub,Inside,2,2,Norm,Norm,TwnhsE,1Story,7,5,Gable,CompShg,VinylSd,VinylSd,94.0,2,2,PConc,2.0,2.0,0.0,0.0,0,1.0,0,1368,1368,GasA,4,1,SBrkr,0,0,1368,0,0,2,0,2,1,2,6,1,1,Attchd,1.0,474,2.0,2.0,2,132,35,0,0,0,0,0,9,New,Partial,202500,1,0,0
1308,20,RL,60.0,8072,Pave,3,Lvl,AllPub,Inside,2,0,Norm,Norm,1Fam,1Story,5,5,Gable,CompShg,VinylSd,VinylSd,0.0,1,3,PConc,2.0,3.0,0.0,4.0,746,1.0,0,244,990,GasA,4,1,SBrkr,0,0,990,1,0,1,0,3,1,1,5,1,0,Detchd,0.0,480,2.0,2.0,2,0,64,0,0,0,0,0,5,WD,Normal,138000,1,14,0
1309,20,RM,100.0,12000,Pave,3,Lvl,AllPub,Inside,2,1,Norm,Norm,1Fam,1Story,5,7,Gable,CompShg,MetalSd,MetalSd,0.0,1,2,CBlock,1.0,2.0,0.0,5.0,144,4.0,608,172,924,GasA,4,1,SBrkr,0,0,1122,1,0,1,0,2,1,2,6,1,0,Attchd,0.0,528,2.0,2.0,2,0,36,0,0,0,0,0,5,WD,Normal,147000,1,3,0
1310,20,RL,,7153,Pave,3,Lvl,AllPub,Inside,2,2,Norm,Norm,1Fam,1Story,6,5,Gable,CompShg,HdBoard,HdBoard,88.0,1,2,CBlock,2.0,2.0,0.0,5.0,1200,1.0,0,78,1278,GasA,3,1,SBrkr,0,0,1294,1,0,2,0,3,1,2,6,1,0,Attchd,1.0,496,2.0,2.0,2,112,51,0,0,0,0,0,6,WD,Normal,179200,0,17,0
1311,20,RL,100.0,17500,Pave,3,Lvl,AllPub,Inside,2,0,PosA,Norm,1Fam,1Story,7,8,Gable,CompShg,BrkFace,HdBoard,0.0,2,3,PConc,2.0,2.0,2.0,5.0,1406,1.0,0,496,1902,GasA,2,1,SBrkr,0,0,1902,1,0,2,0,3,1,3,7,1,2,Attchd,2.0,567,2.0,2.0,2,0,207,162,0,0,0,0,5,WD,Normal,335000,1,8,0
1312,20,RL,68.0,8814,Pave,3,Lvl,AllPub,Inside,2,0,Norm,Norm,1Fam,1Story,7,5,Gable,CompShg,VinylSd,VinylSd,80.0,2,2,PConc,2.0,2.0,0.0,5.0,925,1.0,0,349,1274,GasA,4,1,SBrkr,0,0,1274,1,0,2,0,3,1,2,6,1,0,Attchd,1.0,508,2.0,2.0,2,264,98,0,0,0,0,0,1,New,Partial,203000,1,0,0
1313,60,RL,,9572,Pave,2,Lvl,AllPub,Inside,2,1,Norm,Norm,1Fam,2Story,8,5,Gable,CompShg,Wd Sdng,Wd Sdng,336.0,2,2,PConc,3.0,2.0,0.0,5.0,482,1.0,0,971,1453,GasA,4,1,SBrkr,1357,0,2810,0,0,2,1,4,1,2,9,1,1,Attchd,1.0,750,3.0,3.0,2,500,0,0,0,0,0,0,6,WD,Normal,302000,0,17,0
1314,60,RL,108.0,14774,Pave,2,Lvl,AllPub,Corner,2,1,Norm,Norm,1Fam,2Story,9,5,Gable,CompShg,VinylSd,VinylSd,165.0,2,2,PConc,2.0,2.0,0.0,0.0,0,1.0,0,1393,1393,GasA,4,1,SBrkr,1177,0,2599,0,0,2,1,4,1,2,10,1,1,BuiltIn,2.0,779,2.0,2.0,2,668,30,0,0,0,0,0,5,WD,Normal,333168,0,11,0
1315,20,RL,60.0,8190,Pave,3,Lvl,AllPub,Inside,2,3,Norm,Norm,1Fam,1Story,4,6,Hip,CompShg,Wd Sdng,Wd Sdng,0.0,1,2,CBlock,1.0,2.0,0.0,2.0,732,1.0,0,216,948,GasA,4,1,SBrkr,0,0,948,1,0,1,0,3,1,1,5,1,1,Detchd,0.0,280,2.0,2.0,2,0,36,0,0,0,0,0,10,WD,Normal,119000,0,53,0
1316,60,RL,85.0,11075,Pave,3,Lvl,AllPub,Inside,2,2,Norm,Norm,1Fam,2Story,6,5,Gable,CompShg,HdBoard,HdBoard,0.0,1,2,CBlock,0.0,2.0,1.0,4.0,500,0.0,276,176,952,GasA,2,1,SBrkr,1020,0,2112,0,0,2,1,4,1,1,9,1,2,Attchd,0.0,576,2.0,2.0,2,280,0,0,0,0,0,0,6,WD,Normal,206900,0,39,0
1317,20,RL,61.0,10226,Pave,2,Lvl,AllPub,Inside,2,0,Norm,Norm,1Fam,1Story,8,5,Gable,CompShg,VinylSd,VinylSd,270.0,2,2,PConc,3.0,2.0,3.0,0.0,0,1.0,0,1622,1622,GasA,4,1,SBrkr,0,0,1630,1,0,2,0,3,1,3,8,1,1,Attchd,1.0,860,2.0,2.0,2,172,42,0,0,0,0,0,1,WD,Normal,295493,0,1,0
1318,120,FV,47.0,4230,Pave,3,Lvl,AllPub,Corner,2,1,Norm,Norm,TwnhsE,1Story,7,5,Gable,CompShg,VinylSd,VinylSd,0.0,2,2,PConc,3.0,3.0,0.0,0.0,0,1.0,0,1352,1352,GasA,4,1,SBrkr,0,0,1352,0,0,2,0,2,1,2,5,1,1,Attchd,1.0,466,2.0,2.0,2,0,241,0,0,0,0,0,4,New,Partial,208900,1,0,0
1319,20,RL,,14781,Pave,1,Lvl,AllPub,CulDSac,2,0,Norm,Norm,1Fam,1Story,8,5,Hip,CompShg,VinylSd,VinylSd,178.0,2,2,PConc,2.0,2.0,3.0,0.0,0,1.0,0,1753,1753,GasA,4,1,SBrkr,0,0,1787,0,0,2,0,3,1,2,7,1,1,Attchd,1.0,748,2.0,2.0,2,198,150,0,0,0,0,0,8,WD,Normal,275000,1,4,0
1320,20,RL,75.0,10215,Pave,3,Bnk,AllPub,Inside,2,3,Norm,Norm,1Fam,1Story,4,5,Hip,CompShg,Wd Sdng,Wd Sdng,132.0,1,2,PConc,1.0,2.0,0.0,4.0,492,1.0,0,372,864,GasA,4,1,SBrkr,0,0,948,0,0,1,0,3,1,1,5,1,0,Attchd,0.0,248,2.0,2.0,2,0,0,0,0,0,0,0,2,WD,Normal,111000,0,53,0
1321,20,RL,70.0,8400,Pave,3,Lvl,AllPub,Inside,2,2,Norm,Norm,1Fam,1Story,6,3,Hip,CompShg,BrkFace,BrkFace,0.0,1,2,CBlock,1.0,2.0,0.0,4.0,189,2.0,661,628,1478,GasA,3,1,SBrkr,0,0,1478,1,0,1,1,3,1,1,6,1,2,Attchd,1.0,442,2.0,2.0,2,114,0,0,0,216,0,0,6,WD,Normal,156500,0,52,0
1322,20,RL,,6627,Pave,2,Lvl,AllPub,Corner,2,1,Feedr,Norm,1Fam,1Story,3,6,Hip,CompShg,VinylSd,VinylSd,0.0,1,2,CBlock,,,,,0,,0,0,0,Floor,2,0,SBrkr,0,0,720,0,0,1,0,2,1,1,4,1,0,Detchd,0.0,287,2.0,1.0,2,0,0,0,0,0,0,0,7,WD,Normal,72500,1,58,0
1323,60,RL,107.0,10186,Pave,2,Lvl,AllPub,Inside,2,1,Norm,Norm,1Fam,2Story,7,5,Gable,CompShg,HdBoard,HdBoard,0.0,2,2,PConc,2.0,2.0,0.0,5.0,674,1.0,0,76,750,GasA,4,1,SBrkr,862,0,1923,1,0,2,1,3,1,2,8,1,1,Attchd,1.0,564,2.0,2.0,2,240,39,0,0,0,0,0,6,WD,Normal,190000,0,18,0
1324,30,RL,50.0,5330,Pave,3,HLS,AllPub,Inside,2,1,Norm,Norm,1Fam,1Story,4,7,Hip,CompShg,VinylSd,VinylSd,0.0,0,2,CBlock,1.0,2.0,0.0,1.0,280,1.0,0,140,420,GasA,3,1,SBrkr,0,0,708,0,0,1,0,2,1,0,5,1,0,,,0,,,2,164,0,0,0,0,0,0,12,WD,Normal,82500,1,59,0
1325,20,RL,75.0,9986,Pave,3,Lvl,AllPub,Inside,2,1,Norm,Norm,1Fam,1Story,8,5,Gable,CompShg,VinylSd,VinylSd,428.0,2,2,PConc,3.0,2.0,2.0,0.0,0,1.0,0,1795,1795,GasA,4,1,SBrkr,0,0,1795,0,0,2,0,2,1,2,7,1,1,Attchd,1.0,895,2.0,2.0,2,0,49,0,0,0,0,0,2,New,Partial,147000,1,0,0
1326,30,RM,40.0,3636,Pave,3,Lvl,AllPub,Inside,2,2,Norm,Norm,1Fam,1Story,4,4,Gable,CompShg,AsbShng,AsbShng,0.0,1,2,BrkTil,1.0,1.0,0.0,0.0,0,1.0,0,796,796,GasA,1,0,SBrkr,0,0,796,0,0,1,0,2,1,1,5,1,0,,,0,,,0,0,0,100,0,0,0,0,1,WD,Normal,55000,1,58,0
1327,30,RH,70.0,4270,Pave,3,Bnk,AllPub,Inside,1,3,Norm,Norm,1Fam,1Story,3,6,Gable,CompShg,MetalSd,MetalSd,0.0,1,2,BrkTil,1.0,2.0,0.0,2.0,544,1.0,0,0,544,GasA,4,1,SBrkr,0,0,774,0,0,1,0,3,1,2,6,1,0,,,0,,,2,0,0,286,0,0,0,0,5,WD,Normal,79000,1,1,0
1328,20,RL,60.0,6600,Pave,3,Lvl,AllPub,Inside,2,1,Norm,Norm,1Fam,1Story,5,9,Gable,CompShg,VinylSd,VinylSd,0.0,2,3,CBlock,1.0,2.0,0.0,4.0,641,1.0,0,175,816,GasA,4,1,SBrkr,0,0,816,0,1,1,0,3,1,2,5,1,1,Attchd,0.0,264,2.0,2.0,2,0,0,0,0,0,0,0,10,WD,Normal,130500,1,0,0
1329,50,RM,60.0,10440,Pave,3,Lvl,AllPub,Corner,2,1,Norm,Norm,1Fam,1.5Fin,6,7,Gable,CompShg,BrkFace,Wd Sdng,0.0,2,3,BrkTil,2.0,2.0,0.0,1.0,493,1.0,0,1017,1510,GasW,4,1,SBrkr,1208,0,2792,0,0,2,0,5,1,1,8,4,2,Detchd,0.0,520,1.0,2.0,2,0,547,0,0,480,0,1150,6,WD,Normal,256000,1,58,0
1330,60,RL,63.0,9084,Pave,2,Lvl,AllPub,Inside,2,3,Norm,Norm,1Fam,2Story,7,5,Hip,CompShg,VinylSd,VinylSd,0.0,1,2,PConc,2.0,2.0,0.0,0.0,0,1.0,0,935,935,GasA,3,1,SBrkr,677,0,1632,0,0,2,1,3,1,1,8,1,1,Attchd,2.0,462,2.0,2.0,2,0,28,0,0,0,0,0,6,WD,Normal,176500,0,8,0
1331,20,RL,85.0,10000,Pave,3,Lvl,AllPub,Inside,2,1,Norm,Norm,1Fam,1Story,8,5,Hip,CompShg,VinylSd,VinylSd,410.0,2,2,PConc,2.0,3.0,2.0,0.0,0,1.0,0,1588,1588,GasA,4,1,SBrkr,0,0,1588,0,0,2,0,3,1,2,7,1,1,Attchd,1.0,825,2.0,2.0,2,144,45,0,0,0,0,0,12,WD,Normal,227000,0,1,0
1332,80,RL,55.0,10780,Pave,2,Lvl,AllPub,Inside,2,0,Norm,Norm,1Fam,SLvl,5,5,Gable,CompShg,MetalSd,MetalSd,0.0,1,2,CBlock,1.0,2.0,2.0,4.0,483,1.0,0,428,911,GasA,3,1,SBrkr,0,0,954,0,0,1,0,3,1,1,6,1,0,Detchd,0.0,576,2.0,2.0,2,0,0,0,0,0,0,0,7,WD,Normal,132500,0,30,0
1333,20,RL,67.0,8877,Pave,3,Lvl,AllPub,Inside,1,3,Norm,Norm,1Fam,1Story,4,6,Gable,CompShg,MetalSd,MetalSd,0.0,1,2,CBlock,1.0,2.0,1.0,4.0,690,1.0,0,126,816,GasA,4,1,SBrkr,0,0,816,1,0,1,0,2,1,1,3,1,1,Detchd,0.0,288,1.0,1.0,2,0,0,0,0,0,0,0,5,WD,Normal,100000,1,51,0
1334,50,RM,60.0,7200,Pave,3,Lvl,AllPub,Corner,2,2,Norm,Norm,1Fam,1.5Fin,5,6,Gable,CompShg,Wd Sdng,Wd Sdng,0.0,1,2,CBlock,1.0,2.0,0.0,0.0,0,1.0,0,803,803,GasA,4,1,SBrkr,557,0,1360,0,0,1,1,2,1,2,6,1,0,Detchd,0.0,297,2.0,2.0,2,0,65,190,0,0,0,0,7,WD,Normal,125500,1,11,0
1335,160,RM,24.0,2368,Pave,3,Lvl,AllPub,Inside,2,3,Norm,Norm,TwnhsE,2Story,5,6,Gable,CompShg,HdBoard,HdBoard,312.0,1,2,CBlock,1.0,2.0,0.0,1.0,765,1.0,0,0,765,GasA,2,1,SBrkr,600,0,1365,0,0,1,1,3,1,1,7,6,0,Attchd,0.0,440,2.0,2.0,2,0,36,0,0,0,0,0,5,WD,Normal,125000,0,39,0
1336,20,RL,80.0,9650,Pave,3,Lvl,AllPub,Inside,2,1,Norm,Norm,1Fam,1Story,6,5,Gable,CompShg,Plywood,Plywood,360.0,1,2,CBlock,2.0,2.0,0.0,4.0,686,1.0,0,664,1350,GasA,2,1,SBrkr,0,0,1334,0,1,2,0,2,1,1,6,1,1,Attchd,1.0,630,2.0,2.0,2,0,16,0,0,0,0,0,4,WD,Normal,167900,0,32,0
1337,90,RL,87.0,9246,Pave,2,Lvl,AllPub,Inside,2,1,Feedr,Norm,Duplex,1Story,5,5,Gable,CompShg,Plywood,Plywood,564.0,1,2,CBlock,1.0,2.0,0.0,0.0,0,1.0,0,1656,1656,GasA,2,1,SBrkr,0,0,1656,0,0,2,0,4,2,1,8,1,0,Detchd,0.0,506,2.0,2.0,2,0,211,0,0,0,0,0,11,WD,Normal,135000,0,35,0
1338,30,RM,153.0,4118,Pave,2,Bnk,AllPub,Corner,1,1,Feedr,Norm,1Fam,1Story,4,4,Gable,CompShg,Wd Sdng,Wd Sdng,0.0,1,2,CBlock,1.0,2.0,0.0,0.0,0,1.0,0,693,693,Grav,1,0,FuseA,0,0,693,0,0,1,0,2,1,0,4,1,0,,,0,,,0,0,20,0,0,0,0,0,3,WD,Normal,52500,1,56,0
1339,60,RL,95.0,13450,Pave,2,Lvl,AllPub,Corner,2,0,Norm,Norm,1Fam,2Story,7,5,Gable,CompShg,VinylSd,VinylSd,0.0,2,2,PConc,2.0,2.0,0.0,5.0,700,1.0,0,216,916,GasA,4,1,SBrkr,941,0,1861,1,0,2,1,3,1,2,8,1,0,BuiltIn,1.0,492,2.0,2.0,2,146,91,0,0,0,0,0,6,WD,Normal,200000,0,4,0
1340,20,RL,120.0,9560,Pave,2,Lvl,AllPub,Corner,2,0,Norm,Norm,1Fam,1Story,5,7,Hip,CompShg,MetalSd,MetalSd,0.0,1,3,CBlock,1.0,2.0,1.0,2.0,360,1.0,0,504,864,GasA,4,1,SBrkr,0,0,864,0,0,1,0,3,1,1,5,1,0,Attchd,1.0,288,2.0,2.0,2,0,0,0,0,0,0,0,6,WD,Normal,128500,0,34,0
1341,20,RL,70.0,8294,Pave,3,Lvl,AllPub,Inside,2,2,Norm,Norm,1Fam,1Story,4,5,Gable,CompShg,MetalSd,MetalSd,0.0,1,2,CBlock,1.0,2.0,0.0,0.0,0,1.0,0,858,858,GasA,2,1,SBrkr,0,0,872,0,0,1,0,3,1,1,5,1,0,Detchd,0.0,480,2.0,2.0,2,0,0,0,0,0,0,0,6,WD,Normal,123000,0,36,0
1342,20,RL,66.0,13695,Pave,3,Lvl,AllPub,Inside,2,2,RRAe,Norm,1Fam,1Story,6,5,Gable,CompShg,VinylSd,VinylSd,0.0,1,2,PConc,2.0,2.0,0.0,5.0,814,1.0,0,300,1114,GasA,4,1,SBrkr,0,0,1114,1,0,1,0,3,1,2,6,1,0,Detchd,0.0,576,2.0,2.0,2,0,78,0,0,0,0,0,7,WD,Normal,155000,1,4,0
1343,60,RL,,9375,Pave,3,Lvl,AllPub,Inside,2,0,Norm,Norm,1Fam,2Story,8,5,Gable,CompShg,VinylSd,VinylSd,149.0,2,2,PConc,2.0,2.0,0.0,0.0,0,1.0,0,1284,1284,GasA,4,1,SBrkr,885,0,2169,0,0,2,1,3,1,2,7,1,1,Attchd,1.0,647,2.0,2.0,2,192,87,0,0,0,0,0,8,WD,Normal,228500,0,5,0
1344,50,RL,57.0,7558,Pave,3,Bnk,AllPub,Inside,2,0,Norm,Norm,1Fam,1.5Fin,6,6,Gable,CompShg,BrkFace,Stone,0.0,1,2,BrkTil,1.0,2.0,0.0,0.0,0,1.0,0,896,896,GasA,3,1,SBrkr,741,0,1913,0,0,1,1,3,1,1,9,1,1,Detchd,0.0,342,1.0,1.0,2,0,0,0,0,0,0,0,3,WD,Normal,177000,1,59,0
1345,60,RL,85.0,11103,Pave,2,Lvl,AllPub,Corner,2,0,Norm,Norm,1Fam,2Story,7,5,Gable,CompShg,VinylSd,VinylSd,0.0,2,2,PConc,2.0,2.0,0.0,0.0,0,1.0,0,728,728,GasA,4,1,SBrkr,728,0,1456,0,0,2,1,3,1,2,8,1,1,Attchd,2.0,440,2.0,2.0,2,0,0,0,0,0,0,0,7,New,Partial,155835,0,1,0
1346,30,RM,50.0,6000,Pave,3,Lvl,AllPub,Inside,2,1,Norm,Norm,1Fam,1Story,4,4,Hip,CompShg,MetalSd,MetalSd,0.0,1,2,PConc,1.0,2.0,0.0,4.0,250,1.0,0,710,960,GasA,3,1,FuseA,0,0,960,0,0,1,0,2,1,0,5,1,0,Detchd,0.0,308,2.0,2.0,2,0,0,168,0,0,0,0,7,WD,Normal,108500,1,57,0
1347,20,RL,,20781,Pave,1,Lvl,AllPub,CulDSac,2,1,PosN,Norm,1Fam,1Story,7,7,Hip,CompShg,BrkFace,HdBoard,0.0,1,2,CBlock,1.0,2.0,0.0,3.0,297,2.0,68,1203,1568,GasA,2,1,SBrkr,0,0,2156,0,0,2,0,3,1,1,9,1,1,Attchd,1.0,508,3.0,2.0,2,0,80,0,290,0,0,0,6,WD,Normal,262500,1,3,0
1348,20,RL,93.0,15306,Pave,2,HLS,AllPub,Corner,2,3,Norm,Norm,1Fam,1Story,8,5,Gable,CompShg,VinylSd,VinylSd,100.0,2,2,PConc,3.0,2.0,3.0,5.0,80,1.0,0,1652,1732,GasA,4,1,SBrkr,0,0,1776,1,0,2,0,3,1,2,7,1,1,Attchd,2.0,712,2.0,2.0,2,0,0,0,0,0,0,0,5,New,Partial,283463,1,0,0
1349,20,RL,,16196,Pave,0,Low,AllPub,Inside,2,2,Norm,Norm,1Fam,1Story,7,5,Gable,CompShg,VinylSd,VinylSd,0.0,2,2,PConc,2.0,2.0,3.0,5.0,1443,1.0,0,39,1482,GasA,4,1,SBrkr,0,0,1494,1,0,2,0,3,1,2,5,1,1,Attchd,1.0,514,2.0,2.0,2,402,25,0,0,0,0,0,8,WD,Normal,215000,0,9,0
1350,70,RM,50.0,5250,Pave,3,Lvl,AllPub,Inside,2,1,Norm,Norm,1Fam,2Story,8,5,Gable,CompShg,MetalSd,MetalSd,0.0,1,3,BrkTil,1.0,1.0,0.0,1.0,259,1.0,0,425,684,OthW,1,0,SBrkr,1215,205,2358,0,0,2,0,4,1,1,8,1,0,,,0,,,2,0,54,20,0,0,0,0,12,WD,Normal,122000,1,21,0
1351,90,RL,91.0,11643,Pave,3,Lvl,AllPub,Inside,2,2,Artery,Norm,Duplex,2Story,5,5,Gable,CompShg,MetalSd,MetalSd,368.0,1,2,CBlock,1.0,2.0,0.0,1.0,500,1.0,0,748,1248,GasA,2,1,SBrkr,1296,0,2634,1,1,2,2,6,2,1,12,1,0,Detchd,0.0,968,2.0,2.0,2,0,0,0,0,0,0,0,8,WD,Normal,200000,0,40,0
1352,60,RL,70.0,9247,Pave,2,Lvl,AllPub,Inside,2,2,Norm,Norm,1Fam,2Story,6,6,Gable,CompShg,HdBoard,HdBoard,318.0,1,2,CBlock,1.0,2.0,0.0,2.0,319,1.0,0,539,858,GasA,4,1,SBrkr,858,0,1716,0,0,1,1,4,1,1,8,1,1,Attchd,2.0,490,2.0,2.0,2,0,84,0,0,120,0,0,3,WD,Normal,171000,0,46,0
1353,50,RM,50.0,6000,Pave,3,Lvl,AllPub,Inside,2,1,Norm,Norm,1Fam,1.5Fin,6,9,Gable,CompShg,MetalSd,MetalSd,0.0,2,2,BrkTil,1.0,2.0,0.0,0.0,0,1.0,0,698,698,GasA,2,1,SBrkr,390,0,1176,0,0,1,0,2,1,1,4,1,0,Detchd,0.0,624,2.0,2.0,0,210,0,0,0,0,0,0,7,WD,Normal,134900,1,9,0
1354,50,RL,56.0,14720,Pave,2,Lvl,AllPub,CulDSac,2,1,Norm,Norm,1Fam,1.5Fin,8,5,Hip,CompShg,VinylSd,VinylSd,579.0,2,2,PConc,2.0,2.0,2.0,5.0,816,1.0,0,1217,2033,GasA,4,1,SBrkr,1185,0,3238,1,0,2,1,4,1,2,9,1,1,Attchd,2.0,666,2.0,2.0,2,283,86,0,0,0,0,0,3,WD,Normal,410000,1,14,0
1355,60,RL,,10316,Pave,2,Lvl,AllPub,Inside,2,0,Norm,Norm,1Fam,2Story,7,5,Gable,CompShg,VinylSd,VinylSd,0.0,2,2,PConc,2.0,2.0,0.0,5.0,735,1.0,0,257,992,GasA,4,1,SBrkr,873,0,1865,1,0,2,1,3,1,2,7,1,1,Attchd,1.0,839,2.0,2.0,2,0,184,0,0,0,0,0,6,WD,Normal,235000,0,8,0
1356,80,RL,102.0,10192,Pave,2,Lvl,AllPub,Inside,2,1,Norm,Norm,1Fam,SLvl,7,6,Gable,CompShg,MetalSd,MetalSd,143.0,1,2,CBlock,1.0,2.0,0.0,0.0,0,1.0,0,570,570,GasA,3,1,SBrkr,698,0,1920,0,0,3,0,4,1,2,8,1,1,Attchd,1.0,487,2.0,2.0,2,0,98,0,0,0,0,0,9,WD,Normal,170000,1,14,0
1357,20,RL,,9477,Pave,3,Lvl,AllPub,Corner,2,2,Norm,Norm,1Fam,1Story,5,5,Gable,CompShg,HdBoard,HdBoard,65.0,1,2,CBlock,1.0,2.0,0.0,2.0,340,1.0,0,524,864,GasA,2,1,SBrkr,0,0,892,0,0,1,0,3,1,1,5,1,0,Attchd,1.0,264,2.0,2.0,2,0,0,0,0,0,0,0,10,WD,Normal,110000,0,42,0
1358,20,RL,,12537,Pave,2,Lvl,AllPub,CulDSac,2,2,Norm,Norm,1Fam,1Story,5,6,Gable,CompShg,VinylSd,VinylSd,0.0,1,2,CBlock,1.0,2.0,0.0,5.0,734,1.0,0,344,1078,GasA,4,1,SBrkr,0,0,1078,1,0,1,1,3,1,1,6,1,1,Attchd,2.0,500,2.0,2.0,2,0,0,0,0,0,0,0,4,WD,Normal,149900,1,2,0
1359,160,FV,,2117,Pave,3,Lvl,AllPub,Inside,2,1,Norm,Norm,Twnhs,2Story,6,5,Gable,CompShg,MetalSd,MetalSd,216.0,2,2,PConc,2.0,2.0,0.0,5.0,378,1.0,0,378,756,GasA,4,1,SBrkr,804,0,1573,0,0,2,1,3,1,2,5,1,0,Detchd,0.0,440,2.0,2.0,2,0,32,0,0,0,0,0,6,WD,Normal,177500,0,10,0
1360,20,RL,129.0,16737,Pave,3,Lvl,AllPub,FR3,2,2,Norm,Norm,1Fam,1Story,9,5,Hip,CompShg,VinylSd,VinylSd,66.0,2,2,PConc,3.0,2.0,2.0,5.0,1447,1.0,0,533,1980,GasA,4,1,SBrkr,0,0,1980,1,0,2,0,3,1,3,8,1,1,Attchd,2.0,770,2.0,2.0,2,194,45,0,0,0,0,0,9,WD,Normal,315000,1,1,0
1361,70,RL,51.0,9842,Pave,3,Lvl,AllPub,Inside,2,3,Feedr,Norm,1Fam,2Story,5,6,Gable,CompShg,MetalSd,Wd Sdng,0.0,1,2,BrkTil,1.0,1.0,0.0,0.0,0,1.0,0,612,612,GasA,4,1,SBrkr,1611,0,2601,0,0,3,1,4,1,1,8,1,0,BuiltIn,1.0,621,2.0,2.0,2,183,0,301,0,0,0,0,5,WD,Normal,189000,1,10,0
1362,20,RL,124.0,16158,Pave,2,Low,AllPub,Inside,1,3,Norm,Norm,1Fam,1Story,7,5,Hip,CompShg,VinylSd,VinylSd,16.0,2,2,PConc,3.0,2.0,2.0,4.0,1274,1.0,0,256,1530,GasA,4,1,SBrkr,0,0,1530,1,0,2,0,3,1,2,7,1,1,Attchd,2.0,430,2.0,2.0,2,168,36,0,0,0,0,0,6,WD,Normal,260000,0,4,0
1363,50,RL,,12513,Pave,2,Lvl,AllPub,FR2,2,2,Feedr,Norm,1Fam,1.5Fin,4,4,Gable,CompShg,VinylSd,VinylSd,0.0,1,3,BrkTil,1.0,1.0,0.0,0.0,0,1.0,0,715,715,GasA,3,1,SBrkr,457,0,1738,0,0,2,0,4,1,1,7,1,1,Attchd,0.0,368,2.0,2.0,2,55,0,0,0,0,0,0,6,WD,Normal,104900,1,2,0
1364,60,RL,73.0,8499,Pave,2,Lvl,AllPub,Inside,2,3,Norm,Norm,1Fam,2Story,6,5,Gable,CompShg,VinylSd,VinylSd,0.0,1,2,PConc,2.0,2.0,0.0,0.0,0,1.0,0,616,616,GasA,4,1,SBrkr,796,0,1412,0,0,2,1,3,1,2,6,1,1,BuiltIn,2.0,432,2.0,2.0,2,0,36,0,0,0,0,0,3,New,Partial,156932,1,0,0
1365,160,FV,30.0,3180,Pave,3,Lvl,AllPub,Inside,2,1,Norm,Norm,TwnhsE,2Story,7,5,Gable,CompShg,MetalSd,MetalSd,0.0,2,2,PConc,2.0,2.0,0.0,0.0,0,1.0,0,600,600,GasA,4,1,SBrkr,600,80,1200,0,0,2,1,2,1,2,4,1,0,Detchd,1.0,480,2.0,2.0,2,0,166,0,0,0,0,0,4,WD,Abnorml,144152,0,1,0
1366,60,FV,,7500,Pave,3,Lvl,AllPub,Inside,2,1,Norm,Norm,1Fam,2Story,7,5,Gable,CompShg,VinylSd,VinylSd,0.0,2,2,PConc,2.0,2.0,0.0,5.0,533,1.0,0,281,814,GasA,4,1,SBrkr,860,0,1674,1,0,2,1,3,1,2,7,1,0,Attchd,1.0,663,2.0,2.0,2,0,96,0,0,0,0,0,1,WD,Normal,216000,0,10,0
1367,60,RL,68.0,9179,Pave,2,Lvl,AllPub,Inside,2,0,Norm,Norm,1Fam,2Story,7,5,Gable,CompShg,VinylSd,VinylSd,158.0,2,2,PConc,2.0,2.0,0.0,5.0,633,1.0,0,240,873,GasA,4,1,SBrkr,908,0,1790,1,0,2,1,3,1,2,7,1,0,Attchd,1.0,588,2.0,2.0,2,0,88,0,0,0,0,0,6,WD,Abnorml,193000,0,9,0
1368,160,RM,41.0,2665,Pave,3,Lvl,AllPub,Inside,2,2,Norm,Norm,TwnhsE,2Story,5,6,Gable,CompShg,CemntBd,CmentBd,0.0,1,2,PConc,1.0,2.0,0.0,4.0,548,2.0,173,36,757,GasA,4,1,SBrkr,550,0,1475,0,0,2,0,4,1,1,6,1,1,Attchd,1.0,336,2.0,2.0,2,104,26,0,0,0,0,0,7,WD,Normal,127000,0,29,0
1369,120,RM,,4435,Pave,3,Lvl,AllPub,Inside,2,0,Norm,Norm,TwnhsE,1Story,6,5,Gable,CompShg,VinylSd,VinylSd,170.0,2,2,PConc,2.0,2.0,2.0,5.0,685,1.0,0,163,848,GasA,4,1,SBrkr,0,0,848,1,0,1,0,1,1,2,4,1,0,Attchd,2.0,420,2.0,2.0,2,140,0,0,0,0,0,0,6,WD,Normal,144000,1,5,0
1370,20,RL,48.0,10635,Pave,1,Lvl,AllPub,FR2,2,0,Norm,Norm,1Fam,1Story,8,5,Hip,CompShg,VinylSd,VinylSd,171.0,2,2,PConc,2.0,2.0,2.0,3.0,370,5.0,972,315,1657,GasA,4,1,SBrkr,0,0,1668,1,0,2,0,3,1,2,8,1,1,Attchd,2.0,502,2.0,2.0,2,0,262,0,0,0,0,0,5,WD,Normal,232000,0,7,0
1371,50,RL,90.0,5400,Pave,3,Lvl,AllPub,Corner,2,1,Artery,Norm,1Fam,1.5Fin,4,6,Gable,CompShg,CBlock,CBlock,0.0,0,2,PConc,1.0,2.0,0.0,4.0,315,2.0,105,420,840,GasA,4,1,SBrkr,534,0,1374,0,0,1,0,2,1,1,6,1,0,Detchd,2.0,338,2.0,2.0,2,0,0,198,0,0,0,0,10,WD,Normal,105000,1,59,0
1372,80,RL,80.0,9600,Pave,3,Lvl,AllPub,Inside,2,2,Norm,Norm,1Fam,SLvl,6,6,Hip,CompShg,AsbShng,AsbShng,0.0,1,2,CBlock,1.0,2.0,2.0,3.0,831,1.0,0,161,992,GasA,3,1,SBrkr,0,0,1661,1,0,1,0,3,1,2,8,1,1,BuiltIn,1.0,377,2.0,2.0,2,0,28,0,0,178,0,0,10,WD,Normal,165500,1,12,0
1373,60,RL,75.0,9750,Pave,3,Lvl,AllPub,Corner,2,0,Norm,Norm,1Fam,2Story,7,6,Gable,CompShg,VinylSd,VinylSd,0.0,1,2,PConc,2.0,2.0,2.0,5.0,975,1.0,0,133,1108,GasA,4,1,SBrkr,989,0,2097,1,0,2,1,3,1,2,8,1,1,Detchd,1.0,583,2.0,2.0,2,253,170,0,0,0,0,0,6,WD,Normal,274300,0,8,0
1374,20,RL,,11400,Pave,3,Lvl,AllPub,Inside,2,1,Norm,Norm,1Fam,1Story,10,5,Hip,CompShg,VinylSd,VinylSd,705.0,3,2,PConc,3.0,2.0,3.0,5.0,1282,1.0,0,1351,2633,GasA,4,1,SBrkr,0,0,2633,1,0,2,1,2,1,3,8,1,2,Attchd,1.0,804,2.0,2.0,2,314,140,0,0,0,0,0,3,WD,Normal,466500,1,5,0
1375,60,FV,85.0,10625,Pave,3,Lvl,AllPub,Inside,2,1,Norm,Norm,1Fam,2Story,7,5,Gable,CompShg,CemntBd,CmentBd,0.0,2,2,PConc,2.0,2.0,0.0,0.0,0,1.0,0,1026,1026,GasA,4,1,SBrkr,932,0,1958,0,0,2,1,3,1,2,9,1,1,Attchd,2.0,936,2.0,2.0,2,154,210,0,0,0,0,0,7,WD,Normal,250000,0,3,0
1376,20,RL,89.0,10991,Pave,2,HLS,AllPub,Inside,2,3,Norm,Norm,1Fam,1Story,8,5,Gable,CompShg,VinylSd,VinylSd,80.0,2,2,PConc,2.0,2.0,3.0,0.0,0,1.0,0,1571,1571,GasA,4,1,SBrkr,0,0,1571,0,0,2,0,3,1,2,7,1,1,Attchd,2.0,722,2.0,2.0,2,100,36,0,0,0,0,0,12,New,Partial,239000,0,0,1
1377,30,RL,52.0,6292,Pave,3,Bnk,AllPub,Inside,2,3,Norm,Norm,1Fam,1Story,6,5,Gable,CompShg,Wd Sdng,Wd Sdng,0.0,1,2,BrkTil,2.0,2.0,1.0,2.0,384,1.0,0,384,768,GasA,2,0,SBrkr,0,0,790,0,0,1,0,2,1,1,4,1,0,Detchd,0.0,160,1.0,2.0,2,0,141,0,0,0,0,0,4,WD,Normal,91000,1,58,0
1378,50,RL,60.0,10998,Pave,3,Lvl,AllPub,Inside,2,3,Norm,Norm,1Fam,1.5Fin,5,5,Gable,CompShg,Wd Sdng,Wd Sdng,0.0,1,2,CBlock,1.0,2.0,0.0,1.0,408,3.0,420,156,984,GasA,4,1,SBrkr,620,0,1604,0,0,2,0,3,1,1,6,5,0,Detchd,0.0,660,2.0,2.0,2,0,68,0,0,0,0,0,7,WD,Normal,117000,1,49,0
1379,160,RM,21.0,1953,Pave,3,Lvl,AllPub,Inside,2,3,Norm,Norm,Twnhs,2Story,6,5,Gable,CompShg,HdBoard,HdBoard,408.0,1,2,CBlock,1.0,1.0,0.0,3.0,309,1.0,0,174,483,GasA,2,1,SBrkr,504,0,987,0,0,1,1,2,1,1,5,1,0,Detchd,0.0,264,2.0,2.0,2,72,0,0,0,0,0,0,6,WD,Normal,83000,0,33,0
1380,80,RL,73.0,9735,Pave,3,Lvl,AllPub,Inside,2,3,Norm,Norm,1Fam,SLvl,5,5,Gable,CompShg,VinylSd,VinylSd,0.0,1,2,PConc,2.0,2.0,0.0,0.0,0,1.0,0,384,384,GasA,3,1,,640,0,1394,0,0,2,1,3,1,2,7,1,0,BuiltIn,2.0,400,2.0,2.0,2,100,0,0,0,0,0,0,5,WD,Normal,167500,1,1,0
1381,30,RL,45.0,8212,Pave,3,Lvl,AllPub,Inside,2,3,Norm,Norm,1Fam,1Story,3,3,Gable,CompShg,Stucco,Stucco,0.0,1,1,BrkTil,1.0,1.0,0.0,2.0,203,1.0,0,661,864,GasA,2,0,FuseF,0,0,864,1,0,1,0,2,1,1,5,1,0,Detchd,0.0,200,2.0,1.0,2,0,0,96,0,0,0,0,6,WD,Normal,58500,1,60,0
1382,20,RL,,12925,Pave,2,Lvl,AllPub,Corner,2,2,Norm,Norm,1Fam,1Story,6,7,Gable,CompShg,BrkFace,Plywood,0.0,1,2,CBlock,1.0,2.0,1.0,3.0,865,1.0,0,340,1205,GasA,4,1,SBrkr,0,0,2117,0,0,2,1,4,1,1,7,1,2,Attchd,2.0,550,2.0,2.0,2,0,42,0,0,0,0,0,5,WD,Normal,237500,0,38,0
1383,70,RM,60.0,7200,Pave,3,Lvl,AllPub,Corner,2,1,Norm,Norm,1Fam,2Story,7,7,Hip,CompShg,Wd Sdng,Wd Sdng,0.0,1,2,BrkTil,0.0,2.0,0.0,0.0,0,1.0,0,596,596,GasA,4,1,SBrkr,764,0,1762,1,0,1,1,4,1,2,8,1,0,Detchd,0.0,576,2.0,2.0,0,36,0,221,0,0,0,0,10,WD,Normal,157000,1,56,0
1384,30,RL,,25339,Pave,3,Lvl,AllPub,Inside,2,2,Norm,Norm,1Fam,1Story,5,7,Gable,CompShg,Wd Sdng,Wd Sdng,0.0,1,3,BrkTil,1.0,2.0,0.0,0.0,0,1.0,0,816,816,GasA,4,1,SBrkr,0,0,1416,0,0,2,0,3,1,2,7,1,0,Attchd,0.0,576,2.0,2.0,0,0,0,112,0,0,0,0,8,WD,Normal,112000,1,0,0
1385,50,RL,60.0,9060,Pave,3,Lvl,AllPub,Inside,2,3,Norm,Norm,1Fam,1.5Fin,6,5,Gable,CompShg,WdShing,Wd Shng,0.0,1,2,BrkTil,1.0,2.0,1.0,2.0,204,1.0,0,356,560,GasA,2,1,SBrkr,560,0,1258,0,0,1,0,2,1,1,6,1,0,Detchd,0.0,280,2.0,2.0,1,0,0,0,0,0,0,0,10,WD,Normal,105000,1,59,0
1386,50,RM,40.0,5436,Pave,3,Lvl,AllPub,Inside,2,2,Norm,Norm,1Fam,1.5Fin,4,8,Gable,CompShg,VinylSd,VinylSd,0.0,1,3,BrkTil,1.0,2.0,0.0,3.0,735,1.0,0,61,796,GasA,3,1,SBrkr,358,0,1154,1,0,1,0,3,1,2,7,1,0,Detchd,0.0,240,2.0,2.0,0,0,96,0,0,0,0,0,5,WD,Normal,125500,1,3,0
1387,60,RL,80.0,16692,Pave,2,Lvl,AllPub,Inside,2,1,RRAn,Norm,1Fam,2Story,7,5,Gable,CompShg,Plywood,Plywood,184.0,1,2,CBlock,2.0,2.0,0.0,3.0,790,0.0,469,133,1392,GasA,2,1,SBrkr,1392,0,2784,1,0,3,1,5,1,2,12,1,2,Attchd,1.0,564,2.0,2.0,2,0,112,0,0,440,519,2000,7,WD,Normal,250000,0,28,0
1388,50,RM,60.0,8520,Pave,3,Lvl,AllPub,Inside,2,1,Artery,Norm,1Fam,1.5Fin,6,7,Gable,CompShg,Stucco,Stucco,0.0,1,3,BrkTil,1.0,2.0,0.0,2.0,168,0.0,546,0,714,GasW,2,0,SBrkr,862,0,2526,0,0,2,0,5,1,2,10,1,1,Detchd,0.0,216,2.0,2.0,2,88,15,0,0,0,0,0,8,CWD,Family,136000,1,57,0
1389,20,RL,42.0,14892,Pave,2,HLS,AllPub,CulDSac,2,3,Norm,Norm,1Fam,1Story,9,5,Gable,CompShg,VinylSd,VinylSd,160.0,3,2,PConc,3.0,2.0,3.0,5.0,1320,1.0,0,426,1746,GasA,4,1,SBrkr,0,0,1746,1,0,2,0,3,1,3,7,1,2,Attchd,2.0,758,2.0,2.0,2,201,39,0,0,0,0,0,10,WD,Normal,377500,1,2,0
1390,50,RM,60.0,6000,Pave,3,Lvl,AllPub,Inside,2,1,Norm,Norm,1Fam,1.5Fin,6,6,Gable,CompShg,Wd Sdng,Wd Sdng,0.0,1,3,BrkTil,1.0,3.0,0.0,4.0,375,1.0,0,360,735,GasA,4,1,SBrkr,349,0,1218,0,1,1,0,3,1,1,6,1,1,Detchd,0.0,440,2.0,2.0,2,0,0,0,0,0,0,0,3,WD,Normal,131000,1,57,0
1391,20,RL,70.0,9100,Pave,3,Lvl,AllPub,Inside,2,0,Norm,Norm,1Fam,1Story,7,5,Gable,CompShg,VinylSd,VinylSd,244.0,2,2,PConc,2.0,2.0,2.0,5.0,1400,1.0,0,125,1525,GasA,4,1,SBrkr,0,0,1525,1,0,2,0,3,1,2,6,1,0,Attchd,1.0,541,2.0,2.0,2,219,36,0,0,0,0,0,9,WD,Normal,235000,0,6,0
1392,90,RL,65.0,8944,Pave,3,Lvl,AllPub,Inside,2,2,Norm,Norm,Duplex,1Story,5,5,Gable,CompShg,Plywood,Plywood,0.0,1,2,CBlock,1.0,2.0,0.0,0.0,0,1.0,0,1584,1584,GasA,2,1,SBrkr,0,0,1584,0,0,2,0,4,2,1,8,4,0,Detchd,0.0,792,2.0,2.0,2,0,152,0,0,0,0,0,4,WD,Normal,124000,0,42,0
1393,85,RL,68.0,7838,Pave,3,Lvl,AllPub,Inside,2,2,Norm,Norm,1Fam,SFoyer,5,5,Gable,CompShg,HdBoard,HdBoard,0.0,1,2,CBlock,1.0,2.0,2.0,4.0,769,1.0,0,95,864,GasA,2,1,SBrkr,0,0,900,1,0,1,0,3,1,1,6,1,1,Attchd,1.0,288,2.0,2.0,2,175,144,0,0,0,0,0,12,WD,Normal,123000,0,39,0
1394,190,RM,60.0,10800,Pave,3,Lvl,AllPub,Inside,2,1,Norm,Norm,2fmCon,1.5Fin,6,7,Gable,CompShg,Wd Sdng,Wd Sdng,0.0,1,2,BrkTil,0.0,2.0,0.0,0.0,0,1.0,0,482,482,GasA,4,0,SBrkr,691,0,1912,0,0,2,0,3,2,1,7,1,1,Detchd,0.0,672,3.0,2.0,2,0,25,212,0,0,0,0,4,WD,Normal,163000,1,8,0
1395,120,RL,53.0,4045,Pave,3,Lvl,AllPub,Inside,2,3,Norm,Norm,TwnhsE,1Story,7,5,Hip,CompShg,VinylSd,VinylSd,45.0,2,2,PConc,2.0,2.0,2.0,5.0,1070,1.0,0,286,1356,GasA,4,1,SBrkr,0,0,1500,1,0,2,0,2,1,2,6,1,1,Attchd,2.0,648,2.0,2.0,2,161,20,0,0,0,0,0,10,New,Partial,246578,0,0,1
1396,60,RL,88.0,12665,Pave,2,Lvl,AllPub,Inside,2,3,Norm,Norm,1Fam,2Story,8,5,Hip,CompShg,VinylSd,VinylSd,245.0,2,2,PConc,2.0,3.0,3.0,0.0,0,1.0,0,1094,1094,GasA,4,1,SBrkr,1349,0,2482,0,0,2,1,4,1,2,9,1,1,BuiltIn,2.0,642,2.0,2.0,2,144,39,0,0,0,0,0,2,WD,Normal,281213,1,1,0
1397,20,RL,,57200,Pave,2,Bnk,AllPub,Inside,0,3,Norm,Norm,1Fam,1Story,5,5,Gable,CompShg,Wd Sdng,Wd Sdng,0.0,1,2,CBlock,1.0,2.0,2.0,3.0,353,2.0,334,60,747,GasA,2,1,SBrkr,0,0,1687,1,0,1,0,3,1,1,7,6,2,Detchd,0.0,572,2.0,2.0,0,0,0,50,0,0,0,0,6,WD,Normal,160000,1,60,0
1398,70,RM,51.0,6120,Pave,3,Lvl,AllPub,Inside,2,1,Norm,Norm,1Fam,2Story,5,8,Gable,CompShg,MetalSd,MetalSd,0.0,1,2,BrkTil,1.0,2.0,1.0,0.0,0,1.0,0,939,939,GasA,4,1,SBrkr,574,0,1513,0,0,1,1,4,1,1,8,1,0,Detchd,0.0,180,1.0,1.0,0,24,0,150,0,0,0,0,5,WD,Normal,137500,1,3,0
1399,50,RL,60.0,7200,Pave,3,Lvl,AllPub,Inside,2,2,Norm,Norm,1Fam,1.5Fin,5,4,Gable,CompShg,VinylSd,Wd Sdng,0.0,1,2,CBlock,1.0,2.0,0.0,2.0,180,3.0,352,676,1208,GasA,3,1,FuseA,768,0,1904,1,0,1,1,3,1,1,7,6,0,Attchd,0.0,240,2.0,2.0,2,0,0,168,0,0,0,0,5,WD,Normal,138000,1,27,0
1400,50,RL,51.0,6171,Pave,3,Lvl,AllPub,Inside,2,3,Norm,Norm,1Fam,1.5Fin,6,6,Gable,CompShg,WdShing,Wd Shng,0.0,1,2,BrkTil,1.0,2.0,0.0,3.0,264,1.0,0,712,976,GasA,4,1,SBrkr,448,0,1608,0,0,2,1,3,1,2,7,1,1,Detchd,0.0,216,1.0,2.0,2,147,16,0,0,0,0,0,10,WD,Normal,137450,1,19,0
1401,50,RM,50.0,6000,Pave,3,Lvl,AllPub,Corner,2,1,Norm,Norm,1Fam,1.5Fin,6,7,Gable,CompShg,WdShing,Wd Shng,0.0,1,2,BrkTil,1.0,2.0,0.0,0.0,0,1.0,0,862,862,GasA,2,1,SBrkr,208,0,1158,0,0,1,0,3,1,1,5,1,1,BuiltIn,1.0,208,2.0,2.0,2,0,0,112,0,0,0,0,7,WD,Normal,120000,1,58,0
1402,60,RL,62.0,7415,Pave,2,Lvl,AllPub,Inside,2,3,Norm,Norm,1Fam,2Story,6,5,Gable,CompShg,VinylSd,VinylSd,0.0,1,2,PConc,1.0,2.0,0.0,5.0,759,1.0,0,80,839,GasA,4,1,SBrkr,729,0,1593,1,0,2,1,3,1,1,8,1,1,Attchd,2.0,398,2.0,2.0,2,100,75,0,0,0,0,0,4,WD,Normal,193000,0,4,0
1403,20,RL,64.0,6762,Pave,3,Lvl,AllPub,Inside,2,0,Norm,Norm,1Fam,1Story,7,5,Gable,CompShg,VinylSd,VinylSd,0.0,2,2,PConc,2.0,3.0,2.0,0.0,0,1.0,0,1286,1286,GasA,4,1,SBrkr,0,0,1294,0,0,2,0,2,1,2,6,1,1,Attchd,1.0,662,2.0,2.0,2,168,55,0,0,0,0,0,7,New,Partial,193879,0,0,1
1404,20,RL,49.0,15256,Pave,2,Lvl,AllPub,CulDSac,2,1,RRAn,Norm,1Fam,1Story,8,5,Gable,CompShg,VinylSd,VinylSd,84.0,2,2,PConc,2.0,2.0,3.0,5.0,929,1.0,0,556,1485,GasA,4,1,SBrkr,0,0,1464,1,0,2,0,3,1,2,6,1,0,Attchd,0.0,754,2.0,2.0,2,168,160,0,0,0,0,0,8,WD,Normal,282922,0,0,1
1405,50,RL,60.0,10410,Pave,3,Lvl,AllPub,Corner,2,1,Artery,Norm,1Fam,1.5Fin,3,4,Gable,CompShg,Wd Sdng,Wd Sdng,0.0,1,2,PConc,1.0,2.0,0.0,0.0,0,1.0,0,672,672,GasA,2,1,SBrkr,520,0,1214,0,0,1,0,3,1,1,6,1,0,Detchd,0.0,936,2.0,2.0,2,216,0,160,0,0,0,0,1,WD,Family,105000,1,56,0
1406,120,RM,44.0,3842,Pave,2,HLS,AllPub,Inside,1,0,Norm,Norm,TwnhsE,1Story,8,5,Hip,CompShg,CemntBd,CmentBd,174.0,2,2,PConc,3.0,2.0,3.0,5.0,1373,1.0,0,221,1594,GasA,4,1,SBrkr,0,0,1646,1,1,2,0,2,1,2,5,1,1,Attchd,2.0,482,2.0,2.0,2,128,53,0,0,155,0,0,1,WD,Normal,275000,1,3,0
1407,85,RL,70.0,8445,Pave,3,Lvl,AllPub,Corner,2,0,Norm,Norm,1Fam,SFoyer,5,7,Gable,CompShg,HdBoard,Wd Shng,0.0,1,2,CBlock,2.0,2.0,2.0,5.0,656,1.0,0,112,768,GasA,2,1,SBrkr,0,0,768,1,0,1,0,2,1,1,5,1,0,Detchd,0.0,396,2.0,2.0,2,58,0,0,0,0,0,0,3,WD,Normal,133000,1,2,0
1408,20,RL,,8780,Pave,2,Lvl,AllPub,Corner,2,1,Norm,Norm,1Fam,1Story,5,5,Gable,CompShg,HdBoard,Plywood,0.0,1,2,CBlock,1.0,2.0,0.0,4.0,625,1.0,0,208,833,GasA,4,1,SBrkr,0,0,833,1,0,1,0,3,1,1,5,1,0,,,0,,,2,0,0,0,0,0,0,0,3,WD,Normal,112000,0,24,0
1409,70,RM,60.0,7740,Pave,3,Lvl,AllPub,Inside,2,1,Norm,Norm,1Fam,2Story,4,7,Gable,CompShg,VinylSd,VinylSd,0.0,1,2,CBlock,0.0,2.0,0.0,0.0,0,1.0,0,622,622,GasA,3,1,SBrkr,622,0,1363,0,0,1,0,3,1,1,6,1,0,Detchd,0.0,528,2.0,2.0,2,0,0,0,0,168,0,0,6,WD,Normal,125500,1,60,0
1410,60,RL,46.0,20544,Pave,2,Lvl,AllPub,CulDSac,2,1,Norm,Norm,1Fam,2Story,7,6,Gable,CompShg,Plywood,Plywood,123.0,1,3,CBlock,2.0,2.0,0.0,0.0,0,1.0,0,791,791,GasA,3,1,SBrkr,857,0,2093,0,0,2,1,3,1,1,7,1,1,Attchd,2.0,542,2.0,2.0,2,364,63,0,0,0,0,0,11,WD,Normal,215000,1,17,0
1411,60,RL,79.0,12420,Pave,3,Lvl,AllPub,Inside,2,0,Norm,Norm,1Fam,2Story,7,5,Gable,CompShg,VinylSd,VinylSd,0.0,2,2,PConc,2.0,2.0,0.0,5.0,666,1.0,0,278,944,GasA,4,1,SBrkr,896,0,1840,1,0,2,1,3,1,2,6,1,0,Attchd,1.0,622,2.0,2.0,2,0,45,0,0,0,0,0,6,WD,Normal,230000,0,8,0
1412,50,RL,80.0,9600,Pave,3,Lvl,AllPub,Inside,2,2,Norm,Norm,1Fam,1.5Fin,6,8,Gable,CompShg,VinylSd,VinylSd,0.0,1,3,CBlock,1.0,2.0,0.0,3.0,120,1.0,0,736,856,GasA,4,1,SBrkr,556,0,1668,0,0,1,1,3,1,1,6,5,0,Attchd,0.0,271,2.0,2.0,2,0,0,0,0,0,0,0,9,WD,Normal,140000,1,4,0
1413,90,RL,60.0,7200,Pave,3,Lvl,AllPub,Inside,2,2,Norm,Norm,Duplex,1Story,4,5,Gable,CompShg,BrkFace,Stone,0.0,1,2,Slab,,,,,0,,0,0,0,Wall,1,0,FuseF,0,0,1040,0,0,2,0,2,2,1,6,1,0,Detchd,0.0,420,2.0,2.0,2,0,0,0,0,0,0,0,6,WD,Normal,90000,1,59,0
1414,20,RL,88.0,10994,Pave,2,Lvl,AllPub,Corner,2,2,Norm,Norm,1Fam,1Story,8,5,Gable,CompShg,VinylSd,VinylSd,366.0,2,2,PConc,2.0,3.0,0.0,5.0,976,1.0,0,868,1844,GasA,4,1,SBrkr,0,0,1844,1,0,2,0,2,1,2,7,1,1,Attchd,2.0,620,2.0,2.0,2,165,44,0,0,0,0,0,9,COD,Abnorml,257000,1,3,0
1415,50,RL,64.0,13053,Pave,3,Bnk,AllPub,Inside,2,1,Norm,Norm,1Fam,1.5Fin,6,7,Gambrel,CompShg,Wd Sdng,Wd Sdng,0.0,1,2,BrkTil,1.0,2.0,0.0,0.0,0,1.0,0,833,833,GasA,3,1,SBrkr,795,0,1848,0,0,1,1,4,1,2,8,1,1,Detchd,0.0,370,2.0,2.0,0,0,0,0,0,220,0,0,6,WD,Normal,207000,1,8,0
1416,120,RL,51.0,3635,Pave,3,Lvl,AllPub,Inside,2,3,Norm,Norm,TwnhsE,1Story,7,5,Hip,CompShg,VinylSd,VinylSd,130.0,2,2,PConc,2.0,2.0,0.0,4.0,988,1.0,0,398,1386,GasA,4,1,SBrkr,0,0,1569,0,1,2,0,1,1,2,7,1,1,Attchd,1.0,660,2.0,2.0,2,143,20,0,0,0,0,0,5,WD,Normal,175900,0,2,0
1417,190,RM,60.0,11340,Pave,3,Lvl,AllPub,Inside,2,1,Norm,Norm,2fmCon,2Story,4,6,Gable,CompShg,VinylSd,AsbShng,0.0,1,2,PConc,1.0,2.0,0.0,0.0,0,1.0,0,777,777,GasA,3,1,SBrkr,1044,0,2290,0,0,2,0,4,2,1,11,1,0,Detchd,0.0,560,2.0,2.0,0,0,0,114,0,0,0,0,4,WD,Normal,122500,1,60,0
1418,60,RL,,16545,Pave,2,Lvl,AllPub,Inside,2,1,Norm,Norm,1Fam,2Story,8,5,Gable,CompShg,VinylSd,VinylSd,731.0,2,2,PConc,2.0,2.0,1.0,5.0,781,1.0,0,503,1284,GasA,4,1,SBrkr,1140,0,2450,1,0,2,1,3,1,2,7,1,1,Attchd,2.0,1069,2.0,2.0,2,0,126,0,0,0,0,0,5,WD,Normal,340000,0,11,0
1419,20,RL,71.0,9204,Pave,3,Lvl,AllPub,Inside,2,2,Norm,Norm,1Fam,1Story,5,5,Gable,CompShg,HdBoard,HdBoard,0.0,1,2,CBlock,1.0,2.0,0.0,3.0,25,2.0,872,247,1144,GasA,2,1,SBrkr,0,0,1144,1,0,1,1,3,1,1,6,1,0,Detchd,0.0,336,2.0,2.0,2,0,88,0,0,0,0,0,8,COD,Normal,124000,0,45,0
1420,20,RL,,16381,Pave,2,Lvl,AllPub,Inside,2,0,Norm,Norm,1Fam,1Story,6,5,Gable,CompShg,Plywood,Plywood,312.0,2,3,CBlock,1.0,2.0,2.0,2.0,1110,1.0,0,734,1844,GasA,3,1,SBrkr,0,0,1844,1,0,2,0,3,1,2,7,1,1,Attchd,1.0,540,2.0,2.0,2,0,73,216,0,0,0,0,12,WD,Normal,223000,0,37,0
1421,60,RL,90.0,11700,Pave,3,Lvl,AllPub,Corner,2,1,Norm,Norm,1Fam,2Story,6,6,Gable,CompShg,HdBoard,HdBoard,420.0,1,2,CBlock,1.0,2.0,0.0,4.0,404,1.0,0,304,708,GasA,3,1,SBrkr,708,0,1416,0,0,2,1,3,1,1,7,1,1,Attchd,1.0,776,2.0,2.0,2,0,169,0,0,119,0,0,5,WD,Normal,179900,0,38,0
1422,120,RL,53.0,4043,Pave,3,Lvl,AllPub,Inside,2,3,Norm,Norm,TwnhsE,1Story,6,5,Gable,CompShg,Plywood,Plywood,0.0,1,2,CBlock,2.0,2.0,0.0,4.0,360,1.0,0,709,1069,GasA,2,1,SBrkr,0,0,1069,0,0,2,0,2,1,1,4,1,1,Attchd,1.0,440,2.0,2.0,2,0,55,0,0,165,0,0,7,WD,Normal,127500,0,33,0
1423,120,RM,37.0,4435,Pave,3,Lvl,AllPub,Inside,2,0,Norm,Norm,TwnhsE,1Story,6,5,Gable,CompShg,VinylSd,VinylSd,170.0,2,2,PConc,2.0,2.0,2.0,5.0,686,1.0,0,162,848,GasA,4,1,SBrkr,0,0,848,1,0,1,0,1,1,2,3,1,0,Attchd,2.0,420,2.0,2.0,2,140,0,0,0,0,0,0,3,WD,Normal,136500,0,5,0
1424,80,RL,,19690,Pave,2,Lvl,AllPub,CulDSac,2,3,Norm,Norm,1Fam,SLvl,6,7,Flat,Tar&Grv,Plywood,Plywood,0.0,2,3,CBlock,2.0,2.0,2.0,0.0,0,1.0,0,697,697,GasA,2,1,SBrkr,626,0,2201,0,0,2,0,4,1,2,8,1,1,Attchd,0.0,432,3.0,3.0,2,586,236,0,0,0,738,0,8,WD,Alloca,274970,0,40,0
1425,20,RL,,9503,Pave,3,Lvl,AllPub,Inside,2,2,Norm,Norm,1Fam,1Story,5,5,Hip,CompShg,HdBoard,HdBoard,0.0,1,2,CBlock,1.0,2.0,0.0,4.0,457,2.0,374,193,1024,GasA,2,1,SBrkr,0,0,1344,1,0,1,0,2,1,1,6,6,1,Detchd,0.0,484,2.0,2.0,2,316,28,0,0,0,0,0,6,WD,Normal,144000,1,24,0
1426,20,RL,80.0,10721,Pave,2,Lvl,AllPub,Inside,2,2,Norm,Norm,1Fam,1Story,6,6,Hip,CompShg,HdBoard,HdBoard,243.0,2,2,CBlock,1.0,2.0,0.0,0.0,0,1.0,0,1252,1252,GasA,4,1,SBrkr,0,0,1252,0,0,1,0,3,1,2,7,1,0,Detchd,0.0,528,2.0,2.0,2,0,39,0,0,0,0,0,10,WD,Normal,142000,0,49,0
1427,60,RL,81.0,10944,Pave,2,Lvl,AllPub,Inside,2,1,Norm,Norm,1Fam,2Story,7,5,Gable,CompShg,VinylSd,VinylSd,448.0,2,2,PConc,2.0,2.0,0.0,5.0,1000,1.0,0,223,1223,GasA,4,1,SBrkr,904,0,2127,1,0,2,1,3,1,2,5,1,2,Attchd,1.0,525,2.0,2.0,2,171,132,0,0,0,0,0,8,WD,Normal,271000,0,14,0
1428,50,RL,60.0,10930,Pave,3,Bnk,AllPub,Inside,2,2,Artery,Norm,1Fam,1.5Fin,5,6,Gable,CompShg,MetalSd,MetalSd,0.0,1,2,CBlock,1.0,2.0,0.0,3.0,580,1.0,0,333,913,GasA,2,1,FuseA,510,0,1558,1,0,1,1,3,1,1,6,1,1,Attchd,0.0,288,2.0,2.0,2,0,0,0,0,0,0,0,4,WD,Normal,140000,1,58,0
1429,30,RM,60.0,7200,Pave,3,Lvl,AllPub,Corner,2,1,Norm,Norm,1Fam,1Story,5,7,Gable,CompShg,MetalSd,MetalSd,294.0,1,3,CBlock,1.0,2.0,0.0,3.0,510,1.0,0,278,788,GasA,2,1,SBrkr,0,0,804,1,0,1,0,2,1,2,4,1,2,Attchd,0.0,240,2.0,2.0,2,0,0,154,0,0,0,0,2,WD,Abnorml,119000,1,18,0
1430,20,RL,,12546,Pave,2,Lvl,AllPub,Corner,2,1,Norm,Norm,1Fam,1Story,6,7,Gable,CompShg,MetalSd,MetalSd,310.0,2,3,CBlock,2.0,2.0,0.0,3.0,678,1.0,0,762,1440,GasA,4,1,SBrkr,0,0,1440,0,0,2,0,3,1,2,7,1,1,Attchd,2.0,467,2.0,2.0,2,0,0,99,0,0,0,0,4,WD,Normal,182900,0,26,0
1431,60,RL,60.0,21930,Pave,0,Lvl,AllPub,Inside,2,3,RRAn,Norm,1Fam,2Story,5,5,Gable,CompShg,VinylSd,VinylSd,0.0,2,2,PConc,2.0,3.0,2.0,0.0,0,1.0,0,732,732,GasA,4,1,SBrkr,1104,0,1838,0,0,2,1,4,1,1,7,1,1,BuiltIn,2.0,372,2.0,2.0,2,100,40,0,0,0,0,0,7,WD,Normal,192140,0,1,0
1432,120,RL,,4928,Pave,2,Lvl,AllPub,Inside,2,3,Norm,Norm,TwnhsE,1Story,6,6,Gable,CompShg,Plywood,Plywood,0.0,1,2,CBlock,2.0,2.0,0.0,1.0,958,1.0,0,0,958,GasA,2,1,SBrkr,0,0,958,0,0,2,0,2,1,1,5,1,0,Attchd,1.0,440,2.0,2.0,2,0,60,0,0,0,0,0,10,WD,Normal,143750,0,33,0
1433,30,RL,60.0,10800,Pave,3,Lvl,AllPub,Inside,2,1,Norm,Norm,1Fam,1Story,4,6,Gable,CompShg,Wd Sdng,Wd Sdng,0.0,1,2,BrkTil,1.0,2.0,0.0,0.0,0,1.0,0,656,656,GasA,2,1,SBrkr,0,0,968,0,0,2,0,4,1,1,5,1,0,Detchd,0.0,216,1.0,1.0,2,0,0,0,0,0,0,0,8,WD,Normal,64500,1,0,0
1434,60,RL,93.0,10261,Pave,2,Lvl,AllPub,Inside,2,3,Norm,Norm,1Fam,2Story,6,5,Gable,CompShg,VinylSd,VinylSd,318.0,1,2,PConc,2.0,2.0,0.0,0.0,0,1.0,0,936,936,GasA,4,1,SBrkr,830,0,1792,1,0,2,1,3,1,1,8,1,1,Attchd,2.0,451,2.0,2.0,2,0,0,0,0,0,0,0,5,WD,Normal,186500,0,8,0
1435,20,RL,80.0,17400,Pave,3,Low,AllPub,Inside,1,1,Norm,Norm,1Fam,1Story,5,5,Gable,CompShg,BrkFace,BrkFace,0.0,1,2,CBlock,1.0,2.0,0.0,4.0,936,1.0,0,190,1126,GasA,1,1,SBrkr,0,0,1126,1,0,2,0,3,1,1,5,1,1,Attchd,1.0,484,2.0,2.0,1,295,41,0,0,0,0,0,5,WD,Normal,160000,0,29,0
1436,20,RL,80.0,8400,Pave,3,Lvl,AllPub,Inside,2,2,Norm,Norm,1Fam,1Story,6,9,Gable,CompShg,Wd Sdng,Wd Sdng,237.0,2,3,CBlock,1.0,2.0,0.0,0.0,0,1.0,0,1319,1319,GasA,2,1,SBrkr,0,0,1537,1,0,1,1,3,1,2,7,1,1,Attchd,1.0,462,2.0,2.0,2,0,36,0,0,0,0,0,7,COD,Abnorml,174000,1,3,0
1437,20,RL,60.0,9000,Pave,3,Lvl,AllPub,FR2,2,2,Norm,Norm,1Fam,1Story,4,6,Gable,CompShg,HdBoard,HdBoard,0.0,1,2,PConc,1.0,2.0,0.0,4.0,616,1.0,0,248,864,GasA,2,1,SBrkr,0,0,864,0,0,1,0,3,1,1,5,1,0,Detchd,0.0,528,2.0,2.0,2,0,0,0,0,0,0,0,5,WD,Normal,120500,0,36,0
1438,20,RL,96.0,12444,Pave,3,Lvl,AllPub,FR2,2,2,Norm,Norm,1Fam,1Story,8,5,Hip,CompShg,VinylSd,VinylSd,426.0,3,2,PConc,3.0,2.0,2.0,5.0,1336,1.0,0,596,1932,GasA,4,1,SBrkr,0,0,1932,1,0,2,0,2,1,3,7,1,1,Attchd,2.0,774,2.0,2.0,2,0,66,0,304,0,0,0,11,New,Partial,394617,0,0,1
1439,20,RM,90.0,7407,Pave,3,Lvl,AllPub,Inside,2,1,Artery,Norm,1Fam,1Story,6,7,Gable,CompShg,MetalSd,MetalSd,0.0,1,2,CBlock,1.0,2.0,0.0,5.0,600,1.0,0,312,912,GasA,2,1,FuseA,0,0,1236,1,0,1,0,2,1,1,6,1,0,Attchd,0.0,923,2.0,2.0,2,0,158,158,0,0,0,0,4,WD,Normal,149700,1,14,0
1440,60,RL,80.0,11584,Pave,3,Lvl,AllPub,Inside,2,1,Norm,Norm,1Fam,SLvl,7,6,Hip,CompShg,HdBoard,HdBoard,96.0,1,2,CBlock,1.0,2.0,0.0,5.0,315,2.0,110,114,539,GasA,2,1,SBrkr,685,0,1725,0,0,2,1,3,1,1,6,1,1,Attchd,1.0,550,2.0,2.0,2,0,88,216,0,0,0,0,11,WD,Normal,197000,0,28,0
1441,70,RL,79.0,11526,Pave,2,Bnk,AllPub,Inside,1,0,Norm,Norm,1Fam,2.5Fin,6,7,Gable,CompShg,MetalSd,MetalSd,0.0,1,2,BrkTil,3.0,2.0,0.0,0.0,0,1.0,0,588,588,GasA,1,1,SBrkr,748,384,2555,0,0,2,0,3,1,1,11,6,1,Detchd,2.0,672,2.0,2.0,2,431,0,0,0,0,0,0,9,WD,Normal,191000,1,14,0
1442,120,RM,,4426,Pave,3,Lvl,AllPub,Inside,2,0,Norm,Norm,TwnhsE,1Story,6,5,Gable,CompShg,VinylSd,VinylSd,147.0,2,2,PConc,2.0,2.0,2.0,5.0,697,1.0,0,151,848,GasA,4,1,SBrkr,0,0,848,1,0,1,0,1,1,2,3,1,1,Attchd,1.0,420,2.0,2.0,2,149,0,0,0,0,0,0,5,WD,Normal,149300,0,4,0
1443,60,FV,85.0,11003,Pave,3,Lvl,AllPub,Inside,2,1,Norm,Norm,1Fam,2Story,10,5,Gable,CompShg,VinylSd,VinylSd,160.0,3,2,PConc,3.0,2.0,2.0,5.0,765,1.0,0,252,1017,GasA,4,1,SBrkr,981,0,2007,1,0,2,1,3,1,3,10,1,1,Attchd,2.0,812,2.0,2.0,2,168,52,0,0,0,0,0,4,WD,Normal,310000,0,1,0
1444,30,RL,,8854,Pave,3,Lvl,AllPub,Inside,2,1,Norm,Norm,1Fam,1.5Unf,6,6,Gable,CompShg,Wd Sdng,Wd Sdng,0.0,1,2,BrkTil,1.0,2.0,0.0,0.0,0,1.0,0,952,952,Grav,1,0,FuseF,0,0,952,0,0,1,0,2,1,0,4,1,1,Detchd,0.0,192,1.0,0.0,1,0,98,0,0,40,0,0,5,WD,Normal,121000,1,59,0
1445,20,RL,63.0,8500,Pave,3,Lvl,AllPub,FR2,2,0,Norm,Norm,1Fam,1Story,7,5,Gable,CompShg,VinylSd,VinylSd,106.0,2,2,PConc,2.0,2.0,2.0,0.0,0,1.0,0,1422,1422,GasA,4,1,SBrkr,0,0,1422,0,0,2,0,3,1,2,7,1,0,Attchd,1.0,626,2.0,2.0,2,192,60,0,0,0,0,0,11,WD,Normal,179600,0,3,0
1446,85,RL,70.0,8400,Pave,3,Lvl,AllPub,Inside,2,2,Norm,Norm,1Fam,SFoyer,6,5,Gable,CompShg,VinylSd,VinylSd,0.0,1,2,CBlock,1.0,2.0,3.0,1.0,187,2.0,627,0,814,GasA,3,1,SBrkr,0,0,913,1,0,1,0,3,1,1,6,1,0,Detchd,0.0,240,2.0,2.0,2,0,0,252,0,0,0,0,5,WD,Normal,129000,0,41,0
1447,20,RL,,26142,Pave,2,Lvl,AllPub,CulDSac,2,1,Norm,Norm,1Fam,1Story,5,7,Gable,CompShg,HdBoard,HdBoard,189.0,1,2,CBlock,1.0,2.0,0.0,2.0,593,1.0,0,595,1188,GasA,2,1,SBrkr,0,0,1188,0,0,1,0,3,1,1,6,1,0,Attchd,0.0,312,2.0,2.0,1,261,39,0,0,0,0,0,4,WD,Normal,157900,0,48,0
1448,60,RL,80.0,10000,Pave,3,Lvl,AllPub,Inside,2,0,Norm,Norm,1Fam,2Story,8,5,Gable,CompShg,VinylSd,VinylSd,438.0,2,2,PConc,2.0,2.0,0.0,5.0,1079,1.0,0,141,1220,GasA,4,1,SBrkr,870,0,2090,1,0,2,1,3,1,2,8,1,1,Attchd,1.0,556,2.0,2.0,2,0,65,0,0,0,0,0,12,WD,Normal,240000,1,11,0
1449,50,RL,70.0,11767,Pave,3,Lvl,AllPub,Inside,2,3,Norm,Norm,1Fam,2Story,4,7,Gable,CompShg,MetalSd,HdBoard,0.0,1,2,CBlock,0.0,2.0,0.0,0.0,0,1.0,0,560,560,GasA,3,0,SBrkr,550,0,1346,0,0,1,1,2,1,1,6,5,0,Detchd,0.0,384,1.0,2.0,2,168,24,0,0,0,0,0,5,WD,Normal,112000,1,7,0
1450,180,RM,21.0,1533,Pave,3,Lvl,AllPub,Inside,2,2,Norm,Norm,Twnhs,SFoyer,5,7,Gable,CompShg,CemntBd,CmentBd,0.0,1,2,CBlock,2.0,2.0,2.0,5.0,553,1.0,0,77,630,GasA,4,1,SBrkr,0,0,630,1,0,1,0,1,1,3,3,1,0,,,0,,,2,0,0,0,0,0,0,0,8,WD,Abnorml,92000,0,36,0
1451,90,RL,60.0,9000,Pave,3,Lvl,AllPub,FR2,2,2,Norm,Norm,Duplex,2Story,5,5,Gable,CompShg,VinylSd,VinylSd,0.0,1,2,CBlock,2.0,2.0,0.0,0.0,0,1.0,0,896,896,GasA,2,1,SBrkr,896,0,1792,0,0,2,2,4,2,1,8,1,0,,,0,,,2,32,45,0,0,0,0,0,9,WD,Normal,136000,0,35,0
1452,20,RL,78.0,9262,Pave,3,Lvl,AllPub,Inside,2,1,Norm,Norm,1Fam,1Story,8,5,Gable,CompShg,CemntBd,CmentBd,194.0,2,2,PConc,2.0,2.0,0.0,0.0,0,1.0,0,1573,1573,GasA,4,1,SBrkr,0,0,1578,0,0,2,0,3,1,3,7,1,1,Attchd,2.0,840,2.0,2.0,2,0,36,0,0,0,0,0,5,New,Partial,287090,1,0,0
1453,180,RM,35.0,3675,Pave,3,Lvl,AllPub,Inside,2,3,Norm,Norm,TwnhsE,SLvl,5,5,Gable,CompShg,VinylSd,VinylSd,80.0,1,2,PConc,2.0,2.0,3.0,5.0,547,1.0,0,0,547,GasA,3,1,SBrkr,0,0,1072,1,0,1,0,2,1,1,5,1,0,Basment,2.0,525,2.0,2.0,2,0,28,0,0,0,0,0,5,WD,Normal,145000,0,1,0
1454,20,RL,90.0,17217,Pave,3,Lvl,AllPub,Inside,2,1,Norm,Norm,1Fam,1Story,5,5,Gable,CompShg,VinylSd,VinylSd,0.0,1,2,PConc,2.0,2.0,0.0,0.0,0,1.0,0,1140,1140,GasA,4,1,SBrkr,0,0,1140,0,0,1,0,3,1,1,6,1,0,,,0,,,2,36,56,0,0,0,0,0,7,WD,Abnorml,84500,0,0,1
1455,20,FV,62.0,7500,Pave,3,Lvl,AllPub,Inside,2,1,Norm,Norm,1Fam,1Story,7,5,Gable,CompShg,VinylSd,VinylSd,0.0,2,2,PConc,2.0,2.0,0.0,5.0,410,1.0,0,811,1221,GasA,4,1,SBrkr,0,0,1221,1,0,2,0,2,1,2,6,1,0,Attchd,1.0,400,2.0,2.0,2,0,113,0,0,0,0,0,10,WD,Normal,185000,1,4,0
1456,60,RL,62.0,7917,Pave,3,Lvl,AllPub,Inside,2,3,Norm,Norm,1Fam,2Story,6,5,Gable,CompShg,VinylSd,VinylSd,0.0,1,2,PConc,2.0,2.0,0.0,0.0,0,1.0,0,953,953,GasA,4,1,SBrkr,694,0,1647,0,0,2,1,3,1,1,7,1,1,Attchd,1.0,460,2.0,2.0,2,0,40,0,0,0,0,0,8,WD,Normal,175000,1,7,0
1457,20,RL,85.0,13175,Pave,3,Lvl,AllPub,Inside,2,1,Norm,Norm,1Fam,1Story,6,6,Gable,CompShg,Plywood,Plywood,119.0,1,2,CBlock,2.0,2.0,0.0,4.0,790,2.0,163,589,1542,GasA,2,1,SBrkr,0,0,2073,1,0,2,0,3,1,1,7,6,2,Attchd,0.0,500,2.0,2.0,2,349,0,0,0,0,0,0,2,WD,Normal,210000,1,22,0
1458,70,RL,66.0,9042,Pave,3,Lvl,AllPub,Inside,2,0,Norm,Norm,1Fam,2Story,7,9,Gable,CompShg,CemntBd,CmentBd,0.0,3,3,Stone,1.0,3.0,0.0,5.0,275,1.0,0,877,1152,GasA,4,1,SBrkr,1152,0,2340,0,0,2,0,4,1,2,9,1,2,Attchd,1.0,252,2.0,2.0,2,0,60,0,0,0,0,2500,5,WD,Normal,266500,1,4,0
1459,20,RL,68.0,9717,Pave,3,Lvl,AllPub,Inside,2,2,Norm,Norm,1Fam,1Story,5,6,Hip,CompShg,MetalSd,MetalSd,0.0,1,2,CBlock,1.0,2.0,1.0,5.0,49,2.0,1029,0,1078,GasA,3,1,FuseA,0,0,1078,1,0,1,0,2,1,2,5,1,0,Attchd,0.0,240,2.0,2.0,2,366,0,112,0,0,0,0,4,WD,Normal,142125,1,14,0
1460,20,RL,75.0,9937,Pave,3,Lvl,AllPub,Inside,2,3,Norm,Norm,1Fam,1Story,5,6,Gable,CompShg,HdBoard,HdBoard,0.0,2,2,CBlock,1.0,2.0,0.0,3.0,830,0.0,290,136,1256,GasA,3,1,SBrkr,0,0,1256,1,0,1,1,3,1,1,6,1,0,Attchd,2.0,276,2.0,2.0,2,736,68,0,0,0,0,0,6,WD,Normal,147500,0,43,0
